2026-01-18 18:33:44,235 - Knowledge - INFO - Created shared MongoDB connection pool
2026-01-18 18:33:44,605 - Knowledge - INFO - Starting Knowledge Graph processing with 20 threads
2026-01-18 18:33:44,775 - Knowledge - INFO - Initial configuration: chunk_size=65536, max_cache_size=500
2026-01-18 18:33:44,986 - Knowledge - INFO - Knowledge Graph concurrency configuration: workers=20, max_batch_size=10, max_concurrent_llm_calls=50
2026-01-18 18:33:46,632 - Knowledge - INFO - 🔍 _load_persisted_knowledge called - checking for Redis optimization
2026-01-18 18:33:46,825 - Knowledge - WARNING - ❌ load_from_redis method not found - Redis support not attached
2026-01-18 18:33:47,000 - Knowledge - INFO - load persisted knowledge: begin
2026-01-18 18:33:47,212 - Knowledge - INFO - Loaded 0 files from persisted knowledge
2026-01-18 18:33:47,377 - Knowledge - INFO - load persisted knowledge: end
2026-01-18 18:33:47,628 - Knowledge - WARNING - No persisted knowledge found. Files will be queued during start()
2026-01-18 18:33:47,813 - Knowledge - INFO - Redis support added with prefix knowledge:b5849in:
2026-01-18 18:33:49,646 - Knowledge - INFO - Starting knowledge initialization for ID: DcD43m-b5849in
2026-01-18 18:33:49,833 - Knowledge - INFO - 🔍 Checking Redis for build_id: b5849in
2026-01-18 18:33:50,066 - Knowledge - INFO - 🔍 Full session ID: DcD43m-b5849in
2026-01-18 18:33:50,247 - Knowledge - INFO - 🔍 Redis prefix will be: knowledge:b5849in:
2026-01-18 18:33:50,454 - Knowledge - INFO - 🔍 Using attached load_from_redis() method
2026-01-18 18:33:50,610 - Knowledge - INFO - 🔍 Attempting to load knowledge from Redis...
2026-01-18 18:33:50,802 - Knowledge - INFO - 🔍 Using derived instance_id for Redis lookup: b5849in
2026-01-18 18:33:50,999 - Knowledge - WARNING - ❌ No Redis cache found
2026-01-18 18:33:51,157 - Knowledge - INFO - 📁 Loading knowledge from disk...
2026-01-18 18:33:51,409 - Knowledge - INFO - load persisted docinfo: begin
2026-01-18 18:33:51,591 - Knowledge - INFO - load persisted docinfo: end
2026-01-18 18:33:51,786 - Knowledge - INFO - 🔍 _load_persisted_knowledge called - checking for Redis optimization
2026-01-18 18:33:51,939 - Knowledge - INFO - ✅ load_from_redis method found - attempting Redis load
2026-01-18 18:33:52,124 - Knowledge - INFO - 🔍 Attempting to load knowledge from Redis...
2026-01-18 18:33:52,300 - Knowledge - INFO - 🔍 Using derived instance_id for Redis lookup: b5849in
2026-01-18 18:33:52,504 - Knowledge - WARNING - ❌ No Redis cache found
2026-01-18 18:33:52,735 - Knowledge - INFO - ❌ Redis load returned False - falling back to file loading
2026-01-18 18:33:52,925 - Knowledge - INFO - load persisted knowledge: begin
2026-01-18 18:33:53,121 - Knowledge - INFO - Loaded 0 files from persisted knowledge
2026-01-18 18:33:53,290 - Knowledge - INFO - load persisted knowledge: end
2026-01-18 18:33:53,473 - Knowledge - INFO - 📁 Disk load complete in 2.12s
2026-01-18 18:33:53,672 - Knowledge - INFO - Populating ingest queue with source files...
2026-01-18 18:33:54,789 - Knowledge - INFO - Added 1306 files from /app/data/T0015/307419/b5849in/keystone to ingest queue
2026-01-18 18:33:54,984 - Knowledge - INFO - [WEBSOCKET] Sent: Type=progress_update, Size: 161, Duration: 0ms
2026-01-18 18:33:55,158 - Knowledge - INFO - Worker kw1 created using shared MongoDB connection pool
2026-01-18 18:33:55,367 - Knowledge - INFO - knowledge worker kw1 start
2026-01-18 18:33:55,367 - Knowledge - INFO - Worker kw2 created using shared MongoDB connection pool
2026-01-18 18:33:55,513 - Knowledge - INFO - [kw1] Queue=1306, InProgress=0, PendingWorkers=0/1, Completed=0/1306 (0.0%)
2026-01-18 18:33:55,648 - Knowledge - INFO - knowledge worker kw2 start
2026-01-18 18:33:55,649 - Knowledge - INFO - Worker kw3 created using shared MongoDB connection pool
2026-01-18 18:33:55,751 - Knowledge - INFO - Batch sizing: calculated=10, max_allowed=10, queue=1306, active_workers=0/2
2026-01-18 18:33:55,873 - Knowledge - INFO - [kw2] Queue=1306, InProgress=0, PendingWorkers=0/2, Completed=0/1306 (0.0%)
2026-01-18 18:33:55,980 - Knowledge - INFO - knowledge worker kw3 start
2026-01-18 18:33:55,980 - Knowledge - INFO - Worker kw4 created using shared MongoDB connection pool
2026-01-18 18:33:56,070 - Knowledge - INFO - Worker kw1 processing /app/data/T0015/307419/b5849in/keystone/vitest.config.ts
2026-01-18 18:33:56,162 - Knowledge - INFO - Batch sizing: calculated=10, max_allowed=10, queue=1306, active_workers=1/3
2026-01-18 18:33:56,252 - Knowledge - INFO - [kw3] Queue=1296, InProgress=0, PendingWorkers=1/3, Completed=0/1306 (0.0%)
2026-01-18 18:33:56,355 - Knowledge - INFO - knowledge worker kw4 start
2026-01-18 18:33:56,356 - Knowledge - INFO - Worker kw5 created using shared MongoDB connection pool
2026-01-18 18:33:56,450 - Knowledge - INFO - Fast-tracked /app/data/T0015/307419/b5849in/keystone/vitest.config.ts (ext=.ts, size=352)
2026-01-18 18:33:56,535 - Knowledge - INFO - Worker kw2 processing /app/data/T0015/307419/b5849in/keystone/CODE-OF-CONDUCT.md
2026-01-18 18:33:56,626 - Knowledge - INFO - Batch sizing: calculated=10, max_allowed=10, queue=1296, active_workers=2/4
2026-01-18 18:33:56,748 - Knowledge - INFO - [kw4] Queue=1286, InProgress=0, PendingWorkers=2/4, Completed=0/1306 (0.0%)
2026-01-18 18:33:56,870 - Knowledge - INFO - knowledge worker kw5 start
2026-01-18 18:33:56,870 - Knowledge - INFO - Worker kw6 created using shared MongoDB connection pool
2026-01-18 18:33:56,965 - Knowledge - INFO - Worker kw1 processing /app/data/T0015/307419/b5849in/keystone/scripts/prepare-release.js
2026-01-18 18:33:57,082 - Knowledge - INFO - Fast-tracked /app/data/T0015/307419/b5849in/keystone/CODE-OF-CONDUCT.md (ext=.md, size=5525)
2026-01-18 18:33:57,200 - Knowledge - INFO - Worker kw3 processing /app/data/T0015/307419/b5849in/keystone/docs/components/Announce.tsx
2026-01-18 18:33:57,306 - Knowledge - INFO - Batch sizing: calculated=10, max_allowed=10, queue=1286, active_workers=3/5
2026-01-18 18:33:57,406 - Knowledge - INFO - [kw5] Queue=1276, InProgress=0, PendingWorkers=3/5, Completed=0/1306 (0.0%)
2026-01-18 18:33:57,492 - Knowledge - INFO - knowledge worker kw6 start
2026-01-18 18:33:57,492 - Knowledge - INFO - Worker kw7 created using shared MongoDB connection pool
2026-01-18 18:33:57,567 - Knowledge - INFO - Worker kw1 processing /app/data/T0015/307419/b5849in/keystone/pnpm-workspace.yaml
2026-01-18 18:33:57,680 - Knowledge - INFO - Worker kw2 processing /app/data/T0015/307419/b5849in/keystone/docs/scripts/replace-show-next-release/markdoc.test.ts
2026-01-18 18:33:57,780 - Knowledge - INFO - Fast-tracked /app/data/T0015/307419/b5849in/keystone/docs/components/Announce.tsx (ext=.tsx, size=972)
2026-01-18 18:33:57,860 - Knowledge - INFO - Worker kw4 processing /app/data/T0015/307419/b5849in/keystone/docs/components/primitives/Button.tsx
2026-01-18 18:33:57,971 - Knowledge - INFO - Batch sizing: calculated=10, max_allowed=10, queue=1276, active_workers=4/6
2026-01-18 18:33:58,094 - Knowledge - INFO - [kw6] Queue=1266, InProgress=0, PendingWorkers=4/6, Completed=0/1306 (0.0%)
2026-01-18 18:33:58,154 - Knowledge - INFO - knowledge worker kw7 start
2026-01-18 18:33:58,154 - Knowledge - INFO - Worker kw8 created using shared MongoDB connection pool
2026-01-18 18:33:58,274 - Knowledge - INFO - Fast-tracked /app/data/T0015/307419/b5849in/keystone/pnpm-workspace.yaml (ext=.yaml, size=290)
2026-01-18 18:33:58,389 - Knowledge - INFO - Fast-tracked /app/data/T0015/307419/b5849in/keystone/docs/scripts/replace-show-next-release/markdoc.test.ts (ext=.ts, size=1716)
2026-01-18 18:33:58,464 - Knowledge - INFO - Worker kw3 processing /app/data/T0015/307419/b5849in/keystone/docs/components/Footer.tsx
2026-01-18 18:33:58,543 - Knowledge - INFO - Worker kw4 processing /app/data/T0015/307419/b5849in/keystone/docs/components/primitives/Alert.tsx
2026-01-18 18:33:58,635 - Knowledge - INFO - Worker kw5 processing /app/data/T0015/307419/b5849in/keystone/docs/components/icons/PrintBarLogo.tsx
2026-01-18 18:33:58,733 - Knowledge - INFO - Batch sizing: calculated=10, max_allowed=10, queue=1266, active_workers=5/7
2026-01-18 18:33:58,824 - Knowledge - INFO - [kw7] Queue=1256, InProgress=0, PendingWorkers=5/7, Completed=0/1306 (0.0%)
2026-01-18 18:33:58,913 - Knowledge - INFO - knowledge worker kw8 start
2026-01-18 18:33:58,913 - Knowledge - INFO - Worker kw9 created using shared MongoDB connection pool
2026-01-18 18:33:58,988 - Knowledge - INFO - Worker kw1 processing /app/data/T0015/307419/b5849in/keystone/package.json
2026-01-18 18:33:59,096 - Knowledge - INFO - Worker kw2 processing /app/data/T0015/307419/b5849in/keystone/docs/scripts/replace-show-next-release/markdoc.ts
2026-01-18 18:33:59,206 - Knowledge - INFO - Worker kw3 processing /app/data/T0015/307419/b5849in/keystone/docs/components/primitives/Badge.tsx
2026-01-18 18:33:59,299 - Knowledge - INFO - Fast-tracked /app/data/T0015/307419/b5849in/keystone/docs/components/primitives/Alert.tsx (ext=.tsx, size=425)
2026-01-18 18:33:59,425 - Knowledge - INFO - Fast-tracked /app/data/T0015/307419/b5849in/keystone/docs/components/icons/PrintBarLogo.tsx (ext=.tsx, size=1859)
2026-01-18 18:33:59,524 - Knowledge - INFO - Worker kw6 processing /app/data/T0015/307419/b5849in/keystone/docs/components/icons/Typescript.tsx
2026-01-18 18:33:59,648 - Knowledge - INFO - Batch sizing: calculated=10, max_allowed=10, queue=1256, active_workers=6/8
2026-01-18 18:33:59,735 - Knowledge - INFO - [kw8] Queue=1246, InProgress=0, PendingWorkers=6/8, Completed=0/1306 (0.0%)
2026-01-18 18:33:59,853 - Knowledge - INFO - knowledge worker kw9 start
2026-01-18 18:33:59,853 - Knowledge - INFO - Worker kw10 created using shared MongoDB connection pool
2026-01-18 18:33:59,932 - Knowledge - INFO - Fast-tracked /app/data/T0015/307419/b5849in/keystone/package.json (ext=.json, size=2608)
2026-01-18 18:34:00,047 - Knowledge - INFO - Fast-tracked /app/data/T0015/307419/b5849in/keystone/docs/scripts/replace-show-next-release/markdoc.ts (ext=.ts, size=711)
2026-01-18 18:34:00,147 - Knowledge - INFO - Fast-tracked /app/data/T0015/307419/b5849in/keystone/docs/components/primitives/Badge.tsx (ext=.tsx, size=875)
2026-01-18 18:34:00,236 - Knowledge - INFO - Worker kw4 processing /app/data/T0015/307419/b5849in/keystone/docs/components/primitives/Highlight.tsx
2026-01-18 18:34:00,327 - Knowledge - INFO - Worker kw5 processing /app/data/T0015/307419/b5849in/keystone/docs/components/icons/GitHub.tsx
2026-01-18 18:34:00,442 - Knowledge - INFO - Fast-tracked /app/data/T0015/307419/b5849in/keystone/docs/components/icons/Typescript.tsx (ext=.tsx, size=834)
2026-01-18 18:34:00,508 - Knowledge - INFO - Worker kw7 processing /app/data/T0015/307419/b5849in/keystone/docs/components/icons/LightMode.tsx
2026-01-18 18:34:00,590 - Knowledge - INFO - Batch sizing: calculated=10, max_allowed=10, queue=1246, active_workers=7/9
2026-01-18 18:34:00,658 - Knowledge - INFO - [kw9] Queue=1236, InProgress=0, PendingWorkers=7/9, Completed=0/1306 (0.0%)
2026-01-18 18:34:00,775 - Knowledge - INFO - knowledge worker kw10 start
2026-01-18 18:34:00,775 - Knowledge - INFO - Worker kw11 created using shared MongoDB connection pool
2026-01-18 18:34:00,864 - Knowledge - INFO - Worker kw1 processing /app/data/T0015/307419/b5849in/keystone/renovate.json
2026-01-18 18:34:00,947 - Knowledge - INFO - Worker kw2 processing /app/data/T0015/307419/b5849in/keystone/docs/scripts/replace-show-next-release/index.ts
2026-01-18 18:34:01,036 - Knowledge - INFO - Worker kw3 processing /app/data/T0015/307419/b5849in/keystone/docs/components/primitives/Code.tsx
2026-01-18 18:34:01,124 - Knowledge - INFO - Fast-tracked /app/data/T0015/307419/b5849in/keystone/docs/components/primitives/Highlight.tsx (ext=.tsx, size=1331)
2026-01-18 18:34:01,238 - Knowledge - INFO - Fast-tracked /app/data/T0015/307419/b5849in/keystone/docs/components/icons/GitHub.tsx (ext=.tsx, size=944)
2026-01-18 18:34:01,322 - Knowledge - INFO - Worker kw6 processing /app/data/T0015/307419/b5849in/keystone/docs/components/icons/Postgres.tsx
2026-01-18 18:34:01,416 - Knowledge - INFO - Fast-tracked /app/data/T0015/307419/b5849in/keystone/docs/components/icons/LightMode.tsx (ext=.tsx, size=711)
2026-01-18 18:34:01,511 - Knowledge - INFO - Worker kw8 processing /app/data/T0015/307419/b5849in/keystone/docs/components/icons/FrontEndLogos.tsx
2026-01-18 18:34:01,622 - Knowledge - INFO - Batch sizing: calculated=10, max_allowed=10, queue=1236, active_workers=8/10
2026-01-18 18:34:01,709 - Knowledge - INFO - [kw10] Queue=1226, InProgress=0, PendingWorkers=8/10, Completed=0/1306 (0.0%)
2026-01-18 18:34:01,799 - Knowledge - INFO - knowledge worker kw11 start
2026-01-18 18:34:01,810 - Knowledge - INFO - Worker kw12 created using shared MongoDB connection pool
2026-01-18 18:34:01,897 - Knowledge - INFO - Fast-tracked /app/data/T0015/307419/b5849in/keystone/renovate.json (ext=.json, size=379)
2026-01-18 18:34:01,978 - Knowledge - INFO - Fast-tracked /app/data/T0015/307419/b5849in/keystone/docs/scripts/replace-show-next-release/index.ts (ext=.ts, size=1158)
2026-01-18 18:34:02,058 - Knowledge - INFO - Worker kw3 processing /app/data/T0015/307419/b5849in/keystone/docs/components/primitives/GitHubButton.tsx
2026-01-18 18:34:02,158 - Knowledge - INFO - Worker kw4 processing /app/data/T0015/307419/b5849in/keystone/docs/components/primitives/Stack.tsx
2026-01-18 18:34:02,241 - Knowledge - INFO - Worker kw5 processing /app/data/T0015/307419/b5849in/keystone/docs/components/icons/Twitter.tsx
2026-01-18 18:34:02,322 - Knowledge - INFO - Worker kw6 processing /app/data/T0015/307419/b5849in/keystone/docs/components/icons/Video.tsx
2026-01-18 18:34:02,404 - Knowledge - INFO - Worker kw7 processing /app/data/T0015/307419/b5849in/keystone/docs/components/icons/YouTube.tsx
2026-01-18 18:34:02,484 - Knowledge - INFO - Worker kw8 processing /app/data/T0015/307419/b5849in/keystone/docs/components/icons/Prisma.tsx
2026-01-18 18:34:02,606 - Knowledge - INFO - Worker kw9 processing /app/data/T0015/307419/b5849in/keystone/docs/components/icons/DFATLogo.tsx
2026-01-18 18:34:02,690 - Knowledge - INFO - Batch sizing: calculated=10, max_allowed=10, queue=1226, active_workers=9/11
2026-01-18 18:34:02,784 - Knowledge - INFO - [kw11] Queue=1216, InProgress=0, PendingWorkers=9/11, Completed=0/1306 (0.0%)
2026-01-18 18:34:02,899 - Knowledge - INFO - knowledge worker kw12 start
2026-01-18 18:34:02,899 - Knowledge - INFO - Worker kw13 created using shared MongoDB connection pool
2026-01-18 18:34:02,985 - Knowledge - INFO - Worker kw1 processing /app/data/T0015/307419/b5849in/keystone/pnpm-lock.yaml
2026-01-18 18:34:03,058 - Knowledge - INFO - Worker kw2 processing /app/data/T0015/307419/b5849in/keystone/docs/scripts/rss.ts
2026-01-18 18:34:03,159 - Knowledge - INFO - Worker kw3 processing /app/data/T0015/307419/b5849in/keystone/docs/components/primitives/Wrapper.tsx
2026-01-18 18:34:03,246 - Knowledge - INFO - Fast-tracked /app/data/T0015/307419/b5849in/keystone/docs/components/primitives/Stack.tsx (ext=.tsx, size=820)
2026-01-18 18:34:03,336 - Knowledge - INFO - Fast-tracked /app/data/T0015/307419/b5849in/keystone/docs/components/icons/Twitter.tsx (ext=.tsx, size=827)
2026-01-18 18:34:03,441 - Knowledge - INFO - Fast-tracked /app/data/T0015/307419/b5849in/keystone/docs/components/icons/Video.tsx (ext=.tsx, size=781)
2026-01-18 18:34:03,539 - Knowledge - INFO - Fast-tracked /app/data/T0015/307419/b5849in/keystone/docs/components/icons/YouTube.tsx (ext=.tsx, size=752)
2026-01-18 18:34:03,627 - Knowledge - INFO - Fast-tracked /app/data/T0015/307419/b5849in/keystone/docs/components/icons/Prisma.tsx (ext=.tsx, size=1141)
2026-01-18 18:34:03,739 - Knowledge - INFO - Worker kw9 processing /app/data/T0015/307419/b5849in/keystone/docs/components/icons/RugbyAuLogo.tsx
2026-01-18 18:34:03,848 - Knowledge - INFO - Worker kw10 processing /app/data/T0015/307419/b5849in/keystone/docs/components/icons/util.tsx
2026-01-18 18:34:03,962 - Knowledge - INFO - Batch sizing: calculated=10, max_allowed=10, queue=1216, active_workers=10/12
2026-01-18 18:34:04,072 - Knowledge - INFO - [kw12] Queue=1206, InProgress=0, PendingWorkers=10/12, Completed=0/1306 (0.0%)
2026-01-18 18:34:04,141 - Knowledge - INFO - knowledge worker kw13 start
2026-01-18 18:34:04,142 - Knowledge - INFO - Worker kw14 created using shared MongoDB connection pool
2026-01-18 18:34:04,257 - Knowledge - INFO - Fast-tracked /app/data/T0015/307419/b5849in/keystone/pnpm-lock.yaml (ext=.yaml, size=892502)
2026-01-18 18:34:04,343 - Knowledge - INFO - Fast-tracked /app/data/T0015/307419/b5849in/keystone/docs/scripts/rss.ts (ext=.ts, size=1938)
2026-01-18 18:34:04,468 - Knowledge - INFO - Fast-tracked /app/data/T0015/307419/b5849in/keystone/docs/components/primitives/Wrapper.tsx (ext=.tsx, size=633)
2026-01-18 18:34:04,543 - Knowledge - INFO - Worker kw4 processing /app/data/T0015/307419/b5849in/keystone/docs/components/primitives/Loading.tsx
2026-01-18 18:34:04,650 - Knowledge - INFO - Worker kw5 processing /app/data/T0015/307419/b5849in/keystone/docs/components/icons/ClientLogos.tsx
2026-01-18 18:34:04,735 - Knowledge - INFO - Worker kw6 processing /app/data/T0015/307419/b5849in/keystone/docs/components/icons/Watch.tsx
2026-01-18 18:34:04,867 - Knowledge - INFO - Worker kw7 processing /app/data/T0015/307419/b5849in/keystone/docs/components/icons/Hamburger.tsx
2026-01-18 18:34:04,948 - Knowledge - INFO - Worker kw8 processing /app/data/T0015/307419/b5849in/keystone/docs/components/icons/Welcome.tsx
2026-01-18 18:34:05,036 - Knowledge - INFO - Worker kw9 processing /app/data/T0015/307419/b5849in/keystone/docs/components/icons/index.ts
2026-01-18 18:34:05,114 - Knowledge - INFO - Fast-tracked /app/data/T0015/307419/b5849in/keystone/docs/components/icons/util.tsx (ext=.tsx, size=1843)
2026-01-18 18:34:05,224 - Knowledge - INFO - Worker kw11 processing /app/data/T0015/307419/b5849in/keystone/docs/components/MobileMenu.tsx
2026-01-18 18:34:05,336 - Knowledge - INFO - Batch sizing: calculated=10, max_allowed=10, queue=1206, active_workers=11/13
2026-01-18 18:34:05,426 - Knowledge - INFO - [kw13] Queue=1196, InProgress=0, PendingWorkers=11/13, Completed=0/1306 (0.0%)
2026-01-18 18:34:05,517 - Knowledge - INFO - knowledge worker kw14 start
2026-01-18 18:34:05,517 - Knowledge - INFO - Worker kw15 created using shared MongoDB connection pool
2026-01-18 18:34:05,593 - Knowledge - INFO - Worker kw1 processing /app/data/T0015/307419/b5849in/keystone/prisma-utils/package.json
2026-01-18 18:34:05,700 - Knowledge - INFO - Worker kw2 processing /app/data/T0015/307419/b5849in/keystone/docs/scripts/validate-links.ts
2026-01-18 18:34:05,773 - Knowledge - INFO - Worker kw3 processing /app/data/T0015/307419/b5849in/keystone/docs/components/primitives/Emoji.tsx
2026-01-18 18:34:05,867 - Knowledge - INFO - Fast-tracked /app/data/T0015/307419/b5849in/keystone/docs/components/primitives/Loading.tsx (ext=.tsx, size=1106)
2026-01-18 18:34:05,941 - Knowledge - INFO - Worker kw5 processing /app/data/T0015/307419/b5849in/keystone/docs/components/icons/Relational.tsx
2026-01-18 18:34:06,017 - Knowledge - INFO - Fast-tracked /app/data/T0015/307419/b5849in/keystone/docs/components/icons/Watch.tsx (ext=.tsx, size=550)
2026-01-18 18:34:06,136 - Knowledge - INFO - Fast-tracked /app/data/T0015/307419/b5849in/keystone/docs/components/icons/Hamburger.tsx (ext=.tsx, size=584)
2026-01-18 18:34:06,241 - Knowledge - INFO - Fast-tracked /app/data/T0015/307419/b5849in/keystone/docs/components/icons/Welcome.tsx (ext=.tsx, size=637)
2026-01-18 18:34:06,325 - Knowledge - INFO - Fast-tracked /app/data/T0015/307419/b5849in/keystone/docs/components/icons/index.ts (ext=.ts, size=1702)
2026-01-18 18:34:06,436 - Knowledge - INFO - Worker kw10 processing /app/data/T0015/307419/b5849in/keystone/docs/components/icons/Slack.tsx
2026-01-18 18:34:06,526 - Knowledge - INFO - Worker kw11 processing /app/data/T0015/307419/b5849in/keystone/docs/components/Page.tsx
2026-01-18 18:34:06,599 - Knowledge - INFO - Worker kw12 processing /app/data/T0015/307419/b5849in/keystone/docs/components/docs/featured-examples/index.tsx
2026-01-18 18:34:06,679 - Knowledge - INFO - Batch sizing: calculated=10, max_allowed=10, queue=1196, active_workers=12/14
2026-01-18 18:34:06,788 - Knowledge - INFO - [kw14] Queue=1186, InProgress=0, PendingWorkers=12/14, Completed=0/1306 (0.0%)
2026-01-18 18:34:06,883 - Knowledge - INFO - knowledge worker kw15 start
2026-01-18 18:34:06,883 - Knowledge - INFO - Worker kw16 created using shared MongoDB connection pool
2026-01-18 18:34:06,969 - Knowledge - INFO - Fast-tracked /app/data/T0015/307419/b5849in/keystone/prisma-utils/package.json (ext=.json, size=295)
2026-01-18 18:34:07,062 - Knowledge - INFO - Fast-tracked /app/data/T0015/307419/b5849in/keystone/docs/scripts/validate-links.ts (ext=.ts, size=1535)
2026-01-18 18:34:07,156 - Knowledge - INFO - Worker kw3 processing /app/data/T0015/307419/b5849in/keystone/docs/components/primitives/Well.tsx
2026-01-18 18:34:07,246 - Knowledge - INFO - Worker kw4 processing /app/data/T0015/307419/b5849in/keystone/docs/components/primitives/Gradient.tsx
2026-01-18 18:34:07,361 - Knowledge - INFO - Fast-tracked /app/data/T0015/307419/b5849in/keystone/docs/components/icons/Relational.tsx (ext=.tsx, size=756)
2026-01-18 18:34:07,444 - Knowledge - INFO - Worker kw6 processing /app/data/T0015/307419/b5849in/keystone/docs/components/icons/Editor.tsx
2026-01-18 18:34:07,529 - Knowledge - INFO - Worker kw7 processing /app/data/T0015/307419/b5849in/keystone/docs/components/icons/ArrowR.tsx
2026-01-18 18:34:07,649 - Knowledge - INFO - Worker kw8 processing /app/data/T0015/307419/b5849in/keystone/docs/components/icons/Nextjs.tsx
2026-01-18 18:34:07,737 - Knowledge - INFO - Worker kw9 processing /app/data/T0015/307419/b5849in/keystone/docs/components/icons/Search.tsx
2026-01-18 18:34:07,841 - Knowledge - INFO - Fast-tracked /app/data/T0015/307419/b5849in/keystone/docs/components/icons/Slack.tsx (ext=.tsx, size=1749)
2026-01-18 18:34:07,924 - Knowledge - INFO - Worker kw11 processing /app/data/T0015/307419/b5849in/keystone/docs/components/Header.tsx
2026-01-18 18:34:08,010 - Knowledge - INFO - Fast-tracked /app/data/T0015/307419/b5849in/keystone/docs/components/docs/featured-examples/index.tsx (ext=.tsx, size=1289)
2026-01-18 18:34:08,096 - Knowledge - INFO - Worker kw13 processing /app/data/T0015/307419/b5849in/keystone/docs/components/docs/CopyToClipboard.tsx
2026-01-18 18:34:08,206 - Knowledge - INFO - Batch sizing: calculated=10, max_allowed=10, queue=1186, active_workers=13/15
2026-01-18 18:34:08,289 - Knowledge - INFO - [kw15] Queue=1176, InProgress=0, PendingWorkers=13/15, Completed=0/1306 (0.0%)
2026-01-18 18:34:08,388 - Knowledge - INFO - knowledge worker kw16 start
2026-01-18 18:34:08,388 - Knowledge - INFO - Worker kw17 created using shared MongoDB connection pool
2026-01-18 18:34:08,459 - Knowledge - INFO - Worker kw1 processing /app/data/T0015/307419/b5849in/keystone/prisma-utils/main.ts
2026-01-18 18:34:08,546 - Knowledge - INFO - Worker kw2 processing /app/data/T0015/307419/b5849in/keystone/docs/package.json
2026-01-18 18:34:08,626 - Knowledge - INFO - Worker kw3 processing /app/data/T0015/307419/b5849in/keystone/docs/components/primitives/Field.tsx
2026-01-18 18:34:08,721 - Knowledge - INFO - Fast-tracked /app/data/T0015/307419/b5849in/keystone/docs/components/primitives/Gradient.tsx (ext=.tsx, size=922)
2026-01-18 18:34:08,798 - Knowledge - INFO - Worker kw5 processing /app/data/T0015/307419/b5849in/keystone/docs/components/icons/Content.tsx
2026-01-18 18:34:08,906 - Knowledge - INFO - Fast-tracked /app/data/T0015/307419/b5849in/keystone/docs/components/icons/Editor.tsx (ext=.tsx, size=667)
2026-01-18 18:34:08,979 - Knowledge - INFO - Fast-tracked /app/data/T0015/307419/b5849in/keystone/docs/components/icons/ArrowR.tsx (ext=.tsx, size=490)
2026-01-18 18:34:09,100 - Knowledge - INFO - Worker kw8 processing /app/data/T0015/307419/b5849in/keystone/docs/components/icons/Thinkmill.tsx
2026-01-18 18:34:09,180 - Knowledge - INFO - Fast-tracked /app/data/T0015/307419/b5849in/keystone/docs/components/icons/Search.tsx (ext=.tsx, size=592)
2026-01-18 18:34:09,258 - Knowledge - INFO - Worker kw10 processing /app/data/T0015/307419/b5849in/keystone/docs/components/icons/Quote.tsx
2026-01-18 18:34:09,347 - Knowledge - INFO - Worker kw11 processing /app/data/T0015/307419/b5849in/keystone/docs/components/Markdoc.tsx
2026-01-18 18:34:09,472 - Knowledge - INFO - Worker kw12 processing /app/data/T0015/307419/b5849in/keystone/docs/components/docs/featured-docs/client.tsx
2026-01-18 18:34:09,573 - Knowledge - INFO - Fast-tracked /app/data/T0015/307419/b5849in/keystone/docs/components/docs/CopyToClipboard.tsx (ext=.tsx, size=784)
2026-01-18 18:34:09,652 - Knowledge - INFO - Worker kw14 processing /app/data/T0015/307419/b5849in/keystone/docs/components/content/EndCta.tsx
2026-01-18 18:34:09,724 - Knowledge - INFO - Batch sizing: calculated=10, max_allowed=10, queue=1176, active_workers=14/16
2026-01-18 18:34:09,800 - Knowledge - INFO - [kw16] Queue=1166, InProgress=0, PendingWorkers=14/16, Completed=0/1306 (0.0%)
2026-01-18 18:34:09,886 - Knowledge - INFO - knowledge worker kw17 start
2026-01-18 18:34:09,886 - Knowledge - INFO - Worker kw18 created using shared MongoDB connection pool
2026-01-18 18:34:09,979 - Knowledge - INFO - Worker kw1 processing /app/data/T0015/307419/b5849in/keystone/prisma-utils/README.md
2026-01-18 18:34:10,086 - Knowledge - INFO - Fast-tracked /app/data/T0015/307419/b5849in/keystone/docs/package.json (ext=.json, size=1917)
2026-01-18 18:34:10,177 - Knowledge - INFO - Worker kw3 processing /app/data/T0015/307419/b5849in/keystone/docs/components/primitives/Status.tsx
2026-01-18 18:34:10,251 - Knowledge - INFO - Worker kw4 processing /app/data/T0015/307419/b5849in/keystone/docs/components/primitives/YouTubeEmbed.tsx
2026-01-18 18:34:10,344 - Knowledge - INFO - Fast-tracked /app/data/T0015/307419/b5849in/keystone/docs/components/icons/Content.tsx (ext=.tsx, size=649)
2026-01-18 18:34:10,427 - Knowledge - INFO - Worker kw6 processing /app/data/T0015/307419/b5849in/keystone/docs/components/icons/DarkMode.tsx
2026-01-18 18:34:10,561 - Knowledge - INFO - Worker kw7 processing /app/data/T0015/307419/b5849in/keystone/docs/components/icons/EnliticLogo.tsx
2026-01-18 18:34:10,644 - Knowledge - INFO - Fast-tracked /app/data/T0015/307419/b5849in/keystone/docs/components/icons/Thinkmill.tsx (ext=.tsx, size=1509)
2026-01-18 18:34:10,718 - Knowledge - INFO - Worker kw9 processing /app/data/T0015/307419/b5849in/keystone/docs/components/icons/Close.tsx
2026-01-18 18:34:10,805 - Knowledge - INFO - Fast-tracked /app/data/T0015/307419/b5849in/keystone/docs/components/icons/Quote.tsx (ext=.tsx, size=754)
2026-01-18 18:34:10,889 - Knowledge - INFO - Worker kw11 processing /app/data/T0015/307419/b5849in/keystone/docs/components/RelatedContent.tsx
2026-01-18 18:34:11,001 - Knowledge - INFO - Worker kw12 processing /app/data/T0015/307419/b5849in/keystone/docs/components/docs/featured-docs/index.tsx
2026-01-18 18:34:11,088 - Knowledge - INFO - Worker kw13 processing /app/data/T0015/307419/b5849in/keystone/docs/components/docs/Sidebar.tsx
2026-01-18 18:34:11,175 - Knowledge - INFO - Worker kw14 processing /app/data/T0015/307419/b5849in/keystone/docs/components/content/Section.tsx
2026-01-18 18:34:11,284 - Knowledge - INFO - Worker kw15 processing /app/data/T0015/307419/b5849in/keystone/docs/components/content/Quote.tsx
2026-01-18 18:34:11,400 - Knowledge - INFO - Batch sizing: calculated=10, max_allowed=10, queue=1166, active_workers=15/17
2026-01-18 18:34:11,483 - Knowledge - INFO - [kw17] Queue=1156, InProgress=0, PendingWorkers=15/17, Completed=0/1306 (0.0%)
2026-01-18 18:34:11,557 - Knowledge - INFO - knowledge worker kw18 start
2026-01-18 18:34:11,558 - Knowledge - INFO - Worker kw19 created using shared MongoDB connection pool
2026-01-18 18:34:11,680 - Knowledge - INFO - Fast-tracked /app/data/T0015/307419/b5849in/keystone/prisma-utils/README.md (ext=.md, size=303)
2026-01-18 18:34:11,759 - Knowledge - INFO - Worker kw2 processing /app/data/T0015/307419/b5849in/keystone/docs/next-env.d.ts
2026-01-18 18:34:11,861 - Knowledge - INFO - Fast-tracked /app/data/T0015/307419/b5849in/keystone/docs/components/primitives/Status.tsx (ext=.tsx, size=1135)
2026-01-18 18:34:11,972 - Knowledge - INFO - Fast-tracked /app/data/T0015/307419/b5849in/keystone/docs/components/primitives/YouTubeEmbed.tsx (ext=.tsx, size=686)
2026-01-18 18:34:12,077 - Knowledge - INFO - Worker kw5 processing /app/data/T0015/307419/b5849in/keystone/docs/components/icons/Custom.tsx
2026-01-18 18:34:12,195 - Knowledge - INFO - Fast-tracked /app/data/T0015/307419/b5849in/keystone/docs/components/icons/DarkMode.tsx (ext=.tsx, size=605)
2026-01-18 18:34:12,300 - Knowledge - INFO - Fast-tracked /app/data/T0015/307419/b5849in/keystone/docs/components/icons/EnliticLogo.tsx (ext=.tsx, size=1645)
2026-01-18 18:34:12,381 - Knowledge - INFO - Worker kw8 processing /app/data/T0015/307419/b5849in/keystone/docs/components/icons/Question.tsx
2026-01-18 18:34:12,475 - Knowledge - INFO - Fast-tracked /app/data/T0015/307419/b5849in/keystone/docs/components/icons/Close.tsx (ext=.tsx, size=527)
2026-01-18 18:34:12,558 - Knowledge - INFO - Worker kw10 processing /app/data/T0015/307419/b5849in/keystone/docs/components/icons/WhyKeystone.tsx
2026-01-18 18:34:12,674 - Knowledge - INFO - Fast-tracked /app/data/T0015/307419/b5849in/keystone/docs/components/RelatedContent.tsx (ext=.tsx, size=515)
2026-01-18 18:34:12,746 - Knowledge - INFO - Fast-tracked /app/data/T0015/307419/b5849in/keystone/docs/components/docs/featured-docs/index.tsx (ext=.tsx, size=314)
2026-01-18 18:34:12,829 - Knowledge - INFO - Fast-tracked /app/data/T0015/307419/b5849in/keystone/docs/components/docs/Sidebar.tsx (ext=.tsx, size=1142)
2026-01-18 18:34:12,911 - Knowledge - INFO - Fast-tracked /app/data/T0015/307419/b5849in/keystone/docs/components/content/Section.tsx (ext=.tsx, size=1045)
2026-01-18 18:34:13,023 - Knowledge - INFO - Fast-tracked /app/data/T0015/307419/b5849in/keystone/docs/components/content/Quote.tsx (ext=.tsx, size=1981)
2026-01-18 18:34:13,103 - Knowledge - INFO - Worker kw16 processing /app/data/T0015/307419/b5849in/keystone/docs/app/(site)/blog/page-client.tsx
2026-01-18 18:34:13,184 - Knowledge - INFO - Batch sizing: calculated=10, max_allowed=10, queue=1156, active_workers=16/18
2026-01-18 18:34:13,266 - Knowledge - INFO - [kw18] Queue=1146, InProgress=0, PendingWorkers=16/18, Completed=0/1306 (0.0%)
2026-01-18 18:34:13,373 - Knowledge - INFO - knowledge worker kw19 start
2026-01-18 18:34:13,373 - Knowledge - INFO - Worker kw20 created using shared MongoDB connection pool
2026-01-18 18:34:13,487 - Knowledge - INFO - Worker kw1 processing /app/data/T0015/307419/b5849in/keystone/prisma-utils/CHANGELOG.md
2026-01-18 18:34:13,613 - Knowledge - INFO - Fast-tracked /app/data/T0015/307419/b5849in/keystone/docs/next-env.d.ts (ext=.ts, size=211)
2026-01-18 18:34:13,789 - Knowledge - INFO - Worker kw4 processing /app/data/T0015/307419/b5849in/keystone/docs/components/primitives/SearchField.tsx
2026-01-18 18:34:13,873 - Knowledge - INFO - Fast-tracked /app/data/T0015/307419/b5849in/keystone/docs/components/icons/Custom.tsx (ext=.tsx, size=720)
2026-01-18 18:34:13,962 - Knowledge - INFO - Worker kw6 processing /app/data/T0015/307419/b5849in/keystone/docs/components/icons/GraphQl.tsx
2026-01-18 18:34:14,037 - Knowledge - INFO - Worker kw7 processing /app/data/T0015/307419/b5849in/keystone/docs/components/icons/Shield.tsx
2026-01-18 18:34:14,159 - Knowledge - INFO - Fast-tracked /app/data/T0015/307419/b5849in/keystone/docs/components/icons/Question.tsx (ext=.tsx, size=872)
2026-01-18 18:34:14,238 - Knowledge - INFO - Worker kw9 processing /app/data/T0015/307419/b5849in/keystone/docs/components/icons/Edit.tsx
2026-01-18 18:34:14,324 - Knowledge - INFO - Fast-tracked /app/data/T0015/307419/b5849in/keystone/docs/components/icons/WhyKeystone.tsx (ext=.tsx, size=636)
2026-01-18 18:34:14,403 - Knowledge - INFO - Worker kw11 processing /app/data/T0015/307419/b5849in/keystone/docs/components/docs/DocumentEditorDemo.tsx
2026-01-18 18:34:14,508 - Knowledge - INFO - Worker kw12 processing /app/data/T0015/307419/b5849in/keystone/docs/components/docs/docs-navigation/client.tsx
2026-01-18 18:34:14,578 - Knowledge - INFO - Worker kw13 processing /app/data/T0015/307419/b5849in/keystone/docs/components/docs/GitHubExamplesCTA.tsx
2026-01-18 18:34:14,696 - Knowledge - INFO - Worker kw14 processing /app/data/T0015/307419/b5849in/keystone/docs/components/content/AdvancedReactCta.tsx
2026-01-18 18:34:14,805 - Knowledge - INFO - Worker kw15 processing /app/data/T0015/307419/b5849in/keystone/docs/components/content/TweetBox.tsx
2026-01-18 18:34:14,878 - Knowledge - INFO - Worker kw16 processing /app/data/T0015/307419/b5849in/keystone/docs/app/(site)/blog/[post]/page.tsx
2026-01-18 18:34:14,944 - Knowledge - INFO - Worker kw17 processing /app/data/T0015/307419/b5849in/keystone/docs/app/(site)/docs/[...rest]/page-client.tsx
2026-01-18 18:34:15,049 - Knowledge - INFO - Batch sizing: calculated=10, max_allowed=10, queue=1146, active_workers=17/19
2026-01-18 18:34:15,132 - Knowledge - INFO - [kw19] Queue=1136, InProgress=0, PendingWorkers=17/19, Completed=0/1306 (0.0%)
2026-01-18 18:34:15,232 - Knowledge - INFO - knowledge worker kw20 start
2026-01-18 18:34:15,333 - Knowledge - INFO - Fast-tracked /app/data/T0015/307419/b5849in/keystone/prisma-utils/CHANGELOG.md (ext=.md, size=3762)
2026-01-18 18:34:15,460 - Knowledge - INFO - Worker kw2 processing /app/data/T0015/307419/b5849in/keystone/docs/keystatic.config.tsx
2026-01-18 18:34:15,576 - Knowledge - INFO - Fast-tracked /app/data/T0015/307419/b5849in/keystone/docs/components/primitives/SearchField.tsx (ext=.tsx, size=1758)
2026-01-18 18:34:15,641 - Knowledge - INFO - Fast-tracked /app/data/T0015/307419/b5849in/keystone/docs/components/primitives/GitHubButton.tsx (small file (2915 bytes))
2026-01-18 18:34:15,661 - Knowledge - INFO - Worker kw5 processing /app/data/T0015/307419/b5849in/keystone/docs/components/icons/Code.tsx
2026-01-18 18:34:15,779 - Knowledge - INFO - Worker kw6 processing /app/data/T0015/307419/b5849in/keystone/docs/components/icons/Lab.tsx
2026-01-18 18:34:15,919 - Knowledge - INFO - Fast-tracked /app/data/T0015/307419/b5849in/keystone/docs/components/icons/Shield.tsx (ext=.tsx, size=701)
2026-01-18 18:34:15,994 - Knowledge - INFO - Worker kw8 processing /app/data/T0015/307419/b5849in/keystone/docs/components/icons/Cli.tsx
2026-01-18 18:34:16,142 - Knowledge - INFO - Fast-tracked /app/data/T0015/307419/b5849in/keystone/docs/components/icons/Edit.tsx (ext=.tsx, size=637)
2026-01-18 18:34:16,220 - Knowledge - INFO - Worker kw10 processing /app/data/T0015/307419/b5849in/keystone/docs/components/icons/Migration.tsx
2026-01-18 18:34:16,309 - Knowledge - INFO - Worker kw11 processing /app/data/T0015/307419/b5849in/keystone/docs/components/docs/TableOfContents.tsx
2026-01-18 18:34:16,392 - Knowledge - INFO - Fast-tracked /app/data/T0015/307419/b5849in/keystone/docs/components/docs/docs-navigation/client.tsx (ext=.tsx, size=1400)
2026-01-18 18:34:16,474 - Knowledge - INFO - Fast-tracked /app/data/T0015/307419/b5849in/keystone/docs/components/docs/GitHubExamplesCTA.tsx (ext=.tsx, size=713)
2026-01-18 18:34:16,576 - Knowledge - INFO - Worker kw14 processing /app/data/T0015/307419/b5849in/keystone/docs/components/content/CommunityCta.tsx
2026-01-18 18:34:16,672 - Knowledge - INFO - Fast-tracked /app/data/T0015/307419/b5849in/keystone/docs/components/content/TweetBox.tsx (ext=.tsx, size=1398)
2026-01-18 18:34:16,758 - Knowledge - INFO - Fast-tracked /app/data/T0015/307419/b5849in/keystone/docs/app/(site)/blog/[post]/page.tsx (ext=.tsx, size=1863)
2026-01-18 18:34:16,853 - Knowledge - INFO - Fast-tracked /app/data/T0015/307419/b5849in/keystone/docs/app/(site)/docs/[...rest]/page-client.tsx (ext=.tsx, size=469)
2026-01-18 18:34:16,976 - Knowledge - INFO - Worker kw18 processing /app/data/T0015/307419/b5849in/keystone/docs/app/(site)/docs/walkthroughs/page-client.tsx
2026-01-18 18:34:17,090 - Knowledge - INFO - Batch sizing: calculated=10, max_allowed=10, queue=1136, active_workers=18/20
2026-01-18 18:34:17,170 - Knowledge - INFO - [kw20] Queue=1126, InProgress=0, PendingWorkers=18/20, Completed=0/1306 (0.0%)
2026-01-18 18:34:17,375 - Knowledge - INFO - Worker kw2 processing /app/data/T0015/307419/b5849in/keystone/docs/components/Theme.tsx
2026-01-18 18:34:17,452 - Knowledge - INFO - Worker kw4 processing /app/data/T0015/307419/b5849in/keystone/docs/components/primitives/EditButton.tsx
2026-01-18 18:34:17,557 - Knowledge - INFO - Fast-tracked /app/data/T0015/307419/b5849in/keystone/docs/components/primitives/Emoji.tsx (small file (2105 bytes))
2026-01-18 18:34:17,631 - Knowledge - INFO - Fast-tracked /app/data/T0015/307419/b5849in/keystone/docs/components/icons/Code.tsx (ext=.tsx, size=540)
2026-01-18 18:34:17,710 - Knowledge - INFO - Fast-tracked /app/data/T0015/307419/b5849in/keystone/docs/components/icons/Lab.tsx (ext=.tsx, size=798)
2026-01-18 18:34:17,789 - Knowledge - INFO - Worker kw7 processing /app/data/T0015/307419/b5849in/keystone/docs/components/icons/Docs.tsx
2026-01-18 18:34:17,867 - Knowledge - INFO - Fast-tracked /app/data/T0015/307419/b5849in/keystone/docs/components/icons/Cli.tsx (ext=.tsx, size=621)
2026-01-18 18:34:17,952 - Knowledge - INFO - Worker kw9 processing /app/data/T0015/307419/b5849in/keystone/docs/components/icons/Updates.tsx
2026-01-18 18:34:18,052 - Knowledge - INFO - Fast-tracked /app/data/T0015/307419/b5849in/keystone/docs/components/icons/Migration.tsx (ext=.tsx, size=571)
2026-01-18 18:34:18,126 - Knowledge - INFO - Worker kw11 processing /app/data/T0015/307419/b5849in/keystone/docs/components/docs/CommunitySlackCTA.tsx
2026-01-18 18:34:18,205 - Knowledge - INFO - Worker kw12 processing /app/data/T0015/307419/b5849in/keystone/docs/components/docs/docs-navigation/index.tsx
2026-01-18 18:34:18,283 - Knowledge - INFO - Worker kw13 processing /app/data/T0015/307419/b5849in/keystone/docs/components/docs/KeystoneExperience.tsx
2026-01-18 18:34:18,364 - Knowledge - INFO - Worker kw14 processing /app/data/T0015/307419/b5849in/keystone/docs/components/content/PillCta.tsx
2026-01-18 18:34:18,438 - Knowledge - INFO - Worker kw15 processing /app/data/T0015/307419/b5849in/keystone/docs/components/Socials.tsx
2026-01-18 18:34:18,559 - Knowledge - INFO - Worker kw16 processing /app/data/T0015/307419/b5849in/keystone/docs/app/(site)/blog/[post]/page-client.tsx
2026-01-18 18:34:18,669 - Knowledge - INFO - Worker kw17 processing /app/data/T0015/307419/b5849in/keystone/docs/app/(site)/docs/page.tsx
2026-01-18 18:34:18,776 - Knowledge - INFO - Fast-tracked /app/data/T0015/307419/b5849in/keystone/docs/app/(site)/docs/walkthroughs/page-client.tsx (ext=.tsx, size=1937)
2026-01-18 18:34:18,880 - Knowledge - INFO - Worker kw19 processing /app/data/T0015/307419/b5849in/keystone/docs/app/(site)/layout-client.tsx
2026-01-18 18:34:18,967 - Knowledge - INFO - Batch sizing: calculated=10, max_allowed=10, queue=1126, active_workers=19/20
2026-01-18 18:34:19,096 - Knowledge - INFO - Fast-tracked /app/data/T0015/307419/b5849in/keystone/docs/components/Theme.tsx (ext=.tsx, size=433)
2026-01-18 18:34:19,376 - Knowledge - INFO - Fast-tracked /app/data/T0015/307419/b5849in/keystone/docs/components/primitives/EditButton.tsx (ext=.tsx, size=887)
2026-01-18 18:34:19,502 - Knowledge - INFO - Fast-tracked /app/data/T0015/307419/b5849in/keystone/docs/components/primitives/Well.tsx (small file (2652 bytes))
2026-01-18 18:34:19,583 - Knowledge - INFO - Worker kw5 processing /app/data/T0015/307419/b5849in/keystone/docs/components/icons/Copy.tsx
2026-01-18 18:34:19,668 - Knowledge - INFO - Worker kw6 processing /app/data/T0015/307419/b5849in/keystone/docs/components/icons/Organization.tsx
2026-01-18 18:34:19,781 - Knowledge - INFO - Fast-tracked /app/data/T0015/307419/b5849in/keystone/docs/components/icons/Docs.tsx (ext=.tsx, size=925)
2026-01-18 18:34:19,870 - Knowledge - INFO - Worker kw8 processing /app/data/T0015/307419/b5849in/keystone/docs/components/icons/Download.tsx
2026-01-18 18:34:19,952 - Knowledge - INFO - Fast-tracked /app/data/T0015/307419/b5849in/keystone/docs/components/icons/Updates.tsx (ext=.tsx, size=704)
2026-01-18 18:34:20,026 - Knowledge - INFO - Worker kw10 processing /app/data/T0015/307419/b5849in/keystone/docs/components/icons/Nope.tsx
2026-01-18 18:34:20,217 - Knowledge - INFO - Fast-tracked /app/data/T0015/307419/b5849in/keystone/docs/components/docs/CommunitySlackCTA.tsx (ext=.tsx, size=703)
2026-01-18 18:34:20,316 - Knowledge - INFO - Fast-tracked /app/data/T0015/307419/b5849in/keystone/docs/components/docs/docs-navigation/index.tsx (ext=.tsx, size=1066)
2026-01-18 18:34:20,418 - Knowledge - INFO - Worker kw13 processing /app/data/T0015/307419/b5849in/keystone/docs/components/docs/FeaturedCard.tsx
2026-01-18 18:34:20,537 - Knowledge - INFO - Fast-tracked /app/data/T0015/307419/b5849in/keystone/docs/components/content/PillCta.tsx (ext=.tsx, size=1022)
2026-01-18 18:34:20,645 - Knowledge - INFO - Worker kw15 processing /app/data/T0015/307419/b5849in/keystone/docs/components/Breadcrumbs.tsx
2026-01-18 18:34:20,769 - Knowledge - INFO - Fast-tracked /app/data/T0015/307419/b5849in/keystone/docs/app/(site)/blog/[post]/page-client.tsx (ext=.tsx, size=1804)
2026-01-18 18:34:20,858 - Knowledge - INFO - Fast-tracked /app/data/T0015/307419/b5849in/keystone/docs/app/(site)/docs/page.tsx (ext=.tsx, size=618)
2026-01-18 18:34:20,944 - Knowledge - INFO - Worker kw18 processing /app/data/T0015/307419/b5849in/keystone/docs/app/(site)/docs/examples/page.tsx
2026-01-18 18:34:21,042 - Knowledge - INFO - Worker kw19 processing /app/data/T0015/307419/b5849in/keystone/docs/app/(site)/not-found.tsx
2026-01-18 18:34:21,144 - Knowledge - INFO - Worker kw20 processing /app/data/T0015/307419/b5849in/keystone/docs/markdoc/show-next-release.ts
2026-01-18 18:34:21,359 - Knowledge - INFO - Worker kw4 processing /app/data/T0015/307419/b5849in/keystone/docs/components/primitives/Type.tsx
2026-01-18 18:34:21,480 - Knowledge - INFO - Fast-tracked /app/data/T0015/307419/b5849in/keystone/docs/components/primitives/Field.tsx (small file (2223 bytes))
2026-01-18 18:34:21,564 - Knowledge - INFO - Fast-tracked /app/data/T0015/307419/b5849in/keystone/docs/components/icons/Copy.tsx (ext=.tsx, size=658)
2026-01-18 18:34:21,694 - Knowledge - INFO - Fast-tracked /app/data/T0015/307419/b5849in/keystone/docs/components/icons/Organization.tsx (ext=.tsx, size=672)
2026-01-18 18:34:21,738 - Knowledge - INFO - [LLM_CALL] Completed: main.ts:chunk1, Duration: 3601ms, PromptTokens: 4154, CompletionTokens: 336, Cost: $0.00055
2026-01-18 18:34:21,788 - Knowledge - INFO - Worker kw7 processing /app/data/T0015/307419/b5849in/keystone/docs/components/icons/Profile.tsx
2026-01-18 18:34:21,871 - Knowledge - INFO - Fast-tracked /app/data/T0015/307419/b5849in/keystone/docs/components/icons/Download.tsx (ext=.tsx, size=619)
2026-01-18 18:34:21,981 - Knowledge - INFO - Worker kw9 processing /app/data/T0015/307419/b5849in/keystone/docs/components/icons/VocalLogo.tsx
2026-01-18 18:34:22,069 - Knowledge - INFO - Fast-tracked /app/data/T0015/307419/b5849in/keystone/docs/components/icons/Nope.tsx (ext=.tsx, size=705)
2026-01-18 18:34:22,155 - Knowledge - INFO - Worker kw11 processing /app/data/T0015/307419/b5849in/keystone/docs/components/docs/DocsLayout.tsx
2026-01-18 18:34:22,273 - Knowledge - INFO - Worker kw12 processing /app/data/T0015/307419/b5849in/keystone/docs/components/docs/ComingSoon.tsx
2026-01-18 18:34:22,362 - Knowledge - INFO - Fast-tracked /app/data/T0015/307419/b5849in/keystone/docs/components/docs/FeaturedCard.tsx (ext=.tsx, size=1403)
2026-01-18 18:34:22,453 - Knowledge - INFO - Worker kw14 processing /app/data/T0015/307419/b5849in/keystone/docs/components/content/Pill.tsx
2026-01-18 18:34:22,559 - Knowledge - INFO - Worker kw15 processing /app/data/T0015/307419/b5849in/keystone/docs/next-sitemap.config.js
2026-01-18 18:34:22,677 - Knowledge - INFO - Worker kw16 processing /app/data/T0015/307419/b5849in/keystone/docs/app/(site)/page.tsx
2026-01-18 18:34:22,753 - Knowledge - INFO - Worker kw17 processing /app/data/T0015/307419/b5849in/keystone/docs/app/(site)/docs/page-client.tsx
2026-01-18 18:34:22,833 - Knowledge - INFO - Fast-tracked /app/data/T0015/307419/b5849in/keystone/docs/app/(site)/docs/examples/page.tsx (ext=.tsx, size=1682)
2026-01-18 18:34:22,929 - Knowledge - INFO - Worker kw19 processing /app/data/T0015/307419/b5849in/keystone/docs/app/(site)/why-keystone/page.tsx
2026-01-18 18:34:23,022 - Knowledge - INFO - Fast-tracked /app/data/T0015/307419/b5849in/keystone/docs/markdoc/show-next-release.ts (ext=.ts, size=81)
2026-01-18 18:34:23,318 - Knowledge - INFO - Worker kw5 processing /app/data/T0015/307419/b5849in/keystone/docs/components/icons/Tick.tsx
2026-01-18 18:34:23,404 - Knowledge - INFO - Worker kw6 processing /app/data/T0015/307419/b5849in/keystone/docs/components/icons/Bulb.tsx
2026-01-18 18:34:23,511 - Knowledge - INFO - done ingest for /app/data/T0015/307419/b5849in/keystone/prisma-utils/main.ts
2026-01-18 18:34:23,600 - Knowledge - INFO - Fast-tracked /app/data/T0015/307419/b5849in/keystone/docs/components/icons/Profile.tsx (ext=.tsx, size=761)
2026-01-18 18:34:23,692 - Knowledge - INFO - Worker kw8 processing /app/data/T0015/307419/b5849in/keystone/docs/components/icons/WestpacLogo.tsx
2026-01-18 18:34:23,778 - Knowledge - INFO - Fast-tracked /app/data/T0015/307419/b5849in/keystone/docs/components/icons/VocalLogo.tsx (ext=.tsx, size=1054)
2026-01-18 18:34:23,874 - Knowledge - INFO - Worker kw10 processing /app/data/T0015/307419/b5849in/keystone/docs/components/icons/Keystone.tsx
2026-01-18 18:34:23,981 - Knowledge - INFO - Fast-tracked /app/data/T0015/307419/b5849in/keystone/docs/components/docs/DocsLayout.tsx (ext=.tsx, size=227)
2026-01-18 18:34:24,071 - Knowledge - INFO - Fast-tracked /app/data/T0015/307419/b5849in/keystone/docs/components/docs/ComingSoon.tsx (ext=.tsx, size=316)
2026-01-18 18:34:24,224 - Knowledge - INFO - Worker kw13 processing /app/data/T0015/307419/b5849in/keystone/docs/components/SkipLinks.tsx
2026-01-18 18:34:24,382 - Knowledge - INFO - Fast-tracked /app/data/T0015/307419/b5849in/keystone/docs/components/content/Pill.tsx (ext=.tsx, size=919)
2026-01-18 18:34:24,536 - Knowledge - INFO - Fast-tracked /app/data/T0015/307419/b5849in/keystone/docs/next-sitemap.config.js (ext=.js, size=105)
2026-01-18 18:34:24,648 - Knowledge - INFO - Fast-tracked /app/data/T0015/307419/b5849in/keystone/docs/app/(site)/page.tsx (ext=.tsx, size=346)
2026-01-18 18:34:24,711 - Knowledge - INFO - [LLM_CALL] Completed: keystatic.config.tsx:chunk1, Duration: 3436ms, PromptTokens: 4558, CompletionTokens: 383, Cost: $0.00061
2026-01-18 18:34:24,776 - Knowledge - INFO - Fast-tracked /app/data/T0015/307419/b5849in/keystone/docs/app/(site)/docs/page-client.tsx (ext=.tsx, size=1324)
2026-01-18 18:34:24,912 - Knowledge - INFO - Worker kw18 processing /app/data/T0015/307419/b5849in/keystone/docs/app/(site)/docs/examples/page-client.tsx
2026-01-18 18:34:25,108 - Knowledge - INFO - Fast-tracked /app/data/T0015/307419/b5849in/keystone/docs/app/(site)/why-keystone/page.tsx (ext=.tsx, size=337)
2026-01-18 18:34:25,203 - Knowledge - INFO - Worker kw20 processing /app/data/T0015/307419/b5849in/keystone/docs/markdoc/headings.ts
2026-01-18 18:34:25,340 - Knowledge - INFO - Fast-tracked /app/data/T0015/307419/b5849in/keystone/docs/components/icons/Tick.tsx (ext=.tsx, size=585)
2026-01-18 18:34:25,416 - Knowledge - INFO - Fast-tracked /app/data/T0015/307419/b5849in/keystone/docs/components/icons/Bulb.tsx (ext=.tsx, size=1017)
2026-01-18 18:34:25,613 - Knowledge - INFO - Worker kw7 processing /app/data/T0015/307419/b5849in/keystone/docs/components/icons/Roadmap.tsx
2026-01-18 18:34:25,839 - Knowledge - INFO - Fast-tracked /app/data/T0015/307419/b5849in/keystone/docs/components/icons/WestpacLogo.tsx (ext=.tsx, size=814)
2026-01-18 18:34:25,929 - Knowledge - INFO - Worker kw9 processing /app/data/T0015/307419/b5849in/keystone/docs/components/icons/Filter.tsx
2026-01-18 18:34:26,048 - Knowledge - INFO - Fast-tracked /app/data/T0015/307419/b5849in/keystone/docs/components/icons/Keystone.tsx (ext=.tsx, size=856)
2026-01-18 18:34:26,138 - Knowledge - INFO - Worker kw11 processing /app/data/T0015/307419/b5849in/keystone/docs/components/docs/featured-examples/client.tsx
2026-01-18 18:34:26,257 - Knowledge - INFO - Worker kw12 processing /app/data/T0015/307419/b5849in/keystone/docs/components/docs/Keystone5DocsCTA.tsx
2026-01-18 18:34:26,374 - Knowledge - INFO - Fast-tracked /app/data/T0015/307419/b5849in/keystone/docs/components/SkipLinks.tsx (ext=.tsx, size=1362)
2026-01-18 18:34:26,471 - Knowledge - INFO - Worker kw14 processing /app/data/T0015/307419/b5849in/keystone/docs/components/content/CodeBox.tsx
2026-01-18 18:34:26,560 - Knowledge - INFO - Worker kw15 processing /app/data/T0015/307419/b5849in/keystone/docs/app/api/hero-image/route.tsx
2026-01-18 18:34:26,675 - Knowledge - INFO - Worker kw16 processing /app/data/T0015/307419/b5849in/keystone/docs/app/(site)/page-client.tsx
2026-01-18 18:34:26,782 - Knowledge - INFO - done ingest for /app/data/T0015/307419/b5849in/keystone/docs/keystatic.config.tsx
2026-01-18 18:34:26,789 - Knowledge - INFO - [LLM_CALL] Completed: Footer.tsx:chunk1, Duration: 13090ms, PromptTokens: 4908, CompletionTokens: 282, Cost: $0.00060
2026-01-18 18:34:26,868 - Knowledge - INFO - Worker kw17 processing /app/data/T0015/307419/b5849in/keystone/docs/app/(site)/docs/config/overview/page.tsx
2026-01-18 18:34:26,987 - Knowledge - INFO - Worker kw18 processing /app/data/T0015/307419/b5849in/keystone/docs/app/(site)/for-organisations/page.tsx
2026-01-18 18:34:27,096 - Knowledge - INFO - Worker kw19 processing /app/data/T0015/307419/b5849in/keystone/docs/app/(site)/why-keystone/page-client.tsx
2026-01-18 18:34:27,209 - Knowledge - INFO - Fast-tracked /app/data/T0015/307419/b5849in/keystone/docs/markdoc/headings.ts (ext=.ts, size=845)
2026-01-18 18:34:27,536 - Knowledge - INFO - Fast-tracked /app/data/T0015/307419/b5849in/keystone/docs/components/icons/Roadmap.tsx (ext=.tsx, size=675)
2026-01-18 18:34:27,613 - Knowledge - INFO - Worker kw8 processing /app/data/T0015/307419/b5849in/keystone/docs/components/icons/PJohnsonLogo.tsx
2026-01-18 18:34:27,724 - Knowledge - INFO - Fast-tracked /app/data/T0015/307419/b5849in/keystone/docs/components/icons/Filter.tsx (ext=.tsx, size=662)
2026-01-18 18:34:27,824 - Knowledge - INFO - Worker kw10 processing /app/data/T0015/307419/b5849in/keystone/docs/components/icons/SearchKeys.tsx
2026-01-18 18:34:27,915 - Knowledge - INFO - Fast-tracked /app/data/T0015/307419/b5849in/keystone/docs/components/docs/featured-examples/client.tsx (ext=.tsx, size=1529)
2026-01-18 18:34:27,992 - Knowledge - INFO - Fast-tracked /app/data/T0015/307419/b5849in/keystone/docs/components/docs/Keystone5DocsCTA.tsx (ext=.tsx, size=519)
2026-01-18 18:34:28,108 - Knowledge - INFO - Worker kw13 processing /app/data/T0015/307419/b5849in/keystone/docs/components/useOutsideClick.ts
2026-01-18 18:34:28,197 - Knowledge - INFO - Fast-tracked /app/data/T0015/307419/b5849in/keystone/docs/components/content/CodeBox.tsx (ext=.tsx, size=1866)
2026-01-18 18:34:28,299 - Knowledge - INFO - Worker kw15 processing /app/data/T0015/307419/b5849in/keystone/docs/app/api/keystatic/[...params]/route.ts
2026-01-18 18:34:28,412 - Knowledge - INFO - Worker kw16 processing /app/data/T0015/307419/b5849in/keystone/docs/app/(site)/enterprise/page.tsx
2026-01-18 18:34:28,597 - Knowledge - INFO - done ingest for /app/data/T0015/307419/b5849in/keystone/docs/components/Footer.tsx
2026-01-18 18:34:28,597 - Knowledge - INFO - [LLM_CALL] Completed: prepare-release.js:chunk1, Duration: 11306ms, PromptTokens: 5200, CompletionTokens: 528, Cost: $0.00073
2026-01-18 18:34:28,723 - Knowledge - INFO - Fast-tracked /app/data/T0015/307419/b5849in/keystone/docs/app/(site)/docs/config/overview/page.tsx (ext=.tsx, size=355)
2026-01-18 18:34:28,810 - Knowledge - INFO - Fast-tracked /app/data/T0015/307419/b5849in/keystone/docs/app/(site)/for-organisations/page.tsx (ext=.tsx, size=344)
2026-01-18 18:34:28,891 - Knowledge - INFO - Worker kw19 processing /app/data/T0015/307419/b5849in/keystone/docs/app/(site)/ds/page.tsx
2026-01-18 18:34:29,006 - Knowledge - INFO - Worker kw20 processing /app/data/T0015/307419/b5849in/keystone/docs/markdoc/isTag.ts
2026-01-18 18:34:29,091 - Knowledge - INFO - Worker kw7 processing /app/data/T0015/307419/b5849in/keystone/docs/components/icons/Automated.tsx
2026-01-18 18:34:29,276 - Knowledge - INFO - Worker kw9 processing /app/data/T0015/307419/b5849in/keystone/docs/components/icons/Link.tsx
2026-01-18 18:34:29,385 - Knowledge - INFO - Fast-tracked /app/data/T0015/307419/b5849in/keystone/docs/components/icons/SearchKeys.tsx (ext=.tsx, size=1140)
2026-01-18 18:34:29,577 - Knowledge - INFO - Worker kw12 processing /app/data/T0015/307419/b5849in/keystone/docs/components/docs/Navigation.tsx
2026-01-18 18:34:29,684 - Knowledge - INFO - Fast-tracked /app/data/T0015/307419/b5849in/keystone/docs/components/useOutsideClick.ts (ext=.ts, size=462)
2026-01-18 18:34:29,773 - Knowledge - INFO - Worker kw14 processing /app/data/T0015/307419/b5849in/keystone/docs/components/content/Intro.tsx
2026-01-18 18:34:29,851 - Knowledge - INFO - Fast-tracked /app/data/T0015/307419/b5849in/keystone/docs/app/api/keystatic/[...params]/route.ts (ext=.ts, size=177)
2026-01-18 18:34:29,960 - Knowledge - INFO - Fast-tracked /app/data/T0015/307419/b5849in/keystone/docs/app/(site)/enterprise/page.tsx (ext=.tsx, size=343)
2026-01-18 18:34:30,195 - Knowledge - INFO - done ingest for /app/data/T0015/307419/b5849in/keystone/scripts/prepare-release.js
2026-01-18 18:34:30,301 - Knowledge - INFO - Worker kw17 processing /app/data/T0015/307419/b5849in/keystone/docs/app/(site)/docs/config/overview/page-client.tsx
2026-01-18 18:34:30,305 - Knowledge - INFO - [LLM_CALL] Completed: Button.tsx:chunk1, Duration: 6794ms, PromptTokens: 4592, CompletionTokens: 223, Cost: $0.00055
2026-01-18 18:34:30,406 - Knowledge - INFO - Worker kw18 processing /app/data/T0015/307419/b5849in/keystone/docs/app/(site)/for-organisations/page-client.tsx
2026-01-18 18:34:30,504 - Knowledge - INFO - Fast-tracked /app/data/T0015/307419/b5849in/keystone/docs/app/(site)/ds/page.tsx (ext=.tsx, size=253)
2026-01-18 18:34:30,588 - Knowledge - INFO - Fast-tracked /app/data/T0015/307419/b5849in/keystone/docs/markdoc/isTag.ts (ext=.ts, size=316)
2026-01-18 18:34:30,690 - Knowledge - INFO - Fast-tracked /app/data/T0015/307419/b5849in/keystone/docs/components/icons/Automated.tsx (ext=.tsx, size=675)
2026-01-18 18:34:30,803 - Knowledge - INFO - Fast-tracked /app/data/T0015/307419/b5849in/keystone/docs/components/icons/Link.tsx (ext=.tsx, size=671)
2026-01-18 18:34:30,881 - Knowledge - INFO - Worker kw10 processing /app/data/T0015/307419/b5849in/keystone/docs/components/icons/Relationship.tsx
2026-01-18 18:34:30,992 - Knowledge - INFO - Worker kw12 processing /app/data/T0015/307419/b5849in/keystone/docs/components/docs/Heading.tsx
2026-01-18 18:34:31,107 - Knowledge - INFO - Worker kw13 processing /app/data/T0015/307419/b5849in/keystone/docs/components/ContactForm.tsx
2026-01-18 18:34:31,196 - Knowledge - INFO - Fast-tracked /app/data/T0015/307419/b5849in/keystone/docs/components/content/Intro.tsx (ext=.tsx, size=875)
2026-01-18 18:34:31,274 - Knowledge - INFO - Worker kw15 processing /app/data/T0015/307419/b5849in/keystone/docs/app/(site)/roadmap/page.tsx
2026-01-18 18:34:31,402 - Knowledge - INFO - Worker kw16 processing /app/data/T0015/307419/b5849in/keystone/docs/app/(site)/enterprise/page-client.tsx
2026-01-18 18:34:31,622 - Knowledge - INFO - Worker kw17 processing /app/data/T0015/307419/b5849in/keystone/docs/app/(site)/docs/guides/document-field-demo/page.tsx
2026-01-18 18:34:31,743 - Knowledge - INFO - done ingest for /app/data/T0015/307419/b5849in/keystone/docs/components/primitives/Button.tsx
2026-01-18 18:34:31,747 - Knowledge - INFO - [LLM_CALL] Completed: Code.tsx:chunk1, Duration: 17068ms, PromptTokens: 3706, CompletionTokens: 424, Cost: $0.00054
2026-01-18 18:34:31,869 - Knowledge - INFO - Worker kw18 processing /app/data/T0015/307419/b5849in/keystone/docs/app/(site)/branding/page.tsx
2026-01-18 18:34:31,943 - Knowledge - INFO - Worker kw19 processing /app/data/T0015/307419/b5849in/keystone/docs/app/(site)/ds/page-client.tsx
2026-01-18 18:34:32,018 - Knowledge - INFO - Worker kw20 processing /app/data/T0015/307419/b5849in/keystone/docs/markdoc/index.ts
2026-01-18 18:34:32,331 - Knowledge - INFO - Fast-tracked /app/data/T0015/307419/b5849in/keystone/docs/components/icons/Relationship.tsx (ext=.tsx, size=682)
2026-01-18 18:34:32,421 - Knowledge - INFO - Worker kw12 processing /app/data/T0015/307419/b5849in/keystone/docs/components/docs/DocsLayoutClient.tsx
2026-01-18 18:34:32,535 - Knowledge - INFO - Worker kw13 processing /app/data/T0015/307419/b5849in/keystone/docs/components/SubscribeForm.tsx
2026-01-18 18:34:32,613 - Knowledge - INFO - Worker kw14 processing /app/data/T0015/307419/b5849in/keystone/docs/components/content/CustomerCard.tsx
2026-01-18 18:34:32,708 - Knowledge - INFO - Fast-tracked /app/data/T0015/307419/b5849in/keystone/docs/app/(site)/roadmap/page.tsx (ext=.tsx, size=242)
2026-01-18 18:34:32,788 - Knowledge - INFO - Worker kw16 processing /app/data/T0015/307419/b5849in/keystone/docs/app/(site)/for-content-management/page.tsx
2026-01-18 18:34:32,875 - Knowledge - INFO - Fast-tracked /app/data/T0015/307419/b5849in/keystone/docs/app/(site)/docs/guides/document-field-demo/page.tsx (ext=.tsx, size=845)
2026-01-18 18:34:33,073 - Knowledge - INFO - done ingest for /app/data/T0015/307419/b5849in/keystone/docs/components/primitives/Code.tsx
2026-01-18 18:34:33,077 - Knowledge - INFO - [LLM_CALL] Completed: Type.tsx:chunk1, Duration: 8387ms, PromptTokens: 2982, CompletionTokens: 214, Cost: $0.00038
2026-01-18 18:34:33,169 - Knowledge - INFO - Fast-tracked /app/data/T0015/307419/b5849in/keystone/docs/app/(site)/branding/page.tsx (ext=.tsx, size=213)
2026-01-18 18:34:33,261 - Knowledge - INFO - Worker kw19 processing /app/data/T0015/307419/b5849in/keystone/docs/app/actions.ts
2026-01-18 18:34:33,375 - Knowledge - INFO - Worker kw20 processing /app/data/T0015/307419/b5849in/keystone/docs/markdoc/config.ts
2026-01-18 18:34:33,459 - Knowledge - INFO - Worker kw10 processing /app/data/T0015/307419/b5849in/keystone/docs/components/ThemeToggle.tsx
2026-01-18 18:34:33,633 - Knowledge - INFO - Fast-tracked /app/data/T0015/307419/b5849in/keystone/docs/components/docs/featured-docs/client.tsx (small file (2536 bytes))
2026-01-18 18:34:33,710 - Knowledge - INFO - Worker kw13 processing /app/data/T0015/307419/b5849in/keystone/docs/components/content/CodeWindow.tsx
2026-01-18 18:34:33,791 - Knowledge - INFO - Fast-tracked /app/data/T0015/307419/b5849in/keystone/docs/components/content/CustomerCard.tsx (ext=.tsx, size=1052)
2026-01-18 18:34:33,881 - Knowledge - INFO - Worker kw15 processing /app/data/T0015/307419/b5849in/keystone/docs/app/(site)/roadmap/page-client.tsx
2026-01-18 18:34:33,948 - Knowledge - INFO - Fast-tracked /app/data/T0015/307419/b5849in/keystone/docs/app/(site)/for-content-management/page.tsx (ext=.tsx, size=353)
2026-01-18 18:34:34,047 - Knowledge - INFO - Worker kw17 processing /app/data/T0015/307419/b5849in/keystone/docs/app/(site)/docs/guides/document-field-demo/page-client.tsx
2026-01-18 18:34:34,257 - Knowledge - INFO - done ingest for /app/data/T0015/307419/b5849in/keystone/docs/components/primitives/Type.tsx
2026-01-18 18:34:34,275 - Knowledge - INFO - [LLM_CALL] Completed: ClientLogos.tsx:chunk1, Duration: 3975ms, PromptTokens: 40672, CompletionTokens: 194, Cost: $0.00414
2026-01-18 18:34:34,296 - Knowledge - INFO - Fast-tracked /app/data/T0015/307419/b5849in/keystone/docs/components/icons/Nextjs.tsx (small file (2455 bytes))
2026-01-18 18:34:34,339 - Knowledge - INFO - Worker kw18 processing /app/data/T0015/307419/b5849in/keystone/docs/app/(site)/branding/page-client.tsx
2026-01-18 18:34:34,425 - Knowledge - INFO - Fast-tracked /app/data/T0015/307419/b5849in/keystone/docs/app/actions.ts (ext=.ts, size=1171)
2026-01-18 18:34:34,522 - Knowledge - INFO - Worker kw20 processing /app/data/T0015/307419/b5849in/keystone/docs/markdoc/load-all.ts
2026-01-18 18:34:34,637 - Knowledge - INFO - Fast-tracked /app/data/T0015/307419/b5849in/keystone/docs/components/ThemeToggle.tsx (ext=.tsx, size=1699)
2026-01-18 18:34:34,927 - Knowledge - INFO - Worker kw14 processing /app/data/T0015/307419/b5849in/keystone/docs/components/content/MWrapper.tsx
2026-01-18 18:34:35,045 - Knowledge - INFO - Worker kw15 processing /app/data/T0015/307419/b5849in/keystone/docs/app/(site)/blog/page.tsx
2026-01-18 18:34:35,121 - Knowledge - INFO - Worker kw16 processing /app/data/T0015/307419/b5849in/keystone/docs/app/(site)/for-content-management/page-client.tsx
2026-01-18 18:34:35,198 - Knowledge - INFO - Worker kw17 processing /app/data/T0015/307419/b5849in/keystone/docs/app/(site)/docs/guides/overview/page.tsx
2026-01-18 18:34:35,397 - Knowledge - INFO - done ingest for /app/data/T0015/307419/b5849in/keystone/docs/components/icons/ClientLogos.tsx
2026-01-18 18:34:35,422 - Knowledge - INFO - Processing batch of 10 files
2026-01-18 18:34:35,439 - Knowledge - INFO - Processing batch of 10 files
2026-01-18 18:34:35,446 - Knowledge - INFO - Processing batch of 10 files
2026-01-18 18:34:35,456 - Knowledge - INFO - Processing batch of 10 files
2026-01-18 18:34:35,457 - Knowledge - INFO - Processing batch of 10 files
2026-01-18 18:34:35,524 - Knowledge - INFO - Fast-tracked /app/data/T0015/307419/b5849in/keystone/docs/components/icons/PJohnsonLogo.tsx (small file (2850 bytes))
2026-01-18 18:34:35,613 - Knowledge - INFO - Worker kw18 processing /app/data/T0015/307419/b5849in/keystone/docs/app/(site)/for-developers/page.tsx
2026-01-18 18:34:35,697 - Knowledge - INFO - Worker kw19 processing /app/data/T0015/307419/b5849in/keystone/docs/app/keystatic/keystatic.ts
2026-01-18 18:34:35,819 - Knowledge - INFO - Fast-tracked /app/data/T0015/307419/b5849in/keystone/docs/markdoc/load-all.ts (ext=.ts, size=348)
2026-01-18 18:34:35,947 - Knowledge - INFO - Processing batch of 10 files
2026-01-18 18:34:35,997 - Knowledge - INFO - Fast-tracked /app/data/T0015/307419/b5849in/keystone/docs/components/content/MWrapper.tsx (ext=.tsx, size=541)
2026-01-18 18:34:36,079 - Knowledge - INFO - Fast-tracked /app/data/T0015/307419/b5849in/keystone/docs/app/(site)/blog/page.tsx (ext=.tsx, size=1383)
2026-01-18 18:34:36,158 - Knowledge - INFO - Worker kw16 processing /app/data/T0015/307419/b5849in/keystone/docs/app/(site)/docs/[...rest]/page.tsx
2026-01-18 18:34:36,273 - Knowledge - INFO - Fast-tracked /app/data/T0015/307419/b5849in/keystone/docs/app/(site)/docs/guides/overview/page.tsx (ext=.tsx, size=464)
2026-01-18 18:34:36,438 - Knowledge - INFO - Processing batch of 10 files
2026-01-18 18:34:36,484 - Knowledge - INFO - process ingested knowledge for /app/data/T0015/307419/b5849in/keystone/vitest.config.ts
2026-01-18 18:34:36,578 - Knowledge - INFO - process ingested knowledge for /app/data/T0015/307419/b5849in/keystone/CODE-OF-CONDUCT.md
2026-01-18 18:34:36,671 - Knowledge - INFO - process ingested knowledge for /app/data/T0015/307419/b5849in/keystone/docs/components/Announce.tsx
2026-01-18 18:34:36,850 - Knowledge - INFO - process ingested knowledge for /app/data/T0015/307419/b5849in/keystone/docs/components/icons/LightMode.tsx
2026-01-18 18:34:36,975 - Knowledge - INFO - process ingested knowledge for /app/data/T0015/307419/b5849in/keystone/docs/components/primitives/Button.tsx
2026-01-18 18:34:37,219 - Knowledge - INFO - Fast-tracked /app/data/T0015/307419/b5849in/keystone/docs/app/(site)/for-developers/page.tsx (ext=.tsx, size=397)
2026-01-18 18:34:37,222 - Knowledge - INFO - [LLM_CALL] Completed: Postgres.tsx:chunk1, Duration: 6921ms, PromptTokens: 6708, CompletionTokens: 186, Cost: $0.00075
2026-01-18 18:34:37,337 - Knowledge - INFO - Fast-tracked /app/data/T0015/307419/b5849in/keystone/docs/app/keystatic/keystatic.ts (ext=.ts, size=141)
2026-01-18 18:34:37,416 - Knowledge - INFO - Worker kw20 processing /app/data/T0015/307419/b5849in/keystone/docs/markdoc/index.test.ts
2026-01-18 18:34:37,505 - Knowledge - INFO - process ingested knowledge for /app/data/T0015/307419/b5849in/keystone/docs/components/icons/util.tsx
2026-01-18 18:34:37,598 - Knowledge - INFO - Fast-tracked /app/data/T0015/307419/b5849in/keystone/docs/components/content/EndCta.tsx (small file (2193 bytes))
2026-01-18 18:34:37,691 - Knowledge - INFO - Fast-tracked /app/data/T0015/307419/b5849in/keystone/docs/components/Socials.tsx (small file (2256 bytes))
2026-01-18 18:34:37,693 - Knowledge - INFO - Fast-tracked /app/data/T0015/307419/b5849in/keystone/docs/components/icons/RugbyAuLogo.tsx (small file (2652 bytes))
2026-01-18 18:34:37,797 - Knowledge - INFO - Fast-tracked /app/data/T0015/307419/b5849in/keystone/docs/app/(site)/docs/[...rest]/page.tsx (ext=.tsx, size=1952)
2026-01-18 18:34:37,868 - Knowledge - INFO - Worker kw17 processing /app/data/T0015/307419/b5849in/keystone/docs/app/(site)/docs/guides/overview/page-client.tsx
2026-01-18 18:34:37,974 - Knowledge - INFO - process ingested knowledge for /app/data/T0015/307419/b5849in/keystone/docs/components/icons/PrintBarLogo.tsx
2026-01-18 18:34:38,088 - Knowledge - INFO - process ingested knowledge for /app/data/T0015/307419/b5849in/keystone/scripts/prepare-release.js
2026-01-18 18:34:38,178 - Knowledge - INFO - process ingested knowledge for /app/data/T0015/307419/b5849in/keystone/docs/scripts/replace-show-next-release/markdoc.test.ts
2026-01-18 18:34:38,257 - Knowledge - INFO - process ingested knowledge for /app/data/T0015/307419/b5849in/keystone/docs/components/Footer.tsx
2026-01-18 18:34:38,339 - Knowledge - INFO - process ingested knowledge for /app/data/T0015/307419/b5849in/keystone/docs/components/icons/YouTube.tsx
2026-01-18 18:34:38,420 - Knowledge - INFO - process ingested knowledge for /app/data/T0015/307419/b5849in/keystone/docs/components/primitives/Alert.tsx
2026-01-18 18:34:38,519 - Knowledge - INFO - Worker kw18 processing /app/data/T0015/307419/b5849in/keystone/docs/app/(site)/for-developers/page-client.tsx
2026-01-18 18:34:38,595 - Knowledge - INFO - done ingest for /app/data/T0015/307419/b5849in/keystone/docs/components/icons/Postgres.tsx
2026-01-18 18:34:38,678 - Knowledge - INFO - Worker kw19 processing /app/data/T0015/307419/b5849in/keystone/docs/app/keystatic/[[...params]]/page.tsx
2026-01-18 18:34:38,799 - Knowledge - INFO - Fast-tracked /app/data/T0015/307419/b5849in/keystone/docs/markdoc/index.test.ts (ext=.ts, size=3880)
2026-01-18 18:34:38,881 - Knowledge - INFO - process ingested knowledge for /app/data/T0015/307419/b5849in/keystone/docs/components/icons/Slack.tsx
2026-01-18 18:34:38,926 - Knowledge - INFO - [LLM_CALL] Completed: FrontEndLogos.tsx:chunk1, Duration: 7180ms, PromptTokens: 20974, CompletionTokens: 190, Cost: $0.00217
2026-01-18 18:34:39,043 - Knowledge - INFO - Fast-tracked /app/data/T0015/307419/b5849in/keystone/docs/components/docs/Heading.tsx (small file (2540 bytes))
2026-01-18 18:34:39,056 - Knowledge - INFO - Fast-tracked /app/data/T0015/307419/b5849in/keystone/docs/components/Breadcrumbs.tsx (small file (2134 bytes))
2026-01-18 18:34:39,365 - Knowledge - INFO - Worker kw17 processing /app/data/T0015/307419/b5849in/keystone/docs/app/(site)/docs/walkthroughs/page.tsx
2026-01-18 18:34:39,455 - Knowledge - INFO - process ingested knowledge for /app/data/T0015/307419/b5849in/keystone/docs/components/icons/GitHub.tsx
2026-01-18 18:34:39,545 - Knowledge - INFO - process ingested knowledge for /app/data/T0015/307419/b5849in/keystone/pnpm-workspace.yaml
2026-01-18 18:34:39,628 - Knowledge - INFO - process ingested knowledge for /app/data/T0015/307419/b5849in/keystone/docs/scripts/replace-show-next-release/markdoc.ts
2026-01-18 18:34:39,700 - Knowledge - INFO - process ingested knowledge for /app/data/T0015/307419/b5849in/keystone/docs/components/primitives/Badge.tsx
2026-01-18 18:34:39,779 - Knowledge - INFO - process ingested knowledge for /app/data/T0015/307419/b5849in/keystone/docs/components/icons/Hamburger.tsx
2026-01-18 18:34:39,803 - Knowledge - INFO - Fast-tracked /app/data/T0015/307419/b5849in/keystone/docs/components/Markdoc.tsx (small file (2711 bytes))
2026-01-18 18:34:39,858 - Knowledge - INFO - process ingested knowledge for /app/data/T0015/307419/b5849in/keystone/docs/components/primitives/Highlight.tsx
2026-01-18 18:34:39,958 - Knowledge - INFO - Worker kw18 processing /app/data/T0015/307419/b5849in/keystone/docs/app/(site)/layout.tsx
2026-01-18 18:34:40,180 - Knowledge - INFO - Fast-tracked /app/data/T0015/307419/b5849in/keystone/docs/app/keystatic/[[...params]]/page.tsx (ext=.tsx, size=49)
2026-01-18 18:34:40,281 - Knowledge - INFO - Worker kw20 processing /app/data/T0015/307419/b5849in/keystone/docs/keystatic/reader.ts
2026-01-18 18:34:40,379 - Knowledge - INFO - process ingested knowledge for /app/data/T0015/307419/b5849in/keystone/docs/components/icons/Quote.tsx
2026-01-18 18:34:40,461 - Knowledge - INFO - done ingest for /app/data/T0015/307419/b5849in/keystone/docs/components/icons/FrontEndLogos.tsx
2026-01-18 18:34:40,467 - Knowledge - INFO - [LLM_CALL] Completed: GraphQl.tsx:chunk1, Duration: 7390ms, PromptTokens: 4140, CompletionTokens: 190, Cost: $0.00049
2026-01-18 18:34:40,759 - Knowledge - INFO - Fast-tracked /app/data/T0015/307419/b5849in/keystone/docs/app/(site)/docs/walkthroughs/page.tsx (ext=.tsx, size=866)
2026-01-18 18:34:40,849 - Knowledge - INFO - process ingested knowledge for /app/data/T0015/307419/b5849in/keystone/docs/components/icons/Twitter.tsx
2026-01-18 18:34:40,938 - Knowledge - INFO - process ingested knowledge for /app/data/T0015/307419/b5849in/keystone/package.json
2026-01-18 18:34:41,047 - Knowledge - INFO - process ingested knowledge for /app/data/T0015/307419/b5849in/keystone/docs/scripts/replace-show-next-release/index.ts
2026-01-18 18:34:41,130 - Knowledge - INFO - process ingested knowledge for /app/data/T0015/307419/b5849in/keystone/docs/components/primitives/Code.tsx
2026-01-18 18:34:41,242 - Knowledge - INFO - process ingested knowledge for /app/data/T0015/307419/b5849in/keystone/docs/components/icons/ArrowR.tsx
2026-01-18 18:34:41,446 - Knowledge - INFO - process ingested knowledge for /app/data/T0015/307419/b5849in/keystone/docs/components/primitives/Stack.tsx
2026-01-18 18:34:41,636 - Knowledge - INFO - Worker kw19 processing /app/data/T0015/307419/b5849in/keystone/docs/app/keystatic/layout.tsx
2026-01-18 18:34:41,719 - Knowledge - INFO - Fast-tracked /app/data/T0015/307419/b5849in/keystone/docs/keystatic/reader.ts (ext=.ts, size=172)
2026-01-18 18:34:41,797 - Knowledge - INFO - process ingested knowledge for /app/data/T0015/307419/b5849in/keystone/docs/components/icons/WhyKeystone.tsx
2026-01-18 18:34:41,988 - Knowledge - INFO - done ingest for /app/data/T0015/307419/b5849in/keystone/docs/components/icons/GraphQl.tsx
2026-01-18 18:34:41,989 - Knowledge - INFO - [LLM_CALL] Completed: DFATLogo.tsx:chunk1, Duration: 7718ms, PromptTokens: 48426, CompletionTokens: 192, Cost: $0.00492
2026-01-18 18:34:42,064 - Knowledge - INFO - Fast-tracked /app/data/T0015/307419/b5849in/keystone/docs/app/(site)/docs/config/overview/page-client.tsx (small file (2221 bytes))
2026-01-18 18:34:42,146 - Knowledge - INFO - process ingested knowledge for /app/data/T0015/307419/b5849in/keystone/docs/components/icons/ClientLogos.tsx
2026-01-18 18:34:42,219 - Knowledge - INFO - process ingested knowledge for /app/data/T0015/307419/b5849in/keystone/renovate.json
2026-01-18 18:34:42,310 - Knowledge - INFO - process ingested knowledge for /app/data/T0015/307419/b5849in/keystone/docs/scripts/rss.ts
2026-01-18 18:34:42,427 - Knowledge - INFO - process ingested knowledge for /app/data/T0015/307419/b5849in/keystone/docs/components/primitives/GitHubButton.tsx
2026-01-18 18:34:42,498 - Knowledge - INFO - process ingested knowledge for /app/data/T0015/307419/b5849in/keystone/docs/components/icons/EnliticLogo.tsx
2026-01-18 18:34:42,620 - Knowledge - INFO - process ingested knowledge for /app/data/T0015/307419/b5849in/keystone/docs/components/primitives/Loading.tsx
2026-01-18 18:34:42,698 - Knowledge - INFO - Fast-tracked /app/data/T0015/307419/b5849in/keystone/docs/app/keystatic/layout.tsx (ext=.tsx, size=187)
2026-01-18 18:34:42,785 - Knowledge - INFO - Worker kw20 processing /app/data/T0015/307419/b5849in/keystone/docs/keystatic/gradient-selector.ts
2026-01-18 18:34:42,871 - Knowledge - INFO - process ingested knowledge for /app/data/T0015/307419/b5849in/keystone/docs/components/icons/Migration.tsx
2026-01-18 18:34:43,039 - Knowledge - INFO - done ingest for /app/data/T0015/307419/b5849in/keystone/docs/components/icons/DFATLogo.tsx
2026-01-18 18:34:43,117 - Knowledge - INFO - Processing batch of 10 files
2026-01-18 18:34:43,121 - Knowledge - INFO - Processing batch of 10 files
2026-01-18 18:34:43,130 - Knowledge - INFO - Fast-tracked /app/data/T0015/307419/b5849in/keystone/docs/app/(site)/docs/guides/document-field-demo/page-client.tsx (small file (2719 bytes))
2026-01-18 18:34:43,233 - Knowledge - INFO - process ingested knowledge for /app/data/T0015/307419/b5849in/keystone/docs/components/icons/Relational.tsx
2026-01-18 18:34:43,314 - Knowledge - INFO - process ingested knowledge for /app/data/T0015/307419/b5849in/keystone/pnpm-lock.yaml
2026-01-18 18:34:43,408 - Knowledge - INFO - process ingested knowledge for /app/data/T0015/307419/b5849in/keystone/docs/scripts/validate-links.ts
2026-01-18 18:34:43,519 - Knowledge - INFO - process ingested knowledge for /app/data/T0015/307419/b5849in/keystone/docs/components/primitives/Wrapper.tsx
2026-01-18 18:34:43,595 - Knowledge - INFO - process ingested knowledge for /app/data/T0015/307419/b5849in/keystone/docs/components/icons/Shield.tsx
2026-01-18 18:34:43,710 - Knowledge - INFO - process ingested knowledge for /app/data/T0015/307419/b5849in/keystone/docs/components/primitives/Gradient.tsx
2026-01-18 18:34:43,907 - Knowledge - INFO - Fast-tracked /app/data/T0015/307419/b5849in/keystone/docs/keystatic/gradient-selector.ts (ext=.ts, size=510)
2026-01-18 18:34:43,971 - Knowledge - INFO - Fast-tracked /app/data/T0015/307419/b5849in/keystone/docs/components/content/CommunityCta.tsx (small file (2941 bytes))
2026-01-18 18:34:44,020 - Knowledge - INFO - process ingested knowledge for /app/data/T0015/307419/b5849in/keystone/docs/components/icons/Nope.tsx
2026-01-18 18:34:44,164 - Knowledge - INFO - Processing batch of 10 files
2026-01-18 18:34:44,218 - Knowledge - INFO - process ingested knowledge for /app/data/T0015/307419/b5849in/keystone/docs/components/icons/FrontEndLogos.tsx
2026-01-18 18:34:44,319 - Knowledge - INFO - process ingested knowledge for /app/data/T0015/307419/b5849in/keystone/docs/components/icons/Typescript.tsx
2026-01-18 18:34:44,504 - Knowledge - INFO - process ingested knowledge for /app/data/T0015/307419/b5849in/keystone/docs/components/icons/Content.tsx
2026-01-18 18:34:44,596 - Knowledge - INFO - process ingested knowledge for /app/data/T0015/307419/b5849in/keystone/prisma-utils/package.json
2026-01-18 18:34:44,684 - Knowledge - INFO - process ingested knowledge for /app/data/T0015/307419/b5849in/keystone/docs/package.json
2026-01-18 18:34:44,754 - Knowledge - INFO - process ingested knowledge for /app/data/T0015/307419/b5849in/keystone/docs/components/primitives/Emoji.tsx
2026-01-18 18:34:44,834 - Knowledge - INFO - process ingested knowledge for /app/data/T0015/307419/b5849in/keystone/docs/components/icons/Docs.tsx
2026-01-18 18:34:44,920 - Knowledge - INFO - process ingested knowledge for /app/data/T0015/307419/b5849in/keystone/docs/components/primitives/YouTubeEmbed.tsx
2026-01-18 18:34:45,000 - Knowledge - INFO - Worker kw20 processing /app/data/T0015/307419/b5849in/keystone/docs/keystatic/get-featured-docs-map.ts
2026-01-18 18:34:45,168 - Knowledge - INFO - process ingested knowledge for /app/data/T0015/307419/b5849in/keystone/docs/components/icons/Keystone.tsx
2026-01-18 18:34:45,240 - Knowledge - INFO - process ingested knowledge for /app/data/T0015/307419/b5849in/keystone/docs/components/icons/DFATLogo.tsx
2026-01-18 18:34:45,311 - Knowledge - INFO - process ingested knowledge for /app/data/T0015/307419/b5849in/keystone/docs/components/icons/Prisma.tsx
2026-01-18 18:34:45,381 - Knowledge - INFO - process ingested knowledge for /app/data/T0015/307419/b5849in/keystone/docs/components/icons/Postgres.tsx
2026-01-18 18:34:45,470 - Knowledge - INFO - process ingested knowledge for /app/data/T0015/307419/b5849in/keystone/docs/components/icons/Custom.tsx
2026-01-18 18:34:45,585 - Knowledge - INFO - process ingested knowledge for /app/data/T0015/307419/b5849in/keystone/prisma-utils/main.ts
2026-01-18 18:34:45,678 - Knowledge - INFO - process ingested knowledge for /app/data/T0015/307419/b5849in/keystone/docs/next-env.d.ts
2026-01-18 18:34:45,779 - Knowledge - INFO - process ingested knowledge for /app/data/T0015/307419/b5849in/keystone/docs/components/primitives/Well.tsx
2026-01-18 18:34:45,855 - Knowledge - INFO - process ingested knowledge for /app/data/T0015/307419/b5849in/keystone/docs/components/icons/Profile.tsx
2026-01-18 18:34:45,928 - Knowledge - INFO - process ingested knowledge for /app/data/T0015/307419/b5849in/keystone/docs/components/primitives/SearchField.tsx
2026-01-18 18:34:46,021 - Knowledge - INFO - Fast-tracked /app/data/T0015/307419/b5849in/keystone/docs/keystatic/get-featured-docs-map.ts (ext=.ts, size=1955)
2026-01-18 18:34:46,116 - Knowledge - INFO - process ingested knowledge for /app/data/T0015/307419/b5849in/keystone/docs/components/icons/SearchKeys.tsx
2026-01-18 18:34:46,341 - Knowledge - INFO - process ingested knowledge for /app/data/T0015/307419/b5849in/keystone/docs/components/icons/RugbyAuLogo.tsx
2026-01-18 18:34:46,454 - Knowledge - INFO - process ingested knowledge for /app/data/T0015/307419/b5849in/keystone/docs/components/icons/Welcome.tsx
2026-01-18 18:34:46,573 - Knowledge - INFO - process ingested knowledge for /app/data/T0015/307419/b5849in/keystone/docs/components/icons/Video.tsx
2026-01-18 18:34:46,688 - Knowledge - INFO - process ingested knowledge for /app/data/T0015/307419/b5849in/keystone/docs/components/icons/Code.tsx
2026-01-18 18:34:46,779 - Knowledge - INFO - process ingested knowledge for /app/data/T0015/307419/b5849in/keystone/prisma-utils/README.md
2026-01-18 18:34:46,907 - Knowledge - INFO - process ingested knowledge for /app/data/T0015/307419/b5849in/keystone/docs/keystatic.config.tsx
2026-01-18 18:34:47,034 - Knowledge - INFO - process ingested knowledge for /app/data/T0015/307419/b5849in/keystone/docs/components/primitives/Field.tsx
2026-01-18 18:34:47,073 - Knowledge - INFO - [LLM_CALL] Completed: AdvancedReactCta.tsx:chunk1, Duration: 6607ms, PromptTokens: 2378, CompletionTokens: 274, Cost: $0.00035
2026-01-18 18:34:47,131 - Knowledge - INFO - process ingested knowledge for /app/data/T0015/307419/b5849in/keystone/docs/components/icons/Roadmap.tsx
2026-01-18 18:34:47,252 - Knowledge - INFO - process ingested knowledge for /app/data/T0015/307419/b5849in/keystone/docs/components/primitives/EditButton.tsx
2026-01-18 18:34:47,427 - Knowledge - INFO - process ingested knowledge for /app/data/T0015/307419/b5849in/keystone/docs/components/icons/Relationship.tsx
2026-01-18 18:34:47,526 - Knowledge - INFO - process ingested knowledge for /app/data/T0015/307419/b5849in/keystone/docs/components/icons/index.ts
2026-01-18 18:34:47,609 - Knowledge - INFO - process ingested knowledge for /app/data/T0015/307419/b5849in/keystone/docs/components/icons/Nextjs.tsx
2026-01-18 18:34:47,706 - Knowledge - INFO - process ingested knowledge for /app/data/T0015/307419/b5849in/keystone/docs/components/icons/Watch.tsx
2026-01-18 18:34:47,808 - Knowledge - INFO - process ingested knowledge for /app/data/T0015/307419/b5849in/keystone/docs/components/icons/Copy.tsx
2026-01-18 18:34:47,899 - Knowledge - INFO - process ingested knowledge for /app/data/T0015/307419/b5849in/keystone/prisma-utils/CHANGELOG.md
2026-01-18 18:34:48,022 - Knowledge - INFO - process ingested knowledge for /app/data/T0015/307419/b5849in/keystone/docs/components/Theme.tsx
2026-01-18 18:34:48,132 - Knowledge - INFO - process ingested knowledge for /app/data/T0015/307419/b5849in/keystone/docs/components/primitives/Status.tsx
2026-01-18 18:34:48,204 - Knowledge - INFO - done ingest for /app/data/T0015/307419/b5849in/keystone/docs/components/content/AdvancedReactCta.tsx
2026-01-18 18:34:48,330 - Knowledge - INFO - process ingested knowledge for /app/data/T0015/307419/b5849in/keystone/docs/components/icons/Automated.tsx
2026-01-18 18:34:48,447 - Knowledge - INFO - process ingested knowledge for /app/data/T0015/307419/b5849in/keystone/docs/components/primitives/Type.tsx
2026-01-18 18:34:48,545 - Knowledge - INFO - process ingested knowledge for /app/data/T0015/307419/b5849in/keystone/docs/components/ThemeToggle.tsx
2026-01-18 18:34:48,628 - Knowledge - INFO - process ingested knowledge for /app/data/T0015/307419/b5849in/keystone/docs/components/icons/Search.tsx
2026-01-18 18:34:48,698 - Knowledge - INFO - process ingested knowledge for /app/data/T0015/307419/b5849in/keystone/docs/components/icons/Thinkmill.tsx
2026-01-18 18:34:48,781 - Knowledge - INFO - process ingested knowledge for /app/data/T0015/307419/b5849in/keystone/docs/components/icons/Editor.tsx
2026-01-18 18:34:48,900 - Knowledge - INFO - process ingested knowledge for /app/data/T0015/307419/b5849in/keystone/docs/components/icons/Tick.tsx
2026-01-18 18:34:49,771 - Knowledge - INFO - process ingested knowledge for /app/data/T0015/307419/b5849in/keystone/docs/components/icons/Close.tsx
2026-01-18 18:34:50,004 - Knowledge - INFO - process ingested knowledge for /app/data/T0015/307419/b5849in/keystone/docs/components/icons/Question.tsx
2026-01-18 18:34:50,006 - Knowledge - INFO - process ingested knowledge for /app/data/T0015/307419/b5849in/keystone/docs/components/icons/DarkMode.tsx
2026-01-18 18:34:50,007 - Knowledge - INFO - process ingested knowledge for /app/data/T0015/307419/b5849in/keystone/docs/components/icons/Edit.tsx
2026-01-18 18:34:50,202 - Knowledge - INFO - Fast-tracked /app/data/T0015/307419/b5849in/keystone/docs/components/content/CodeWindow.tsx (small file (3069 bytes))
2026-01-18 18:34:50,621 - Knowledge - INFO - process ingested knowledge for /app/data/T0015/307419/b5849in/keystone/docs/components/icons/Cli.tsx
2026-01-18 18:34:50,689 - Knowledge - INFO - process ingested knowledge for /app/data/T0015/307419/b5849in/keystone/docs/components/icons/GraphQl.tsx
2026-01-18 18:34:51,094 - Knowledge - INFO - Fast-tracked /app/data/T0015/307419/b5849in/keystone/docs/app/(site)/not-found.tsx (small file (2078 bytes))
2026-01-18 18:34:51,114 - Knowledge - INFO - process ingested knowledge for /app/data/T0015/307419/b5849in/keystone/docs/components/icons/Updates.tsx
2026-01-18 18:34:51,262 - Knowledge - INFO - process ingested knowledge for /app/data/T0015/307419/b5849in/keystone/docs/components/icons/Download.tsx
2026-01-18 18:34:51,340 - Knowledge - INFO - process ingested knowledge for /app/data/T0015/307419/b5849in/keystone/docs/components/icons/Lab.tsx
2026-01-18 18:34:52,254 - Knowledge - INFO - process ingested knowledge for /app/data/T0015/307419/b5849in/keystone/docs/components/icons/VocalLogo.tsx
2026-01-18 18:34:52,348 - Knowledge - INFO - process ingested knowledge for /app/data/T0015/307419/b5849in/keystone/docs/components/icons/WestpacLogo.tsx
2026-01-18 18:34:52,348 - Knowledge - INFO - process ingested knowledge for /app/data/T0015/307419/b5849in/keystone/docs/components/icons/Organization.tsx
2026-01-18 18:34:54,134 - Knowledge - INFO - process ingested knowledge for /app/data/T0015/307419/b5849in/keystone/docs/components/icons/Filter.tsx
2026-01-18 18:34:54,208 - Knowledge - INFO - [LLM_CALL] Completed: DocsLayoutClient.tsx:chunk1, Duration: 12220ms, PromptTokens: 2348, CompletionTokens: 304, Cost: $0.00036
2026-01-18 18:34:54,349 - Knowledge - INFO - process ingested knowledge for /app/data/T0015/307419/b5849in/keystone/docs/components/icons/Bulb.tsx
2026-01-18 18:34:54,545 - Knowledge - INFO - done ingest for /app/data/T0015/307419/b5849in/keystone/docs/components/docs/DocsLayoutClient.tsx
2026-01-18 18:34:54,557 - Knowledge - INFO - [LLM_CALL] Completed: page-client.tsx:chunk1, Duration: 3297ms, PromptTokens: 2970, CompletionTokens: 245, Cost: $0.00040
2026-01-18 18:34:54,883 - Knowledge - INFO - done ingest for /app/data/T0015/307419/b5849in/keystone/docs/app/(site)/docs/guides/overview/page-client.tsx
2026-01-18 18:34:54,896 - Knowledge - INFO - [LLM_CALL] Completed: ContactForm.tsx:chunk1, Duration: 14433ms, PromptTokens: 2946, CompletionTokens: 285, Cost: $0.00041
2026-01-18 18:34:55,127 - Knowledge - INFO - process ingested knowledge for /app/data/T0015/307419/b5849in/keystone/docs/components/icons/PJohnsonLogo.tsx
2026-01-18 18:34:55,128 - Knowledge - INFO - process ingested knowledge for /app/data/T0015/307419/b5849in/keystone/docs/components/icons/Link.tsx
2026-01-18 18:34:55,214 - Knowledge - INFO - done ingest for /app/data/T0015/307419/b5849in/keystone/docs/components/ContactForm.tsx
2026-01-18 18:34:55,214 - Knowledge - INFO - [LLM_CALL] Completed: Navigation.tsx:chunk1, Duration: 19814ms, PromptTokens: 3332, CompletionTokens: 442, Cost: $0.00051
2026-01-18 18:34:55,593 - Knowledge - INFO - done ingest for /app/data/T0015/307419/b5849in/keystone/docs/components/docs/Navigation.tsx
2026-01-18 18:34:55,614 - Knowledge - INFO - [WEBSOCKET] Sent: Type=progress_update, Size: 292, Duration: 19ms
2026-01-18 18:34:56,147 - Knowledge - INFO - [LLM_CALL] Completed: KeystoneExperience.tsx:chunk1, Duration: 20746ms, PromptTokens: 3670, CompletionTokens: 241, Cost: $0.00046
2026-01-18 18:34:56,360 - Knowledge - INFO - done ingest for /app/data/T0015/307419/b5849in/keystone/docs/components/docs/KeystoneExperience.tsx
2026-01-18 18:34:56,362 - Knowledge - INFO - [WEBSOCKET] Sent: Type=unknown, Size: ?, Duration: 767ms
2026-01-18 18:34:56,534 - Knowledge - INFO - [kw2] Queue=1106, InProgress=0, PendingWorkers=20/20, Completed=112/1306 (8.6%)
2026-01-18 18:34:56,669 - Knowledge - INFO - Progress: 8.3% | Files: 112/1306 | Rate: 1.58 files/sec | Queue: 1106
2026-01-18 18:34:56,677 - Knowledge - INFO - Processing batch of 10 files
2026-01-18 18:34:56,763 - Knowledge - INFO - Batch sizing: calculated=10, max_allowed=10, queue=1106, active_workers=20/20
2026-01-18 18:34:57,002 - Knowledge - INFO - [LLM_CALL] Completed: SubscribeForm.tsx:chunk1, Duration: 13963ms, PromptTokens: 2746, CompletionTokens: 289, Cost: $0.00039
2026-01-18 18:34:57,010 - Knowledge - INFO - process ingested knowledge for /app/data/T0015/307419/b5849in/keystone/docs/components/content/EndCta.tsx
2026-01-18 18:34:57,287 - Knowledge - INFO - done ingest for /app/data/T0015/307419/b5849in/keystone/docs/components/SubscribeForm.tsx
2026-01-18 18:34:57,805 - Knowledge - INFO - [kw1] Queue=1106, InProgress=0, PendingWorkers=20/20, Completed=114/1306 (8.7%)
2026-01-18 18:34:57,807 - Knowledge - INFO - Async storing batch of 10 embeddings
2026-01-18 18:34:58,056 - Knowledge - INFO - Batch sizing: calculated=10, max_allowed=10, queue=1106, active_workers=20/20
2026-01-18 18:34:58,090 - Knowledge - INFO - [kw3] Queue=1096, InProgress=0, PendingWorkers=20/20, Completed=114/1306 (8.7%)
2026-01-18 18:34:58,198 - Knowledge - INFO - Worker kw2 processing /app/data/T0015/307419/b5849in/keystone/docs/keystatic/content-components.tsx
2026-01-18 18:34:58,481 - Knowledge - INFO - Batch sizing: calculated=10, max_allowed=10, queue=1096, active_workers=20/20
2026-01-18 18:34:58,586 - Knowledge - INFO - Fast-tracked /app/data/T0015/307419/b5849in/keystone/docs/keystatic/content-components.tsx (ext=.tsx, size=877)
2026-01-18 18:34:58,694 - Knowledge - INFO - [LLM_CALL] Completed: route.tsx:chunk1, Duration: 16706ms, PromptTokens: 3100, CompletionTokens: 306, Cost: $0.00043
2026-01-18 18:34:58,701 - Knowledge - INFO - [kw7] Queue=1096, InProgress=0, PendingWorkers=20/20, Completed=115/1306 (8.8%)
2026-01-18 18:34:58,763 - Knowledge - INFO - Worker kw2 processing /app/data/T0015/307419/b5849in/keystone/docs/cypress.json
2026-01-18 18:34:58,863 - Knowledge - INFO - process ingested knowledge for /app/data/T0015/307419/b5849in/keystone/docs/components/content/Section.tsx
2026-01-18 18:34:58,905 - Knowledge - INFO - done ingest for /app/data/T0015/307419/b5849in/keystone/docs/app/api/hero-image/route.tsx
2026-01-18 18:34:58,906 - Knowledge - INFO - Async storing batch of 10 embeddings
2026-01-18 18:34:58,937 - Knowledge - INFO - Async storing batch of 10 embeddings
2026-01-18 18:34:58,998 - Knowledge - INFO - Batch sizing: calculated=10, max_allowed=10, queue=1096, active_workers=20/20
2026-01-18 18:34:59,013 - Knowledge - INFO - [kw4] Queue=1076, InProgress=0, PendingWorkers=20/20, Completed=117/1306 (9.0%)
2026-01-18 18:34:59,093 - Knowledge - INFO - Fast-tracked /app/data/T0015/307419/b5849in/keystone/docs/cypress.json (ext=.json, size=40)
2026-01-18 18:34:59,422 - Knowledge - INFO - [kw5] Queue=1076, InProgress=0, PendingWorkers=20/20, Completed=120/1306 (9.2%)
2026-01-18 18:34:59,422 - Knowledge - INFO - [kw10] Queue=1076, InProgress=0, PendingWorkers=20/20, Completed=120/1306 (9.2%)
2026-01-18 18:34:59,555 - Knowledge - INFO - Worker kw1 processing /app/data/T0015/307419/b5849in/keystone/docs/content/blog/nextjs-keystone.md
2026-01-18 18:34:59,630 - Knowledge - INFO - Worker kw3 processing /app/data/T0015/307419/b5849in/keystone/docs/content/docs/config/session.md
2026-01-18 18:34:59,750 - Knowledge - INFO - process ingested knowledge for /app/data/T0015/307419/b5849in/keystone/docs/components/content/AdvancedReactCta.tsx
2026-01-18 18:34:59,829 - Knowledge - INFO - Batch sizing: calculated=10, max_allowed=10, queue=1076, active_workers=20/20
2026-01-18 18:34:59,935 - Knowledge - INFO - Worker kw2 processing /app/data/T0015/307419/b5849in/keystone/docs/tsconfig.json
2026-01-18 18:35:00,098 - Knowledge - INFO - Batch sizing: calculated=10, max_allowed=10, queue=1076, active_workers=20/20
2026-01-18 18:35:00,236 - Knowledge - INFO - Async storing batch of 10 embeddings
2026-01-18 18:35:00,270 - Knowledge - INFO - Batch sizing: calculated=10, max_allowed=10, queue=1076, active_workers=20/20
2026-01-18 18:35:00,462 - Knowledge - INFO - Fast-tracked /app/data/T0015/307419/b5849in/keystone/docs/content/blog/nextjs-keystone.md (ext=.md, size=9492)
2026-01-18 18:35:00,579 - Knowledge - INFO - [LLM_CALL] Completed: page-client.tsx:chunk1, Duration: 2097ms, PromptTokens: 9858, CompletionTokens: 569, Cost: $0.00121
2026-01-18 18:35:00,605 - Knowledge - INFO - Fast-tracked /app/data/T0015/307419/b5849in/keystone/docs/content/docs/config/session.md (ext=.md, size=6406)
2026-01-18 18:35:00,940 - Knowledge - INFO - Fast-tracked /app/data/T0015/307419/b5849in/keystone/docs/tsconfig.json (ext=.json, size=586)
2026-01-18 18:35:00,955 - Knowledge - INFO - process ingested knowledge for /app/data/T0015/307419/b5849in/keystone/docs/components/content/CommunityCta.tsx
2026-01-18 18:35:01,149 - Knowledge - INFO - Worker kw7 processing /app/data/T0015/307419/b5849in/keystone/docs/content/docs/guides/custom-field-views.md
2026-01-18 18:35:01,357 - Knowledge - INFO - Worker kw1 processing /app/data/T0015/307419/b5849in/keystone/docs/content/blog/general-availability.md
2026-01-18 18:35:01,460 - Knowledge - INFO - done ingest for /app/data/T0015/307419/b5849in/keystone/docs/app/(site)/roadmap/page-client.tsx
2026-01-18 18:35:01,475 - Knowledge - INFO - Async storing batch of 10 embeddings
2026-01-18 18:35:01,517 - Knowledge - INFO - Async storing batch of 10 embeddings
2026-01-18 18:35:01,614 - Knowledge - INFO - Worker kw3 processing /app/data/T0015/307419/b5849in/keystone/docs/content/docs/config/hooks.md
2026-01-18 18:35:01,671 - Knowledge - INFO - Async storing batch of 10 embeddings
2026-01-18 18:35:01,788 - Knowledge - INFO - Worker kw2 processing /app/data/T0015/307419/b5849in/keystone/docs/types/images.d.ts
2026-01-18 18:35:02,108 - Knowledge - INFO - Fast-tracked /app/data/T0015/307419/b5849in/keystone/docs/content/docs/guides/custom-field-views.md (ext=.md, size=133)
2026-01-18 18:35:02,212 - Knowledge - INFO - Fast-tracked /app/data/T0015/307419/b5849in/keystone/docs/content/blog/general-availability.md (ext=.md, size=4902)
2026-01-18 18:35:02,444 - Knowledge - INFO - Worker kw4 processing /app/data/T0015/307419/b5849in/keystone/docs/content/docs/context/db-items.md
2026-01-18 18:35:02,594 - Knowledge - INFO - Worker kw5 processing /app/data/T0015/307419/b5849in/keystone/docs/content/docs/fields/text.md
2026-01-18 18:35:02,715 - Knowledge - INFO - process ingested knowledge for /app/data/T0015/307419/b5849in/keystone/docs/components/content/PillCta.tsx
2026-01-18 18:35:02,715 - Knowledge - INFO - Fast-tracked /app/data/T0015/307419/b5849in/keystone/docs/content/docs/config/hooks.md (ext=.md, size=21766)
2026-01-18 18:35:02,841 - Knowledge - INFO - Worker kw10 processing /app/data/T0015/307419/b5849in/keystone/docs/content/docs/fields/document.md
2026-01-18 18:35:03,081 - Knowledge - INFO - Fast-tracked /app/data/T0015/307419/b5849in/keystone/docs/types/images.d.ts (ext=.ts, size=93)
2026-01-18 18:35:03,245 - Knowledge - INFO - Worker kw7 processing /app/data/T0015/307419/b5849in/keystone/docs/content/docs/guides/custom-fields.md
2026-01-18 18:35:03,343 - Knowledge - INFO - Worker kw1 processing /app/data/T0015/307419/b5849in/keystone/docs/content/blog/introducing-keystone-blog.md
2026-01-18 18:35:03,489 - Knowledge - INFO - Fast-tracked /app/data/T0015/307419/b5849in/keystone/docs/content/docs/context/db-items.md (ext=.md, size=3535)
2026-01-18 18:35:03,568 - Knowledge - INFO - Fast-tracked /app/data/T0015/307419/b5849in/keystone/docs/content/docs/fields/text.md (ext=.md, size=4496)
2026-01-18 18:35:03,846 - Knowledge - INFO - Worker kw3 processing /app/data/T0015/307419/b5849in/keystone/docs/content/docs/config/access-control.md
2026-01-18 18:35:04,036 - Knowledge - INFO - Fast-tracked /app/data/T0015/307419/b5849in/keystone/docs/content/docs/fields/document.md (ext=.md, size=1201)
2026-01-18 18:35:04,170 - Knowledge - INFO - Worker kw2 processing /app/data/T0015/307419/b5849in/keystone/docs/redirects.mjs
2026-01-18 18:35:04,310 - Knowledge - INFO - Fast-tracked /app/data/T0015/307419/b5849in/keystone/docs/content/docs/guides/custom-fields.md (ext=.md, size=6154)
2026-01-18 18:35:04,386 - Knowledge - INFO - process ingested knowledge for /app/data/T0015/307419/b5849in/keystone/docs/components/content/Pill.tsx
2026-01-18 18:35:04,435 - Knowledge - INFO - [WEBSOCKET] Sent: Type=progress_update, Size: 294, Duration: 0ms
2026-01-18 18:35:04,450 - Knowledge - INFO - Fast-tracked /app/data/T0015/307419/b5849in/keystone/docs/content/blog/introducing-keystone-blog.md (ext=.md, size=1080)
2026-01-18 18:35:04,544 - Knowledge - INFO - Worker kw4 processing /app/data/T0015/307419/b5849in/keystone/docs/content/docs/context/overview.md
2026-01-18 18:35:04,708 - Knowledge - INFO - Worker kw5 processing /app/data/T0015/307419/b5849in/keystone/docs/content/docs/fields/bigint.md
2026-01-18 18:35:04,874 - Knowledge - INFO - Fast-tracked /app/data/T0015/307419/b5849in/keystone/docs/content/docs/config/access-control.md (ext=.md, size=13206)
2026-01-18 18:35:05,004 - Knowledge - INFO - Worker kw10 processing /app/data/T0015/307419/b5849in/keystone/docs/content/docs/fields/relationship.md
2026-01-18 18:35:05,318 - Knowledge - INFO - Worker kw2 processing /app/data/T0015/307419/b5849in/keystone/docs/README.md
2026-01-18 18:35:05,362 - Knowledge - INFO - Worker kw7 processing /app/data/T0015/307419/b5849in/keystone/docs/content/docs/guides/auth-and-access-control.md
2026-01-18 18:35:05,588 - Knowledge - INFO - process ingested knowledge for /app/data/T0015/307419/b5849in/keystone/docs/components/content/CodeBox.tsx
2026-01-18 18:35:05,859 - Knowledge - INFO - Worker kw1 processing /app/data/T0015/307419/b5849in/keystone/docs/content/blog/keystone-tutorials.md
2026-01-18 18:35:05,863 - Knowledge - INFO - [WEBSOCKET] Sent: Type=unknown, Size: ?, Duration: 1427ms
2026-01-18 18:35:06,079 - Knowledge - INFO - Fast-tracked /app/data/T0015/307419/b5849in/keystone/docs/content/docs/context/overview.md (ext=.md, size=6604)
2026-01-18 18:35:06,356 - Knowledge - INFO - Fast-tracked /app/data/T0015/307419/b5849in/keystone/docs/content/docs/fields/bigint.md (ext=.md, size=3681)
2026-01-18 18:35:06,444 - Knowledge - INFO - Worker kw3 processing /app/data/T0015/307419/b5849in/keystone/docs/content/docs/guides/filters.md
2026-01-18 18:35:06,595 - Knowledge - INFO - Fast-tracked /app/data/T0015/307419/b5849in/keystone/docs/content/docs/fields/relationship.md (ext=.md, size=2408)
2026-01-18 18:35:06,747 - Knowledge - INFO - Fast-tracked /app/data/T0015/307419/b5849in/keystone/docs/README.md (ext=.md, size=1691)
2026-01-18 18:35:06,865 - Knowledge - INFO - Fast-tracked /app/data/T0015/307419/b5849in/keystone/docs/content/docs/guides/auth-and-access-control.md (ext=.md, size=21653)
2026-01-18 18:35:06,947 - Knowledge - INFO - process ingested knowledge for /app/data/T0015/307419/b5849in/keystone/docs/components/content/Intro.tsx
2026-01-18 18:35:07,114 - Knowledge - INFO - Fast-tracked /app/data/T0015/307419/b5849in/keystone/docs/content/blog/keystone-tutorials.md (ext=.md, size=1036)
2026-01-18 18:35:07,180 - Knowledge - INFO - Progress: 10.5% | Files: 140/1306 | Rate: 1.75 files/sec | Queue: 1036
2026-01-18 18:35:07,227 - Knowledge - INFO - [kw9] Queue=1036, InProgress=0, PendingWorkers=20/20, Completed=141/1306 (10.8%)
2026-01-18 18:35:07,236 - Knowledge - INFO - [kw6] Queue=1036, InProgress=0, PendingWorkers=20/20, Completed=141/1306 (10.8%)
2026-01-18 18:35:07,297 - Knowledge - INFO - Worker kw4 processing /app/data/T0015/307419/b5849in/keystone/docs/content/docs/context/get-context.md
2026-01-18 18:35:07,472 - Knowledge - INFO - Worker kw5 processing /app/data/T0015/307419/b5849in/keystone/docs/content/docs/fields/cloudinaryimage.md
2026-01-18 18:35:07,514 - Knowledge - INFO - Processing batch of 10 files
2026-01-18 18:35:07,522 - Knowledge - INFO - Processing batch of 10 files
2026-01-18 18:35:07,588 - Knowledge - INFO - Fast-tracked /app/data/T0015/307419/b5849in/keystone/docs/content/docs/guides/filters.md (ext=.md, size=8831)
2026-01-18 18:35:07,667 - Knowledge - INFO - Processing batch of 10 files
2026-01-18 18:35:07,692 - Knowledge - INFO - Worker kw10 processing /app/data/T0015/307419/b5849in/keystone/docs/content/docs/fields/json.md
2026-01-18 18:35:07,844 - Knowledge - INFO - Worker kw2 processing /app/data/T0015/307419/b5849in/keystone/docs/content/blog/prisma-day-2021.md
2026-01-18 18:35:08,328 - Knowledge - INFO - Worker kw7 processing /app/data/T0015/307419/b5849in/keystone/docs/content/docs/guides/choosing-a-database.md
2026-01-18 18:35:08,457 - Knowledge - INFO - process ingested knowledge for /app/data/T0015/307419/b5849in/keystone/docs/components/content/CustomerCard.tsx
2026-01-18 18:35:08,539 - Knowledge - INFO - [LLM_CALL] Completed: DocumentEditorDemo.tsx:chunk1, Duration: 25500ms, PromptTokens: 6570, CompletionTokens: 571, Cost: $0.00089
2026-01-18 18:35:08,583 - Knowledge - INFO - Worker kw1 processing /app/data/T0015/307419/b5849in/keystone/docs/content/blog/customisable-admin-ui.md
2026-01-18 18:35:08,759 - Knowledge - INFO - [kw8] Queue=1036, InProgress=0, PendingWorkers=20/20, Completed=147/1306 (11.3%)
2026-01-18 18:35:08,862 - Knowledge - INFO - Batch sizing: calculated=10, max_allowed=10, queue=1036, active_workers=20/20
2026-01-18 18:35:09,005 - Knowledge - INFO - Batch sizing: calculated=10, max_allowed=10, queue=1036, active_workers=20/20
2026-01-18 18:35:09,169 - Knowledge - INFO - Fast-tracked /app/data/T0015/307419/b5849in/keystone/docs/content/docs/context/get-context.md (ext=.md, size=2763)
2026-01-18 18:35:09,320 - Knowledge - INFO - Fast-tracked /app/data/T0015/307419/b5849in/keystone/docs/content/docs/fields/cloudinaryimage.md (ext=.md, size=938)
2026-01-18 18:35:09,509 - Knowledge - INFO - process ingested knowledge for /app/data/T0015/307419/b5849in/keystone/docs/components/docs/featured-examples/index.tsx
2026-01-18 18:35:09,629 - Knowledge - INFO - process ingested knowledge for /app/data/T0015/307419/b5849in/keystone/docs/app/(site)/docs/[...rest]/page-client.tsx
2026-01-18 18:35:09,803 - Knowledge - INFO - Worker kw3 processing /app/data/T0015/307419/b5849in/keystone/docs/content/docs/guides/custom-admin-ui-navigation.md
2026-01-18 18:35:09,962 - Knowledge - INFO - process ingested knowledge for /app/data/T0015/307419/b5849in/keystone/docs/components/docs/CopyToClipboard.tsx
2026-01-18 18:35:10,063 - Knowledge - INFO - Fast-tracked /app/data/T0015/307419/b5849in/keystone/docs/content/docs/fields/json.md (ext=.md, size=936)
2026-01-18 18:35:10,206 - Knowledge - INFO - Fast-tracked /app/data/T0015/307419/b5849in/keystone/docs/content/blog/prisma-day-2021.md (ext=.md, size=11865)
2026-01-18 18:35:10,339 - Knowledge - INFO - Fast-tracked /app/data/T0015/307419/b5849in/keystone/docs/content/docs/guides/choosing-a-database.md (ext=.md, size=2674)
2026-01-18 18:35:10,462 - Knowledge - INFO - process ingested knowledge for /app/data/T0015/307419/b5849in/keystone/docs/components/content/MWrapper.tsx
2026-01-18 18:35:10,699 - Knowledge - INFO - done ingest for /app/data/T0015/307419/b5849in/keystone/docs/components/docs/DocumentEditorDemo.tsx
2026-01-18 18:35:10,794 - Knowledge - INFO - [LLM_CALL] Completed: config.ts:chunk1, Duration: 15197ms, PromptTokens: 4428, CompletionTokens: 470, Cost: $0.00063
2026-01-18 18:35:10,813 - Knowledge - INFO - Fast-tracked /app/data/T0015/307419/b5849in/keystone/docs/content/blog/customisable-admin-ui.md (ext=.md, size=1878)
2026-01-18 18:35:11,022 - Knowledge - INFO - Batch sizing: calculated=10, max_allowed=10, queue=1036, active_workers=20/20
2026-01-18 18:35:11,486 - Knowledge - INFO - Worker kw4 processing /app/data/T0015/307419/b5849in/keystone/docs/content/docs/context/query.md
2026-01-18 18:35:11,696 - Knowledge - INFO - Worker kw5 processing /app/data/T0015/307419/b5849in/keystone/docs/content/docs/fields/image.md
2026-01-18 18:35:12,029 - Knowledge - INFO - process ingested knowledge for /app/data/T0015/307419/b5849in/keystone/docs/components/docs/featured-docs/client.tsx
2026-01-18 18:35:12,174 - Knowledge - INFO - process ingested knowledge for /app/data/T0015/307419/b5849in/keystone/docs/app/(site)/docs/page.tsx
2026-01-18 18:35:12,261 - Knowledge - INFO - Fast-tracked /app/data/T0015/307419/b5849in/keystone/docs/content/docs/guides/custom-admin-ui-navigation.md (ext=.md, size=9834)
2026-01-18 18:35:12,373 - Knowledge - INFO - process ingested knowledge for /app/data/T0015/307419/b5849in/keystone/docs/components/docs/Sidebar.tsx
2026-01-18 18:35:12,445 - Knowledge - INFO - Worker kw10 processing /app/data/T0015/307419/b5849in/keystone/docs/content/docs/fields/float.md
2026-01-18 18:35:12,525 - Knowledge - INFO - Worker kw2 processing /app/data/T0015/307419/b5849in/keystone/docs/content/blog/a-year-of-releases-in-review.md
2026-01-18 18:35:12,594 - Knowledge - INFO - Worker kw7 processing /app/data/T0015/307419/b5849in/keystone/docs/content/docs/guides/custom-admin-ui-logo.md
2026-01-18 18:35:12,918 - Knowledge - INFO - done ingest for /app/data/T0015/307419/b5849in/keystone/docs/markdoc/config.ts
2026-01-18 18:35:12,919 - Knowledge - INFO - [LLM_CALL] Completed: page-client.tsx:chunk1, Duration: 10288ms, PromptTokens: 10426, CompletionTokens: 439, Cost: $0.00122
2026-01-18 18:35:13,031 - Knowledge - INFO - Worker kw1 processing /app/data/T0015/307419/b5849in/keystone/docs/content/blog/mysql-support.md
2026-01-18 18:35:13,246 - Knowledge - INFO - Fast-tracked /app/data/T0015/307419/b5849in/keystone/docs/content/docs/context/query.md (ext=.md, size=3656)
2026-01-18 18:35:13,356 - Knowledge - INFO - Fast-tracked /app/data/T0015/307419/b5849in/keystone/docs/content/docs/fields/image.md (ext=.md, size=1140)
2026-01-18 18:35:13,492 - Knowledge - INFO - process ingested knowledge for /app/data/T0015/307419/b5849in/keystone/docs/components/docs/featured-docs/index.tsx
2026-01-18 18:35:13,576 - Knowledge - INFO - process ingested knowledge for /app/data/T0015/307419/b5849in/keystone/docs/app/(site)/docs/page-client.tsx
2026-01-18 18:35:13,605 - Knowledge - INFO - Worker kw3 processing /app/data/T0015/307419/b5849in/keystone/docs/content/docs/guides/custom-admin-ui-pages.md
2026-01-18 18:35:13,678 - Knowledge - INFO - process ingested knowledge for /app/data/T0015/307419/b5849in/keystone/docs/components/docs/GitHubExamplesCTA.tsx
2026-01-18 18:35:13,781 - Knowledge - INFO - Fast-tracked /app/data/T0015/307419/b5849in/keystone/docs/content/docs/fields/float.md (ext=.md, size=3012)
2026-01-18 18:35:13,896 - Knowledge - INFO - Fast-tracked /app/data/T0015/307419/b5849in/keystone/docs/content/blog/a-year-of-releases-in-review.md (ext=.md, size=6060)
2026-01-18 18:35:13,995 - Knowledge - INFO - Fast-tracked /app/data/T0015/307419/b5849in/keystone/docs/content/docs/guides/custom-admin-ui-logo.md (ext=.md, size=2386)
2026-01-18 18:35:14,272 - Knowledge - INFO - done ingest for /app/data/T0015/307419/b5849in/keystone/docs/app/(site)/ds/page-client.tsx
2026-01-18 18:35:14,284 - Knowledge - INFO - Async storing batch of 10 embeddings
2026-01-18 18:35:14,285 - Knowledge - INFO - Async storing batch of 10 embeddings
2026-01-18 18:35:14,285 - Knowledge - INFO - done ingest for /app/data/T0015/307419/b5849in/keystone/docs/app/(site)/blog/page-client.tsx
2026-01-18 18:35:14,295 - Knowledge - INFO - [LLM_CALL] Completed: layout.tsx:chunk1, Duration: 8454ms, PromptTokens: 2496, CompletionTokens: 208, Cost: $0.00033
2026-01-18 18:35:14,430 - Knowledge - INFO - Fast-tracked /app/data/T0015/307419/b5849in/keystone/docs/content/blog/mysql-support.md (ext=.md, size=1143)
2026-01-18 18:35:14,522 - Knowledge - INFO - Worker kw4 processing /app/data/T0015/307419/b5849in/keystone/docs/content/docs/getting-started.md
2026-01-18 18:35:14,666 - Knowledge - INFO - Worker kw5 processing /app/data/T0015/307419/b5849in/keystone/docs/content/docs/fields/password.md
2026-01-18 18:35:14,733 - Knowledge - INFO - process ingested knowledge for /app/data/T0015/307419/b5849in/keystone/docs/components/docs/docs-navigation/client.tsx
2026-01-18 18:35:14,815 - Knowledge - INFO - process ingested knowledge for /app/data/T0015/307419/b5849in/keystone/docs/app/(site)/docs/config/overview/page.tsx
2026-01-18 18:35:14,883 - Knowledge - INFO - Fast-tracked /app/data/T0015/307419/b5849in/keystone/docs/content/docs/guides/custom-admin-ui-pages.md (ext=.md, size=8559)
2026-01-18 18:35:15,005 - Knowledge - INFO - process ingested knowledge for /app/data/T0015/307419/b5849in/keystone/docs/components/docs/KeystoneExperience.tsx
2026-01-18 18:35:15,098 - Knowledge - INFO - Worker kw10 processing /app/data/T0015/307419/b5849in/keystone/docs/content/docs/fields/integer.md
2026-01-18 18:35:15,175 - Knowledge - INFO - Worker kw2 processing /app/data/T0015/307419/b5849in/keystone/docs/content/blog/embedded-mode-with-sqlite-nextjs.md
2026-01-18 18:35:15,259 - Knowledge - INFO - Worker kw7 processing /app/data/T0015/307419/b5849in/keystone/docs/content/docs/guides/images-and-files.md
2026-01-18 18:35:15,640 - Knowledge - INFO - Worker kw9 processing /app/data/T0015/307419/b5849in/keystone/docs/content/docs/graphql/filters.md
2026-01-18 18:35:15,752 - Knowledge - INFO - Worker kw3 processing /app/data/T0015/307419/b5849in/keystone/docs/content/docs/guides/relationships.md
2026-01-18 18:35:16,072 - Knowledge - INFO - done ingest for /app/data/T0015/307419/b5849in/keystone/docs/app/(site)/layout.tsx
2026-01-18 18:35:16,074 - Knowledge - INFO - [LLM_CALL] Completed: TableOfContents.tsx:chunk1, Duration: 25586ms, PromptTokens: 2548, CompletionTokens: 230, Cost: $0.00035
2026-01-18 18:35:16,172 - Knowledge - INFO - Worker kw1 processing /app/data/T0015/307419/b5849in/keystone/docs/content/navigation.yaml
2026-01-18 18:35:16,289 - Knowledge - INFO - Fast-tracked /app/data/T0015/307419/b5849in/keystone/docs/content/docs/getting-started.md (ext=.md, size=4843)
2026-01-18 18:35:16,389 - Knowledge - INFO - Fast-tracked /app/data/T0015/307419/b5849in/keystone/docs/content/docs/fields/password.md (ext=.md, size=2348)
2026-01-18 18:35:16,487 - Knowledge - INFO - process ingested knowledge for /app/data/T0015/307419/b5849in/keystone/docs/components/docs/docs-navigation/index.tsx
2026-01-18 18:35:16,575 - Knowledge - INFO - process ingested knowledge for /app/data/T0015/307419/b5849in/keystone/docs/app/(site)/docs/config/overview/page-client.tsx
2026-01-18 18:35:16,687 - Knowledge - INFO - Worker kw6 processing /app/data/T0015/307419/b5849in/keystone/docs/content/examples/railway.yaml
2026-01-18 18:35:16,765 - Knowledge - INFO - process ingested knowledge for /app/data/T0015/307419/b5849in/keystone/docs/components/docs/FeaturedCard.tsx
2026-01-18 18:35:16,836 - Knowledge - INFO - Fast-tracked /app/data/T0015/307419/b5849in/keystone/docs/content/docs/fields/integer.md (ext=.md, size=3243)
2026-01-18 18:35:16,926 - Knowledge - INFO - Fast-tracked /app/data/T0015/307419/b5849in/keystone/docs/content/blog/embedded-mode-with-sqlite-nextjs.md (ext=.md, size=12806)
2026-01-18 18:35:17,037 - Knowledge - INFO - Fast-tracked /app/data/T0015/307419/b5849in/keystone/docs/content/docs/guides/images-and-files.md (ext=.md, size=4033)
2026-01-18 18:35:17,122 - Knowledge - INFO - Fast-tracked /app/data/T0015/307419/b5849in/keystone/docs/content/docs/graphql/filters.md (ext=.md, size=5240)
2026-01-18 18:35:17,200 - Knowledge - INFO - Fast-tracked /app/data/T0015/307419/b5849in/keystone/docs/content/docs/guides/relationships.md (ext=.md, size=10313)
2026-01-18 18:35:17,420 - Knowledge - INFO - done ingest for /app/data/T0015/307419/b5849in/keystone/docs/components/docs/TableOfContents.tsx
2026-01-18 18:35:17,423 - Knowledge - INFO - Async storing batch of 10 embeddings
2026-01-18 18:35:17,424 - Knowledge - INFO - [kw14] Queue=1006, InProgress=0, PendingWorkers=20/20, Completed=148/1306 (11.3%)
2026-01-18 18:35:17,424 - Knowledge - INFO - [LLM_CALL] Completed: index.ts:chunk1, Duration: 29219ms, PromptTokens: 3884, CompletionTokens: 545, Cost: $0.00061
2026-01-18 18:35:17,513 - Knowledge - INFO - Fast-tracked /app/data/T0015/307419/b5849in/keystone/docs/content/navigation.yaml (ext=.yaml, size=7196)
2026-01-18 18:35:17,642 - Knowledge - INFO - Worker kw4 processing /app/data/T0015/307419/b5849in/keystone/docs/content/docs/walkthroughs/lesson-4.md
2026-01-18 18:35:17,729 - Knowledge - INFO - Worker kw5 processing /app/data/T0015/307419/b5849in/keystone/docs/content/docs/fields/multiselect.md
2026-01-18 18:35:17,859 - Knowledge - INFO - process ingested knowledge for /app/data/T0015/307419/b5849in/keystone/docs/components/docs/ComingSoon.tsx
2026-01-18 18:35:17,952 - Knowledge - INFO - process ingested knowledge for /app/data/T0015/307419/b5849in/keystone/docs/app/(site)/docs/guides/document-field-demo/page.tsx
2026-01-18 18:35:18,040 - Knowledge - INFO - Fast-tracked /app/data/T0015/307419/b5849in/keystone/docs/content/examples/railway.yaml (ext=.yaml, size=225)
2026-01-18 18:35:18,143 - Knowledge - INFO - process ingested knowledge for /app/data/T0015/307419/b5849in/keystone/docs/components/SkipLinks.tsx
2026-01-18 18:35:18,232 - Knowledge - INFO - Worker kw10 processing /app/data/T0015/307419/b5849in/keystone/docs/content/docs/fields/timestamp.md
2026-01-18 18:35:18,310 - Knowledge - INFO - Worker kw2 processing /app/data/T0015/307419/b5849in/keystone/docs/content/blog/singleton.md
2026-01-18 18:35:18,421 - Knowledge - INFO - Worker kw7 processing /app/data/T0015/307419/b5849in/keystone/docs/content/docs/guides/testing.md
2026-01-18 18:35:18,529 - Knowledge - INFO - Worker kw9 processing /app/data/T0015/307419/b5849in/keystone/docs/content/docs/graphql/overview.md
2026-01-18 18:35:18,645 - Knowledge - INFO - Worker kw3 processing /app/data/T0015/307419/b5849in/keystone/docs/content/docs/guides/document-fields.md
2026-01-18 18:35:18,833 - Knowledge - INFO - Worker kw8 processing /app/data/T0015/307419/b5849in/keystone/docs/content/examples/auth.yaml
2026-01-18 18:35:18,918 - Knowledge - INFO - Batch sizing: calculated=10, max_allowed=10, queue=1006, active_workers=20/20
2026-01-18 18:35:19,025 - Knowledge - INFO - done ingest for /app/data/T0015/307419/b5849in/keystone/docs/markdoc/index.ts
2026-01-18 18:35:19,026 - Knowledge - INFO - [LLM_CALL] Completed: layout-client.tsx:chunk1, Duration: 35200ms, PromptTokens: 3596, CompletionTokens: 496, Cost: $0.00056
2026-01-18 18:35:19,134 - Knowledge - INFO - Worker kw1 processing /app/data/T0015/307419/b5849in/keystone/docs/content/docs/config/lists.md
2026-01-18 18:35:19,225 - Knowledge - INFO - Fast-tracked /app/data/T0015/307419/b5849in/keystone/docs/content/docs/walkthroughs/lesson-4.md (ext=.md, size=9352)
2026-01-18 18:35:19,319 - Knowledge - INFO - Fast-tracked /app/data/T0015/307419/b5849in/keystone/docs/content/docs/fields/multiselect.md (ext=.md, size=2859)
2026-01-18 18:35:19,400 - Knowledge - INFO - process ingested knowledge for /app/data/T0015/307419/b5849in/keystone/docs/components/docs/Keystone5DocsCTA.tsx
2026-01-18 18:35:19,489 - Knowledge - INFO - process ingested knowledge for /app/data/T0015/307419/b5849in/keystone/docs/app/(site)/docs/guides/document-field-demo/page-client.tsx
2026-01-18 18:35:19,586 - Knowledge - INFO - Worker kw6 processing /app/data/T0015/307419/b5849in/keystone/docs/content/examples/next-js.yaml
2026-01-18 18:35:19,668 - Knowledge - INFO - process ingested knowledge for /app/data/T0015/307419/b5849in/keystone/docs/components/useOutsideClick.ts
2026-01-18 18:35:19,759 - Knowledge - INFO - Fast-tracked /app/data/T0015/307419/b5849in/keystone/docs/content/docs/fields/timestamp.md (ext=.md, size=3297)
2026-01-18 18:35:19,872 - Knowledge - INFO - Fast-tracked /app/data/T0015/307419/b5849in/keystone/docs/content/blog/singleton.md (ext=.md, size=2071)
2026-01-18 18:35:19,939 - Knowledge - INFO - Fast-tracked /app/data/T0015/307419/b5849in/keystone/docs/content/docs/guides/testing.md (ext=.md, size=4866)
2026-01-18 18:35:20,025 - Knowledge - INFO - Fast-tracked /app/data/T0015/307419/b5849in/keystone/docs/content/docs/graphql/overview.md (ext=.md, size=10532)
2026-01-18 18:35:20,112 - Knowledge - INFO - Fast-tracked /app/data/T0015/307419/b5849in/keystone/docs/content/docs/guides/document-fields.md (ext=.md, size=21098)
2026-01-18 18:35:20,233 - Knowledge - INFO - Fast-tracked /app/data/T0015/307419/b5849in/keystone/docs/content/examples/auth.yaml (ext=.yaml, size=196)
2026-01-18 18:35:20,491 - Knowledge - INFO - done ingest for /app/data/T0015/307419/b5849in/keystone/docs/app/(site)/layout-client.tsx
2026-01-18 18:35:20,491 - Knowledge - INFO - done ingest for /app/data/T0015/307419/b5849in/keystone/docs/app/(site)/enterprise/page-client.tsx
2026-01-18 18:35:20,493 - Knowledge - INFO - done ingest for /app/data/T0015/307419/b5849in/keystone/docs/app/(site)/docs/examples/page-client.tsx
2026-01-18 18:35:20,497 - Knowledge - INFO - Async storing batch of 10 embeddings
2026-01-18 18:35:20,497 - Knowledge - INFO - [LLM_CALL] Completed: Header.tsx:chunk1, Duration: 41902ms, PromptTokens: 7646, CompletionTokens: 475, Cost: $0.00095
2026-01-18 18:35:20,593 - Knowledge - INFO - Fast-tracked /app/data/T0015/307419/b5849in/keystone/docs/content/docs/config/lists.md (ext=.md, size=13136)
2026-01-18 18:35:20,699 - Knowledge - INFO - Worker kw4 processing /app/data/T0015/307419/b5849in/keystone/docs/content/docs/walkthroughs/lesson-2.md
2026-01-18 18:35:20,783 - Knowledge - INFO - Worker kw5 processing /app/data/T0015/307419/b5849in/keystone/docs/content/docs/fields/checkbox.md
2026-01-18 18:35:20,864 - Knowledge - INFO - process ingested knowledge for /app/data/T0015/307419/b5849in/keystone/docs/components/docs/Navigation.tsx
2026-01-18 18:35:20,951 - Knowledge - INFO - process ingested knowledge for /app/data/T0015/307419/b5849in/keystone/docs/app/(site)/docs/guides/overview/page.tsx
2026-01-18 18:35:21,034 - Knowledge - INFO - Fast-tracked /app/data/T0015/307419/b5849in/keystone/docs/content/examples/next-js.yaml (ext=.yaml, size=230)
2026-01-18 18:35:21,101 - Knowledge - INFO - process ingested knowledge for /app/data/T0015/307419/b5849in/keystone/docs/components/ContactForm.tsx
2026-01-18 18:35:21,183 - Knowledge - INFO - Worker kw10 processing /app/data/T0015/307419/b5849in/keystone/docs/content/docs/fields/calendarday.md
2026-01-18 18:35:21,394 - Knowledge - INFO - Worker kw7 processing /app/data/T0015/307419/b5849in/keystone/docs/content/docs/guides/hooks.md
2026-01-18 18:35:21,488 - Knowledge - INFO - Worker kw9 processing /app/data/T0015/307419/b5849in/keystone/docs/content/featured-examples.yaml
2026-01-18 18:35:21,593 - Knowledge - INFO - Worker kw3 processing /app/data/T0015/307419/b5849in/keystone/docs/content/docs/guides/virtual-fields.md
2026-01-18 18:35:21,687 - Knowledge - INFO - Worker kw8 processing /app/data/T0015/307419/b5849in/keystone/docs/content/examples/custom-admin-ui-logo.yaml
2026-01-18 18:35:22,182 - Knowledge - INFO - Worker kw14 processing /app/data/T0015/307419/b5849in/keystone/docs/lib/TOKENS.ts
2026-01-18 18:35:22,339 - Knowledge - INFO - done ingest for /app/data/T0015/307419/b5849in/keystone/docs/components/Header.tsx
2026-01-18 18:35:22,477 - Knowledge - INFO - Worker kw1 processing /app/data/T0015/307419/b5849in/keystone/docs/content/docs/config/auth.md
2026-01-18 18:35:22,550 - Knowledge - INFO - Processing batch of 10 files
2026-01-18 18:35:22,660 - Knowledge - INFO - done ingest for /app/data/T0015/307419/b5849in/keystone/docs/app/(site)/for-content-management/page-client.tsx
2026-01-18 18:35:22,725 - Knowledge - INFO - Fast-tracked /app/data/T0015/307419/b5849in/keystone/docs/content/docs/walkthroughs/lesson-2.md (ext=.md, size=8453)
2026-01-18 18:35:22,867 - Knowledge - INFO - Fast-tracked /app/data/T0015/307419/b5849in/keystone/docs/content/docs/fields/checkbox.md (ext=.md, size=2112)
2026-01-18 18:35:23,022 - Knowledge - INFO - process ingested knowledge for /app/data/T0015/307419/b5849in/keystone/docs/components/docs/Heading.tsx
2026-01-18 18:35:23,154 - Knowledge - INFO - process ingested knowledge for /app/data/T0015/307419/b5849in/keystone/docs/app/(site)/docs/guides/overview/page-client.tsx
2026-01-18 18:35:23,262 - Knowledge - INFO - Worker kw6 processing /app/data/T0015/307419/b5849in/keystone/docs/content/examples/custom-admin-ui-navigation.yaml
2026-01-18 18:35:23,383 - Knowledge - INFO - process ingested knowledge for /app/data/T0015/307419/b5849in/keystone/docs/components/SubscribeForm.tsx
2026-01-18 18:35:23,514 - Knowledge - INFO - done ingest for /app/data/T0015/307419/b5849in/keystone/docs/app/(site)/why-keystone/page-client.tsx
2026-01-18 18:35:23,560 - Knowledge - INFO - Fast-tracked /app/data/T0015/307419/b5849in/keystone/docs/content/docs/fields/calendarday.md (ext=.md, size=2854)
2026-01-18 18:35:23,665 - Knowledge - INFO - Fast-tracked /app/data/T0015/307419/b5849in/keystone/docs/content/docs/guides/hooks.md (ext=.md, size=9538)
2026-01-18 18:35:23,806 - Knowledge - INFO - Fast-tracked /app/data/T0015/307419/b5849in/keystone/docs/content/featured-examples.yaml (ext=.yaml, size=664)
2026-01-18 18:35:23,875 - Knowledge - INFO - Async storage completed for 10 embeddings
2026-01-18 18:35:23,883 - Knowledge - INFO - Fast-tracked /app/data/T0015/307419/b5849in/keystone/docs/content/docs/guides/virtual-fields.md (ext=.md, size=12188)
2026-01-18 18:35:23,883 - Knowledge - INFO - Processing batch of 10 files
2026-01-18 18:35:24,111 - Knowledge - INFO - Fast-tracked /app/data/T0015/307419/b5849in/keystone/docs/content/examples/custom-admin-ui-logo.yaml (ext=.yaml, size=192)
2026-01-18 18:35:24,170 - Knowledge - INFO - done ingest for /app/data/T0015/307419/b5849in/keystone/docs/app/(site)/for-developers/page-client.tsx
2026-01-18 18:35:24,175 - Knowledge - INFO - Worker kw14 processing /app/data/T0015/307419/b5849in/keystone/docs/lib/prose-lite.ts
2026-01-18 18:35:24,379 - Knowledge - INFO - [LLM_CALL] Completed: Page.tsx:chunk1, Duration: 50107ms, PromptTokens: 2514, CompletionTokens: 326, Cost: $0.00038
2026-01-18 18:35:24,418 - Knowledge - INFO - Fast-tracked /app/data/T0015/307419/b5849in/keystone/docs/content/docs/config/auth.md (ext=.md, size=7393)
2026-01-18 18:35:24,489 - Knowledge - INFO - process ingested knowledge for /app/data/T0015/307419/b5849in/keystone/docs/components/content/Quote.tsx
2026-01-18 18:35:24,759 - Knowledge - INFO - Worker kw4 processing /app/data/T0015/307419/b5849in/keystone/docs/content/docs/walkthroughs/lesson-1.md
2026-01-18 18:35:24,866 - Knowledge - INFO - Worker kw5 processing /app/data/T0015/307419/b5849in/keystone/docs/content/docs/fields/overview.md
2026-01-18 18:35:25,006 - Knowledge - INFO - process ingested knowledge for /app/data/T0015/307419/b5849in/keystone/docs/components/docs/DocsLayoutClient.tsx
2026-01-18 18:35:25,114 - Knowledge - INFO - process ingested knowledge for /app/data/T0015/307419/b5849in/keystone/docs/app/(site)/docs/walkthroughs/page.tsx
2026-01-18 18:35:25,191 - Knowledge - INFO - Fast-tracked /app/data/T0015/307419/b5849in/keystone/docs/content/examples/custom-admin-ui-navigation.yaml (ext=.yaml, size=210)
2026-01-18 18:35:25,283 - Knowledge - INFO - process ingested knowledge for /app/data/T0015/307419/b5849in/keystone/docs/components/content/CodeWindow.tsx
2026-01-18 18:35:25,495 - Knowledge - INFO - Worker kw10 processing /app/data/T0015/307419/b5849in/keystone/docs/content/docs/fields/select.md
2026-01-18 18:35:25,606 - Knowledge - INFO - Worker kw7 processing /app/data/T0015/307419/b5849in/keystone/docs/content/docs/guides/database-migration.md
2026-01-18 18:35:25,717 - Knowledge - INFO - Worker kw9 processing /app/data/T0015/307419/b5849in/keystone/docs/content/featured-docs.yaml
2026-01-18 18:35:25,922 - Knowledge - INFO - Worker kw3 processing /app/data/T0015/307419/b5849in/keystone/docs/content/docs/guides/schema-extension.md
2026-01-18 18:35:26,040 - Knowledge - INFO - process ingested knowledge for /app/data/T0015/307419/b5849in/keystone/docs/markdoc/show-next-release.ts
2026-01-18 18:35:26,133 - Knowledge - INFO - Worker kw8 processing /app/data/T0015/307419/b5849in/keystone/docs/content/examples/extend-graphql-schema-ts.yaml
2026-01-18 18:35:26,494 - Knowledge - INFO - Worker kw14 processing /app/data/T0015/307419/b5849in/keystone/docs/lib/media.ts
2026-01-18 18:35:26,585 - Knowledge - INFO - done ingest for /app/data/T0015/307419/b5849in/keystone/docs/components/Page.tsx
2026-01-18 18:35:26,593 - Knowledge - INFO - done ingest for /app/data/T0015/307419/b5849in/keystone/docs/app/(site)/page-client.tsx
2026-01-18 18:35:26,603 - Knowledge - INFO - done ingest for /app/data/T0015/307419/b5849in/keystone/docs/app/(site)/branding/page-client.tsx
2026-01-18 18:35:26,647 - Knowledge - INFO - Processing batch of 10 files
2026-01-18 18:35:26,691 - Knowledge - INFO - Worker kw1 processing /app/data/T0015/307419/b5849in/keystone/docs/content/docs/config/config.md
2026-01-18 18:35:26,814 - Knowledge - INFO - process ingested knowledge for /app/data/T0015/307419/b5849in/keystone/docs/components/content/TweetBox.tsx
2026-01-18 18:35:26,902 - Knowledge - INFO - Fast-tracked /app/data/T0015/307419/b5849in/keystone/docs/content/docs/walkthroughs/lesson-1.md (ext=.md, size=5936)
2026-01-18 18:35:26,983 - Knowledge - INFO - Fast-tracked /app/data/T0015/307419/b5849in/keystone/docs/content/docs/fields/overview.md (ext=.md, size=9250)
2026-01-18 18:35:27,229 - Knowledge - INFO - Worker kw6 processing /app/data/T0015/307419/b5849in/keystone/docs/content/examples/extend-express-app.yaml
2026-01-18 18:35:27,387 - Knowledge - INFO - Fast-tracked /app/data/T0015/307419/b5849in/keystone/docs/content/docs/fields/select.md (ext=.md, size=3702)
2026-01-18 18:35:27,462 - Knowledge - INFO - Fast-tracked /app/data/T0015/307419/b5849in/keystone/docs/content/docs/guides/database-migration.md (ext=.md, size=7319)
2026-01-18 18:35:27,559 - Knowledge - INFO - Fast-tracked /app/data/T0015/307419/b5849in/keystone/docs/content/featured-docs.yaml (ext=.yaml, size=5345)
2026-01-18 18:35:27,649 - Knowledge - INFO - Fast-tracked /app/data/T0015/307419/b5849in/keystone/docs/content/docs/guides/schema-extension.md (ext=.md, size=6015)
2026-01-18 18:35:27,841 - Knowledge - INFO - Fast-tracked /app/data/T0015/307419/b5849in/keystone/docs/content/examples/extend-graphql-schema-ts.yaml (ext=.yaml, size=293)
2026-01-18 18:35:27,948 - Knowledge - INFO - Fast-tracked /app/data/T0015/307419/b5849in/keystone/docs/lib/media.ts (ext=.ts, size=787)
2026-01-18 18:35:27,966 - Knowledge - INFO - process ingested knowledge for /app/data/T0015/307419/b5849in/keystone/docs/markdoc/headings.ts
2026-01-18 18:35:28,339 - Knowledge - INFO - [LLM_CALL] Completed: MobileMenu.tsx:chunk1, Duration: 56593ms, PromptTokens: 3434, CompletionTokens: 357, Cost: $0.00049
2026-01-18 18:35:28,455 - Knowledge - INFO - process ingested knowledge for /app/data/T0015/307419/b5849in/keystone/docs/app/(site)/layout-client.tsx
2026-01-18 18:35:28,559 - Knowledge - INFO - Fast-tracked /app/data/T0015/307419/b5849in/keystone/docs/content/docs/config/config.md (ext=.md, size=13973)
2026-01-18 18:35:28,806 - Knowledge - INFO - Worker kw4 processing /app/data/T0015/307419/b5849in/keystone/docs/content/docs/walkthroughs/lesson-5.md
2026-01-18 18:35:28,926 - Knowledge - INFO - Worker kw5 processing /app/data/T0015/307419/b5849in/keystone/docs/content/docs/fields/virtual.md
2026-01-18 18:35:28,966 - Knowledge - INFO - process ingested knowledge for /app/data/T0015/307419/b5849in/keystone/docs/components/Socials.tsx
2026-01-18 18:35:29,049 - Knowledge - INFO - Fast-tracked /app/data/T0015/307419/b5849in/keystone/docs/content/examples/extend-express-app.yaml (ext=.yaml, size=284)
2026-01-18 18:35:29,140 - Knowledge - INFO - Worker kw10 processing /app/data/T0015/307419/b5849in/keystone/docs/content/docs/fields/file.md
2026-01-18 18:35:29,242 - Knowledge - INFO - Worker kw7 processing /app/data/T0015/307419/b5849in/keystone/docs/content/docs/guides/cli.md
2026-01-18 18:35:29,334 - Knowledge - INFO - Worker kw9 processing /app/data/T0015/307419/b5849in/keystone/docs/content/examples/document-field-customisation.yaml
2026-01-18 18:35:29,425 - Knowledge - INFO - Async storage completed for 10 embeddings
2026-01-18 18:35:29,522 - Knowledge - INFO - Worker kw8 processing /app/data/T0015/307419/b5849in/keystone/docs/content/examples/testing.yaml
2026-01-18 18:35:29,594 - Knowledge - INFO - Worker kw14 processing /app/data/T0015/307419/b5849in/keystone/docs/lib/forwardRefWithAs.ts
2026-01-18 18:35:29,735 - Knowledge - INFO - process ingested knowledge for /app/data/T0015/307419/b5849in/keystone/docs/markdoc/isTag.ts
2026-01-18 18:35:29,760 - Knowledge - INFO - done ingest for /app/data/T0015/307419/b5849in/keystone/docs/components/MobileMenu.tsx
2026-01-18 18:35:29,760 - Knowledge - INFO - [LLM_CALL] Completed: redirects.mjs:chunk1, Duration: 7366ms, PromptTokens: 4628, CompletionTokens: 403, Cost: $0.00062
2026-01-18 18:35:29,906 - Knowledge - INFO - process ingested knowledge for /app/data/T0015/307419/b5849in/keystone/docs/app/(site)/not-found.tsx
2026-01-18 18:35:29,920 - Knowledge - INFO - Async storage completed for 10 embeddings
2026-01-18 18:35:30,014 - Knowledge - INFO - Fast-tracked /app/data/T0015/307419/b5849in/keystone/docs/content/docs/walkthroughs/lesson-5.md (ext=.md, size=7907)
2026-01-18 18:35:30,115 - Knowledge - INFO - Fast-tracked /app/data/T0015/307419/b5849in/keystone/docs/content/docs/fields/virtual.md (ext=.md, size=1351)
2026-01-18 18:35:30,209 - Knowledge - INFO - process ingested knowledge for /app/data/T0015/307419/b5849in/keystone/docs/components/Breadcrumbs.tsx
2026-01-18 18:35:30,301 - Knowledge - INFO - Worker kw6 processing /app/data/T0015/307419/b5849in/keystone/docs/content/examples/document-field.yaml
2026-01-18 18:35:30,396 - Knowledge - INFO - Fast-tracked /app/data/T0015/307419/b5849in/keystone/docs/content/docs/fields/file.md (ext=.md, size=1096)
2026-01-18 18:35:30,481 - Knowledge - INFO - Fast-tracked /app/data/T0015/307419/b5849in/keystone/docs/content/docs/guides/cli.md (ext=.md, size=10658)
2026-01-18 18:35:30,578 - Knowledge - INFO - Fast-tracked /app/data/T0015/307419/b5849in/keystone/docs/content/examples/document-field-customisation.yaml (ext=.yaml, size=235)
2026-01-18 18:35:30,737 - Knowledge - INFO - Fast-tracked /app/data/T0015/307419/b5849in/keystone/docs/content/examples/testing.yaml (ext=.yaml, size=198)
2026-01-18 18:35:30,841 - Knowledge - INFO - Fast-tracked /app/data/T0015/307419/b5849in/keystone/docs/lib/forwardRefWithAs.ts (ext=.ts, size=1076)
2026-01-18 18:35:30,907 - Knowledge - INFO - process ingested knowledge for /app/data/T0015/307419/b5849in/keystone/docs/markdoc/index.ts
2026-01-18 18:35:31,081 - Knowledge - INFO - done ingest for /app/data/T0015/307419/b5849in/keystone/docs/redirects.mjs
2026-01-18 18:35:31,081 - Knowledge - INFO - done ingest for /app/data/T0015/307419/b5849in/keystone/docs/app/(site)/for-organisations/page-client.tsx
2026-01-18 18:35:31,086 - Knowledge - INFO - Processing batch of 10 files
2026-01-18 18:35:31,087 - Knowledge - INFO - [kw17] Queue=996, InProgress=0, PendingWorkers=20/20, Completed=182/1306 (13.9%)
2026-01-18 18:35:31,087 - Knowledge - INFO - [kw13] Queue=996, InProgress=0, PendingWorkers=20/20, Completed=182/1306 (13.9%)
2026-01-18 18:35:31,087 - Knowledge - INFO - [WEBSOCKET] Sent: Type=progress_update, Size: 294, Duration: 0ms
2026-01-18 18:35:31,165 - Knowledge - INFO - process ingested knowledge for /app/data/T0015/307419/b5849in/keystone/docs/app/(site)/why-keystone/page.tsx
2026-01-18 18:35:31,376 - Knowledge - INFO - Worker kw4 processing /app/data/T0015/307419/b5849in/keystone/docs/content/docs/walkthroughs/lesson-3.md
2026-01-18 18:35:31,502 - Knowledge - INFO - Worker kw5 processing /app/data/T0015/307419/b5849in/keystone/docs/content/docs/fields/decimal.md
2026-01-18 18:35:31,597 - Knowledge - INFO - process ingested knowledge for /app/data/T0015/307419/b5849in/keystone/docs/next-sitemap.config.js
2026-01-18 18:35:31,699 - Knowledge - INFO - Fast-tracked /app/data/T0015/307419/b5849in/keystone/docs/content/examples/document-field.yaml (ext=.yaml, size=256)
2026-01-18 18:35:31,786 - Knowledge - INFO - Worker kw10 processing /app/data/T0015/307419/b5849in/keystone/docs/content/docs/reference/telemetry.md
2026-01-18 18:35:31,900 - Knowledge - INFO - Async storage completed for 10 embeddings
2026-01-18 18:35:31,992 - Knowledge - INFO - Worker kw9 processing /app/data/T0015/307419/b5849in/keystone/docs/content/examples/azure.yaml
2026-01-18 18:35:32,072 - Knowledge - INFO - Worker kw8 processing /app/data/T0015/307419/b5849in/keystone/docs/content/examples/heroku.yaml
2026-01-18 18:35:32,155 - Knowledge - INFO - Worker kw14 processing /app/data/T0015/307419/b5849in/keystone/docs/CHANGELOG.md
2026-01-18 18:35:32,272 - Knowledge - INFO - process ingested knowledge for /app/data/T0015/307419/b5849in/keystone/docs/markdoc/config.ts
2026-01-18 18:35:32,608 - Knowledge - INFO - process ingested knowledge for /app/data/T0015/307419/b5849in/keystone/docs/content/docs/config/session.md
2026-01-18 18:35:32,688 - Knowledge - INFO - Batch sizing: calculated=8, max_allowed=10, queue=996, active_workers=20/20
2026-01-18 18:35:32,806 - Knowledge - INFO - Batch sizing: calculated=8, max_allowed=10, queue=996, active_workers=20/20
2026-01-18 18:35:32,911 - Knowledge - INFO - Processing batch of 10 files
2026-01-18 18:35:32,912 - Knowledge - INFO - [WEBSOCKET] Sent: Type=unknown, Size: ?, Duration: 1825ms
2026-01-18 18:35:33,020 - Knowledge - INFO - process ingested knowledge for /app/data/T0015/307419/b5849in/keystone/docs/app/(site)/why-keystone/page-client.tsx
2026-01-18 18:35:33,115 - Knowledge - INFO - Fast-tracked /app/data/T0015/307419/b5849in/keystone/docs/content/docs/walkthroughs/lesson-3.md (ext=.md, size=8709)
2026-01-18 18:35:33,195 - Knowledge - INFO - Fast-tracked /app/data/T0015/307419/b5849in/keystone/docs/content/docs/fields/decimal.md (ext=.md, size=3387)
2026-01-18 18:35:33,286 - Knowledge - INFO - process ingested knowledge for /app/data/T0015/307419/b5849in/keystone/docs/app/api/hero-image/route.tsx
2026-01-18 18:35:33,357 - Knowledge - INFO - Worker kw6 processing /app/data/T0015/307419/b5849in/keystone/docs/content/examples/virtual-field.yaml
2026-01-18 18:35:33,459 - Knowledge - INFO - Fast-tracked /app/data/T0015/307419/b5849in/keystone/docs/content/docs/reference/telemetry.md (ext=.md, size=9563)
2026-01-18 18:35:33,641 - Knowledge - INFO - Fast-tracked /app/data/T0015/307419/b5849in/keystone/docs/content/examples/azure.yaml (ext=.yaml, size=240)
2026-01-18 18:35:33,737 - Knowledge - INFO - Fast-tracked /app/data/T0015/307419/b5849in/keystone/docs/content/examples/heroku.yaml (ext=.yaml, size=262)
2026-01-18 18:35:33,843 - Knowledge - INFO - Fast-tracked /app/data/T0015/307419/b5849in/keystone/docs/CHANGELOG.md (ext=.md, size=117)
2026-01-18 18:35:33,932 - Knowledge - INFO - process ingested knowledge for /app/data/T0015/307419/b5849in/keystone/docs/markdoc/load-all.ts
2026-01-18 18:35:34,039 - Knowledge - INFO - process ingested knowledge for /app/data/T0015/307419/b5849in/keystone/docs/content/docs/config/hooks.md
2026-01-18 18:35:34,356 - Knowledge - INFO - process ingested knowledge for /app/data/T0015/307419/b5849in/keystone/docs/content/blog/nextjs-keystone.md
2026-01-18 18:35:34,470 - Knowledge - INFO - Progress: 13.9% | Files: 206/1306 | Rate: 1.93 files/sec | Queue: 980
2026-01-18 18:35:34,472 - Knowledge - INFO - Async storing batch of 10 embeddings
2026-01-18 18:35:34,472 - Knowledge - INFO - Async storing batch of 10 embeddings
2026-01-18 18:35:34,473 - Knowledge - INFO - Processing batch of 10 files
2026-01-18 18:35:34,504 - Knowledge - INFO - Processing batch of 10 files
2026-01-18 18:35:34,527 - Knowledge - INFO - Processing batch of 10 files
2026-01-18 18:35:34,528 - Knowledge - INFO - Processing batch of 10 files
2026-01-18 18:35:34,543 - Knowledge - INFO - Processing batch of 10 files
2026-01-18 18:35:34,560 - Knowledge - INFO - process ingested knowledge for /app/data/T0015/307419/b5849in/keystone/docs/app/(site)/ds/page.tsx
2026-01-18 18:35:34,662 - Knowledge - INFO - Async storage completed for 10 embeddings
2026-01-18 18:35:34,745 - Knowledge - INFO - Async storage completed for 10 embeddings
2026-01-18 18:35:34,846 - Knowledge - INFO - process ingested knowledge for /app/data/T0015/307419/b5849in/keystone/docs/app/api/keystatic/[...params]/route.ts
2026-01-18 18:35:34,961 - Knowledge - INFO - Fast-tracked /app/data/T0015/307419/b5849in/keystone/docs/content/examples/virtual-field.yaml (ext=.yaml, size=179)
2026-01-18 18:35:35,068 - Knowledge - INFO - Async storage completed for 10 embeddings
2026-01-18 18:35:35,140 - Knowledge - INFO - Worker kw9 processing /app/data/T0015/307419/b5849in/keystone/docs/content/examples/singleton.yaml
2026-01-18 18:35:35,258 - Knowledge - INFO - Worker kw8 processing /app/data/T0015/307419/b5849in/keystone/docs/next.config.mjs
2026-01-18 18:35:35,338 - Knowledge - INFO - Worker kw14 processing /app/data/T0015/307419/b5849in/keystone/docs/public/sitemap.xml
2026-01-18 18:35:35,419 - Knowledge - INFO - process ingested knowledge for /app/data/T0015/307419/b5849in/keystone/docs/markdoc/index.test.ts
2026-01-18 18:35:35,500 - Knowledge - INFO - process ingested knowledge for /app/data/T0015/307419/b5849in/keystone/docs/content/docs/config/access-control.md
2026-01-18 18:35:35,606 - Knowledge - INFO - process ingested knowledge for /app/data/T0015/307419/b5849in/keystone/docs/content/blog/general-availability.md
2026-01-18 18:35:35,712 - Knowledge - INFO - [kw12] Queue=980, InProgress=0, PendingWorkers=20/20, Completed=240/1306 (18.4%)
2026-01-18 18:35:35,797 - Knowledge - INFO - Worker kw17 processing /app/data/T0015/307419/b5849in/keystone/docs/public/sitemap-0.xml
2026-01-18 18:35:35,897 - Knowledge - INFO - Worker kw13 processing /app/data/T0015/307419/b5849in/keystone/tests2/access.delete.test.ts
2026-01-18 18:35:36,012 - Knowledge - INFO - process ingested knowledge for /app/data/T0015/307419/b5849in/keystone/docs/content/docs/guides/custom-field-views.md
2026-01-18 18:35:36,136 - Knowledge - INFO - process ingested knowledge for /app/data/T0015/307419/b5849in/keystone/docs/keystatic/content-components.tsx
2026-01-18 18:35:36,209 - Knowledge - INFO - process ingested knowledge for /app/data/T0015/307419/b5849in/keystone/docs/app/(site)/docs/walkthroughs/page-client.tsx
2026-01-18 18:35:36,318 - Knowledge - INFO - process ingested knowledge for /app/data/T0015/307419/b5849in/keystone/docs/app/(site)/blog/page-client.tsx
2026-01-18 18:35:36,450 - Knowledge - INFO - process ingested knowledge for /app/data/T0015/307419/b5849in/keystone/docs/components/MobileMenu.tsx
2026-01-18 18:35:36,537 - Knowledge - INFO - process ingested knowledge for /app/data/T0015/307419/b5849in/keystone/docs/app/(site)/ds/page-client.tsx
2026-01-18 18:35:36,642 - Knowledge - INFO - Processing batch of 10 files
2026-01-18 18:35:36,723 - Knowledge - INFO - Processing batch of 10 files
2026-01-18 18:35:36,828 - Knowledge - INFO - process ingested knowledge for /app/data/T0015/307419/b5849in/keystone/docs/app/(site)/roadmap/page.tsx
2026-01-18 18:35:36,929 - Knowledge - INFO - Worker kw6 processing /app/data/T0015/307419/b5849in/keystone/docs/content/examples/blog.yaml
2026-01-18 18:35:37,015 - Knowledge - INFO - Processing batch of 10 files
2026-01-18 18:35:37,105 - Knowledge - INFO - Fast-tracked /app/data/T0015/307419/b5849in/keystone/docs/content/examples/singleton.yaml (ext=.yaml, size=179)
2026-01-18 18:35:37,185 - Knowledge - INFO - Fast-tracked /app/data/T0015/307419/b5849in/keystone/docs/next.config.mjs (ext=.mjs, size=488)
2026-01-18 18:35:37,276 - Knowledge - INFO - Fast-tracked /app/data/T0015/307419/b5849in/keystone/docs/public/sitemap.xml (ext=.xml, size=188)
2026-01-18 18:35:37,363 - Knowledge - INFO - process ingested knowledge for /app/data/T0015/307419/b5849in/keystone/docs/keystatic/reader.ts
2026-01-18 18:35:37,461 - Knowledge - INFO - process ingested knowledge for /app/data/T0015/307419/b5849in/keystone/docs/content/docs/guides/filters.md
2026-01-18 18:35:37,538 - Knowledge - INFO - process ingested knowledge for /app/data/T0015/307419/b5849in/keystone/docs/content/blog/introducing-keystone-blog.md
2026-01-18 18:35:37,622 - Knowledge - INFO - Batch sizing: calculated=8, max_allowed=10, queue=980, active_workers=20/20
2026-01-18 18:35:37,710 - Knowledge - INFO - Fast-tracked /app/data/T0015/307419/b5849in/keystone/docs/public/sitemap-0.xml (ext=.xml, size=13351)
2026-01-18 18:35:37,786 - Knowledge - INFO - Fast-tracked /app/data/T0015/307419/b5849in/keystone/tests2/access.delete.test.ts (ext=.ts, size=3554)
2026-01-18 18:35:37,864 - Knowledge - INFO - process ingested knowledge for /app/data/T0015/307419/b5849in/keystone/docs/content/docs/guides/custom-fields.md
2026-01-18 18:35:37,950 - Knowledge - INFO - process ingested knowledge for /app/data/T0015/307419/b5849in/keystone/docs/cypress.json
2026-01-18 18:35:38,072 - Knowledge - INFO - process ingested knowledge for /app/data/T0015/307419/b5849in/keystone/docs/app/(site)/docs/examples/page.tsx
2026-01-18 18:35:38,175 - Knowledge - INFO - process ingested knowledge for /app/data/T0015/307419/b5849in/keystone/docs/app/(site)/blog/[post]/page.tsx
2026-01-18 18:35:38,290 - Knowledge - INFO - process ingested knowledge for /app/data/T0015/307419/b5849in/keystone/docs/components/Page.tsx
2026-01-18 18:35:38,373 - Knowledge - INFO - process ingested knowledge for /app/data/T0015/307419/b5849in/keystone/docs/app/actions.ts
2026-01-18 18:35:38,459 - Knowledge - INFO - process ingested knowledge for /app/data/T0015/307419/b5849in/keystone/docs/content/docs/context/db-items.md
2026-01-18 18:35:38,551 - Knowledge - INFO - process ingested knowledge for /app/data/T0015/307419/b5849in/keystone/docs/content/docs/fields/text.md
2026-01-18 18:35:38,659 - Knowledge - INFO - process ingested knowledge for /app/data/T0015/307419/b5849in/keystone/docs/app/(site)/roadmap/page-client.tsx
2026-01-18 18:35:38,740 - Knowledge - INFO - Fast-tracked /app/data/T0015/307419/b5849in/keystone/docs/content/examples/blog.yaml (ext=.yaml, size=281)
2026-01-18 18:35:38,841 - Knowledge - INFO - process ingested knowledge for /app/data/T0015/307419/b5849in/keystone/docs/content/docs/fields/document.md
2026-01-18 18:35:38,922 - Knowledge - INFO - Worker kw9 processing /app/data/T0015/307419/b5849in/keystone/docs/content/examples/task-manager.yaml
2026-01-18 18:35:39,039 - Knowledge - INFO - Worker kw8 processing /app/data/T0015/307419/b5849in/keystone/docs/lib/prism-theme.ts
2026-01-18 18:35:39,123 - Knowledge - INFO - Worker kw14 processing /app/data/T0015/307419/b5849in/keystone/docs/public/browserconfig.xml
2026-01-18 18:35:39,195 - Knowledge - INFO - process ingested knowledge for /app/data/T0015/307419/b5849in/keystone/docs/keystatic/gradient-selector.ts
2026-01-18 18:35:39,318 - Knowledge - INFO - process ingested knowledge for /app/data/T0015/307419/b5849in/keystone/docs/content/docs/guides/custom-admin-ui-navigation.md
2026-01-18 18:35:39,428 - Knowledge - INFO - process ingested knowledge for /app/data/T0015/307419/b5849in/keystone/docs/content/blog/keystone-tutorials.md
2026-01-18 18:35:39,523 - Knowledge - INFO - Async storing batch of 10 embeddings
2026-01-18 18:35:39,619 - Knowledge - INFO - Worker kw17 processing /app/data/T0015/307419/b5849in/keystone/tsconfig.json
2026-01-18 18:35:39,699 - Knowledge - INFO - Worker kw13 processing /app/data/T0015/307419/b5849in/keystone/tests2/access.query.test.ts
2026-01-18 18:35:39,810 - Knowledge - INFO - process ingested knowledge for /app/data/T0015/307419/b5849in/keystone/docs/content/docs/guides/auth-and-access-control.md
2026-01-18 18:35:39,945 - Knowledge - INFO - process ingested knowledge for /app/data/T0015/307419/b5849in/keystone/docs/tsconfig.json
2026-01-18 18:35:40,064 - Knowledge - INFO - process ingested knowledge for /app/data/T0015/307419/b5849in/keystone/docs/app/(site)/docs/examples/page-client.tsx
2026-01-18 18:35:40,175 - Knowledge - INFO - process ingested knowledge for /app/data/T0015/307419/b5849in/keystone/docs/app/(site)/blog/[post]/page-client.tsx
2026-01-18 18:35:40,249 - Knowledge - INFO - process ingested knowledge for /app/data/T0015/307419/b5849in/keystone/docs/components/Header.tsx
2026-01-18 18:35:40,330 - Knowledge - INFO - process ingested knowledge for /app/data/T0015/307419/b5849in/keystone/docs/app/keystatic/keystatic.ts
2026-01-18 18:35:40,409 - Knowledge - INFO - process ingested knowledge for /app/data/T0015/307419/b5849in/keystone/docs/content/docs/context/overview.md
2026-01-18 18:35:40,487 - Knowledge - INFO - process ingested knowledge for /app/data/T0015/307419/b5849in/keystone/docs/content/docs/fields/bigint.md
2026-01-18 18:35:40,561 - Knowledge - INFO - process ingested knowledge for /app/data/T0015/307419/b5849in/keystone/docs/app/(site)/blog/page.tsx
2026-01-18 18:35:40,640 - Knowledge - INFO - Worker kw6 processing /app/data/T0015/307419/b5849in/keystone/docs/content/examples/custom-field-view.yaml
2026-01-18 18:35:40,712 - Knowledge - INFO - process ingested knowledge for /app/data/T0015/307419/b5849in/keystone/docs/content/docs/fields/relationship.md
2026-01-18 18:35:40,815 - Knowledge - INFO - Fast-tracked /app/data/T0015/307419/b5849in/keystone/docs/content/examples/task-manager.yaml (ext=.yaml, size=305)
2026-01-18 18:35:40,902 - Knowledge - INFO - Fast-tracked /app/data/T0015/307419/b5849in/keystone/docs/lib/prism-theme.ts (ext=.ts, size=1340)
2026-01-18 18:35:41,002 - Knowledge - INFO - Fast-tracked /app/data/T0015/307419/b5849in/keystone/docs/public/browserconfig.xml (ext=.xml, size=262)
2026-01-18 18:35:41,105 - Knowledge - INFO - process ingested knowledge for /app/data/T0015/307419/b5849in/keystone/docs/keystatic/get-featured-docs-map.ts
2026-01-18 18:35:41,192 - Knowledge - INFO - process ingested knowledge for /app/data/T0015/307419/b5849in/keystone/docs/content/docs/guides/custom-admin-ui-pages.md
2026-01-18 18:35:41,280 - Knowledge - INFO - process ingested knowledge for /app/data/T0015/307419/b5849in/keystone/docs/content/blog/customisable-admin-ui.md
2026-01-18 18:35:41,372 - Knowledge - INFO - Worker kw12 processing /app/data/T0015/307419/b5849in/keystone/tests/cli-tests/package.json
2026-01-18 18:35:41,450 - Knowledge - INFO - Fast-tracked /app/data/T0015/307419/b5849in/keystone/tsconfig.json (ext=.json, size=517)
2026-01-18 18:35:41,563 - Knowledge - INFO - Fast-tracked /app/data/T0015/307419/b5849in/keystone/tests2/access.query.test.ts (ext=.ts, size=3075)
2026-01-18 18:35:41,633 - Knowledge - INFO - process ingested knowledge for /app/data/T0015/307419/b5849in/keystone/docs/content/docs/guides/choosing-a-database.md
2026-01-18 18:35:41,711 - Knowledge - INFO - process ingested knowledge for /app/data/T0015/307419/b5849in/keystone/docs/types/images.d.ts
2026-01-18 18:35:41,786 - Knowledge - INFO - process ingested knowledge for /app/data/T0015/307419/b5849in/keystone/docs/app/(site)/for-organisations/page.tsx
2026-01-18 18:35:41,857 - Knowledge - INFO - process ingested knowledge for /app/data/T0015/307419/b5849in/keystone/docs/app/(site)/page.tsx
2026-01-18 18:35:41,966 - Knowledge - INFO - process ingested knowledge for /app/data/T0015/307419/b5849in/keystone/docs/components/Markdoc.tsx
2026-01-18 18:35:42,059 - Knowledge - INFO - process ingested knowledge for /app/data/T0015/307419/b5849in/keystone/docs/app/keystatic/[[...params]]/page.tsx
2026-01-18 18:35:42,168 - Knowledge - INFO - process ingested knowledge for /app/data/T0015/307419/b5849in/keystone/docs/content/docs/context/get-context.md
2026-01-18 18:35:42,289 - Knowledge - INFO - process ingested knowledge for /app/data/T0015/307419/b5849in/keystone/docs/content/docs/fields/cloudinaryimage.md
2026-01-18 18:35:42,477 - Knowledge - INFO - Fast-tracked /app/data/T0015/307419/b5849in/keystone/docs/content/examples/custom-field-view.yaml (ext=.yaml, size=244)
2026-01-18 18:35:42,568 - Knowledge - INFO - process ingested knowledge for /app/data/T0015/307419/b5849in/keystone/docs/content/docs/fields/json.md
2026-01-18 18:35:42,639 - Knowledge - INFO - Worker kw9 processing /app/data/T0015/307419/b5849in/keystone/docs/content/examples/custom-field-type.yaml
2026-01-18 18:35:42,724 - Knowledge - INFO - Worker kw8 processing /app/data/T0015/307419/b5849in/keystone/docs/lib/algoliaStyles.ts
2026-01-18 18:35:42,794 - Knowledge - INFO - Worker kw14 processing /app/data/T0015/307419/b5849in/keystone/docs/public/assets/resize-observer-polyfill.js
2026-01-18 18:35:43,021 - Knowledge - INFO - process ingested knowledge for /app/data/T0015/307419/b5849in/keystone/docs/content/docs/guides/relationships.md
2026-01-18 18:35:43,165 - Knowledge - INFO - process ingested knowledge for /app/data/T0015/307419/b5849in/keystone/docs/content/blog/mysql-support.md
2026-01-18 18:35:43,174 - Knowledge - INFO - Fast-tracked /app/data/T0015/307419/b5849in/keystone/tests/cli-tests/package.json (ext=.json, size=966)
2026-01-18 18:35:43,261 - Knowledge - INFO - Worker kw17 processing /app/data/T0015/307419/b5849in/keystone/tests2/utils2.ts
2026-01-18 18:35:43,373 - Knowledge - INFO - Worker kw13 processing /app/data/T0015/307419/b5849in/keystone/tests2/access.field.filterableN.test.ts
2026-01-18 18:35:43,580 - Knowledge - INFO - process ingested knowledge for /app/data/T0015/307419/b5849in/keystone/docs/content/docs/guides/custom-admin-ui-logo.md
2026-01-18 18:35:43,651 - Knowledge - INFO - process ingested knowledge for /app/data/T0015/307419/b5849in/keystone/docs/redirects.mjs
2026-01-18 18:35:43,651 - Knowledge - INFO - [WEBSOCKET] Sent: Type=progress_update, Size: 296, Duration: 0ms
2026-01-18 18:35:43,651 - Knowledge - INFO - process ingested knowledge for /app/data/T0015/307419/b5849in/keystone/docs/app/(site)/for-organisations/page-client.tsx
2026-01-18 18:35:43,757 - Knowledge - INFO - process ingested knowledge for /app/data/T0015/307419/b5849in/keystone/docs/app/(site)/page-client.tsx
2026-01-18 18:35:43,856 - Knowledge - INFO - process ingested knowledge for /app/data/T0015/307419/b5849in/keystone/docs/components/RelatedContent.tsx
2026-01-18 18:35:43,942 - Knowledge - INFO - process ingested knowledge for /app/data/T0015/307419/b5849in/keystone/docs/app/keystatic/layout.tsx
2026-01-18 18:35:44,042 - Knowledge - INFO - process ingested knowledge for /app/data/T0015/307419/b5849in/keystone/docs/content/docs/context/query.md
2026-01-18 18:35:44,136 - Knowledge - INFO - process ingested knowledge for /app/data/T0015/307419/b5849in/keystone/docs/content/docs/fields/image.md
2026-01-18 18:35:44,244 - Knowledge - INFO - Worker kw6 processing /app/data/T0015/307419/b5849in/keystone/docs/content/examples/default-values.yaml
2026-01-18 18:35:44,338 - Knowledge - INFO - process ingested knowledge for /app/data/T0015/307419/b5849in/keystone/docs/content/docs/fields/float.md
2026-01-18 18:35:44,452 - Knowledge - INFO - Fast-tracked /app/data/T0015/307419/b5849in/keystone/docs/content/examples/custom-field-type.yaml (ext=.yaml, size=241)
2026-01-18 18:35:44,531 - Knowledge - INFO - Worker kw8 processing /app/data/T0015/307419/b5849in/keystone/docs/lib/og-util.ts
2026-01-18 18:35:44,619 - Knowledge - INFO - Worker kw14 processing /app/data/T0015/307419/b5849in/keystone/docs/public/assets/focus-visible-polyfill.js
2026-01-18 18:35:44,691 - Knowledge - INFO - process ingested knowledge for /app/data/T0015/307419/b5849in/keystone/docs/content/docs/guides/document-fields.md
2026-01-18 18:35:44,780 - Knowledge - INFO - process ingested knowledge for /app/data/T0015/307419/b5849in/keystone/docs/content/navigation.yaml
2026-01-18 18:35:44,859 - Knowledge - INFO - Worker kw12 processing /app/data/T0015/307419/b5849in/keystone/tests/cli-tests/artifacts.test.ts
2026-01-18 18:35:44,953 - Knowledge - INFO - Worker kw17 processing /app/data/T0015/307419/b5849in/keystone/tests2/utils.test.ts
2026-01-18 18:35:45,084 - Knowledge - INFO - Fast-tracked /app/data/T0015/307419/b5849in/keystone/tests2/access.field.filterableN.test.ts (ext=.ts, size=7717)
2026-01-18 18:35:45,204 - Knowledge - INFO - process ingested knowledge for /app/data/T0015/307419/b5849in/keystone/docs/content/docs/guides/images-and-files.md
2026-01-18 18:35:45,280 - Knowledge - INFO - process ingested knowledge for /app/data/T0015/307419/b5849in/keystone/docs/README.md
2026-01-18 18:35:45,399 - Knowledge - INFO - [kw20] Queue=972, InProgress=0, PendingWorkers=20/20, Completed=270/1306 (20.7%)
2026-01-18 18:35:45,399 - Knowledge - INFO - [WEBSOCKET] Sent: Type=unknown, Size: ?, Duration: 1748ms
2026-01-18 18:35:45,487 - Knowledge - INFO - process ingested knowledge for /app/data/T0015/307419/b5849in/keystone/docs/app/(site)/branding/page.tsx
2026-01-18 18:35:45,607 - Knowledge - INFO - process ingested knowledge for /app/data/T0015/307419/b5849in/keystone/docs/app/(site)/enterprise/page.tsx
2026-01-18 18:35:45,679 - Knowledge - INFO - process ingested knowledge for /app/data/T0015/307419/b5849in/keystone/docs/components/docs/DocumentEditorDemo.tsx
2026-01-18 18:35:45,915 - Knowledge - INFO - process ingested knowledge for /app/data/T0015/307419/b5849in/keystone/docs/content/docs/getting-started.md
2026-01-18 18:35:46,006 - Knowledge - INFO - process ingested knowledge for /app/data/T0015/307419/b5849in/keystone/docs/content/docs/fields/password.md
2026-01-18 18:35:46,085 - Knowledge - INFO - Fast-tracked /app/data/T0015/307419/b5849in/keystone/docs/content/examples/default-values.yaml (ext=.yaml, size=236)
2026-01-18 18:35:46,167 - Knowledge - INFO - process ingested knowledge for /app/data/T0015/307419/b5849in/keystone/docs/content/docs/fields/integer.md
2026-01-18 18:35:46,266 - Knowledge - INFO - Worker kw9 processing /app/data/T0015/307419/b5849in/keystone/docs/content/examples/custom-admin-ui-pages.yaml
2026-01-18 18:35:46,368 - Knowledge - INFO - Fast-tracked /app/data/T0015/307419/b5849in/keystone/docs/lib/og-util.ts (ext=.ts, size=573)
2026-01-18 18:35:46,452 - Knowledge - INFO - Worker kw14 processing /app/data/T0015/307419/b5849in/keystone/docs/public/robots.txt
2026-01-18 18:35:46,542 - Knowledge - INFO - process ingested knowledge for /app/data/T0015/307419/b5849in/keystone/docs/content/docs/guides/virtual-fields.md
2026-01-18 18:35:46,625 - Knowledge - INFO - process ingested knowledge for /app/data/T0015/307419/b5849in/keystone/docs/content/docs/config/lists.md
2026-01-18 18:35:46,704 - Knowledge - INFO - Fast-tracked /app/data/T0015/307419/b5849in/keystone/tests/cli-tests/artifacts.test.ts (ext=.ts, size=3013)
2026-01-18 18:35:46,792 - Knowledge - INFO - Fast-tracked /app/data/T0015/307419/b5849in/keystone/tests2/utils.test.ts (ext=.ts, size=1423)
2026-01-18 18:35:46,863 - Knowledge - INFO - Worker kw13 processing /app/data/T0015/307419/b5849in/keystone/tests2/access.create.test.ts
2026-01-18 18:35:46,958 - Knowledge - INFO - process ingested knowledge for /app/data/T0015/307419/b5849in/keystone/docs/content/docs/guides/testing.md
2026-01-18 18:35:47,041 - Knowledge - INFO - process ingested knowledge for /app/data/T0015/307419/b5849in/keystone/docs/content/blog/prisma-day-2021.md
2026-01-18 18:35:47,119 - Knowledge - INFO - Batch sizing: calculated=8, max_allowed=10, queue=972, active_workers=20/20
2026-01-18 18:35:47,239 - Knowledge - INFO - Progress: 20.7% | Files: 270/1306 | Rate: 2.26 files/sec | Queue: 972
2026-01-18 18:35:47,240 - Knowledge - INFO - [kw19] Queue=972, InProgress=0, PendingWorkers=20/20, Completed=270/1306 (20.7%)
2026-01-18 18:35:47,334 - Knowledge - INFO - process ingested knowledge for /app/data/T0015/307419/b5849in/keystone/docs/app/(site)/branding/page-client.tsx
2026-01-18 18:35:47,412 - Knowledge - INFO - process ingested knowledge for /app/data/T0015/307419/b5849in/keystone/docs/app/(site)/enterprise/page-client.tsx
2026-01-18 18:35:47,529 - Knowledge - INFO - process ingested knowledge for /app/data/T0015/307419/b5849in/keystone/docs/components/docs/TableOfContents.tsx
2026-01-18 18:35:47,610 - Knowledge - INFO - process ingested knowledge for /app/data/T0015/307419/b5849in/keystone/docs/content/docs/walkthroughs/lesson-4.md
2026-01-18 18:35:47,693 - Knowledge - INFO - process ingested knowledge for /app/data/T0015/307419/b5849in/keystone/docs/content/docs/fields/multiselect.md
2026-01-18 18:35:47,778 - Knowledge - INFO - Worker kw6 processing /app/data/T0015/307419/b5849in/keystone/docs/content/examples/extend-graphql-schema-nexus.yaml
2026-01-18 18:35:47,898 - Knowledge - INFO - process ingested knowledge for /app/data/T0015/307419/b5849in/keystone/docs/content/docs/fields/timestamp.md
2026-01-18 18:35:48,009 - Knowledge - INFO - Fast-tracked /app/data/T0015/307419/b5849in/keystone/docs/content/examples/custom-admin-ui-pages.yaml (ext=.yaml, size=184)
2026-01-18 18:35:48,092 - Knowledge - INFO - Worker kw8 processing /app/data/T0015/307419/b5849in/keystone/docs/lib/initialDocumentDemoContent.ts
2026-01-18 18:35:48,172 - Knowledge - INFO - Fast-tracked /app/data/T0015/307419/b5849in/keystone/docs/public/robots.txt (ext=.txt, size=120)
2026-01-18 18:35:48,251 - Knowledge - INFO - process ingested knowledge for /app/data/T0015/307419/b5849in/keystone/docs/content/docs/guides/schema-extension.md
2026-01-18 18:35:48,344 - Knowledge - INFO - process ingested knowledge for /app/data/T0015/307419/b5849in/keystone/docs/content/docs/config/auth.md
2026-01-18 18:35:48,431 - Knowledge - INFO - Worker kw12 processing /app/data/T0015/307419/b5849in/keystone/tests/cli-tests/fixtures/log-node-env.ts
2026-01-18 18:35:48,526 - Knowledge - INFO - Worker kw17 processing /app/data/T0015/307419/b5849in/keystone/tests2/package.json
2026-01-18 18:35:48,641 - Knowledge - INFO - Fast-tracked /app/data/T0015/307419/b5849in/keystone/tests2/access.create.test.ts (ext=.ts, size=4606)
2026-01-18 18:35:48,720 - Knowledge - INFO - process ingested knowledge for /app/data/T0015/307419/b5849in/keystone/docs/content/docs/guides/hooks.md
2026-01-18 18:35:48,834 - Knowledge - INFO - process ingested knowledge for /app/data/T0015/307419/b5849in/keystone/docs/content/blog/a-year-of-releases-in-review.md
2026-01-18 18:35:48,946 - Knowledge - INFO - Async storing batch of 10 embeddings
2026-01-18 18:35:49,020 - Knowledge - INFO - [kw15] Queue=964, InProgress=0, PendingWorkers=20/20, Completed=270/1306 (20.7%)
2026-01-18 18:35:49,111 - Knowledge - INFO - Batch sizing: calculated=8, max_allowed=10, queue=972, active_workers=20/20
2026-01-18 18:35:49,200 - Knowledge - INFO - process ingested knowledge for /app/data/T0015/307419/b5849in/keystone/docs/app/(site)/for-developers/page.tsx
2026-01-18 18:35:49,293 - Knowledge - INFO - process ingested knowledge for /app/data/T0015/307419/b5849in/keystone/docs/app/(site)/for-content-management/page.tsx
2026-01-18 18:35:49,372 - Knowledge - INFO - process ingested knowledge for /app/data/T0015/307419/b5849in/keystone/docs/components/docs/CommunitySlackCTA.tsx
2026-01-18 18:35:49,454 - Knowledge - INFO - process ingested knowledge for /app/data/T0015/307419/b5849in/keystone/docs/content/docs/walkthroughs/lesson-2.md
2026-01-18 18:35:49,537 - Knowledge - INFO - process ingested knowledge for /app/data/T0015/307419/b5849in/keystone/docs/content/docs/fields/checkbox.md
2026-01-18 18:35:49,648 - Knowledge - INFO - Fast-tracked /app/data/T0015/307419/b5849in/keystone/docs/content/examples/extend-graphql-schema-nexus.yaml (ext=.yaml, size=275)
2026-01-18 18:35:49,737 - Knowledge - INFO - process ingested knowledge for /app/data/T0015/307419/b5849in/keystone/docs/content/docs/fields/calendarday.md
2026-01-18 18:35:49,821 - Knowledge - INFO - Async storage completed for 10 embeddings
2026-01-18 18:35:50,192 - Knowledge - INFO - process ingested knowledge for /app/data/T0015/307419/b5849in/keystone/docs/content/docs/config/config.md
2026-01-18 18:35:50,279 - Knowledge - INFO - Fast-tracked /app/data/T0015/307419/b5849in/keystone/tests/cli-tests/fixtures/log-node-env.ts (ext=.ts, size=572)
2026-01-18 18:35:50,406 - Knowledge - INFO - Fast-tracked /app/data/T0015/307419/b5849in/keystone/tests2/package.json (ext=.json, size=264)
2026-01-18 18:35:50,513 - Knowledge - INFO - Worker kw13 processing /app/data/T0015/307419/b5849in/keystone/tests2/access.field.filterable.test.ts
2026-01-18 18:35:50,610 - Knowledge - INFO - process ingested knowledge for /app/data/T0015/307419/b5849in/keystone/docs/content/docs/guides/database-migration.md
2026-01-18 18:35:50,721 - Knowledge - INFO - process ingested knowledge for /app/data/T0015/307419/b5849in/keystone/docs/content/blog/embedded-mode-with-sqlite-nextjs.md
2026-01-18 18:35:50,796 - Knowledge - INFO - Worker kw20 processing /app/data/T0015/307419/b5849in/keystone/tests/cli-tests/fixtures/two-fields.ts
2026-01-18 18:35:50,879 - Knowledge - INFO - Batch sizing: calculated=8, max_allowed=10, queue=964, active_workers=20/20
2026-01-18 18:35:51,029 - Knowledge - INFO - Async storing batch of 10 embeddings
2026-01-18 18:35:51,051 - Knowledge - INFO - process ingested knowledge for /app/data/T0015/307419/b5849in/keystone/docs/app/(site)/for-developers/page-client.tsx
2026-01-18 18:35:51,140 - Knowledge - INFO - process ingested knowledge for /app/data/T0015/307419/b5849in/keystone/docs/app/(site)/for-content-management/page-client.tsx
2026-01-18 18:35:51,150 - Knowledge - INFO - [kw3] Queue=956, InProgress=0, PendingWorkers=20/20, Completed=270/1306 (20.7%)
2026-01-18 18:35:51,258 - Knowledge - INFO - process ingested knowledge for /app/data/T0015/307419/b5849in/keystone/docs/components/docs/DocsLayout.tsx
2026-01-18 18:35:51,355 - Knowledge - INFO - process ingested knowledge for /app/data/T0015/307419/b5849in/keystone/docs/content/docs/walkthroughs/lesson-1.md
2026-01-18 18:35:51,436 - Knowledge - INFO - process ingested knowledge for /app/data/T0015/307419/b5849in/keystone/docs/content/docs/fields/overview.md
2026-01-18 18:35:51,523 - Knowledge - INFO - Async storage completed for 10 embeddings
2026-01-18 18:35:51,597 - Knowledge - INFO - process ingested knowledge for /app/data/T0015/307419/b5849in/keystone/docs/content/docs/fields/select.md
2026-01-18 18:35:51,668 - Knowledge - INFO - Processing batch of 10 files
2026-01-18 18:35:51,849 - Knowledge - INFO - Worker kw12 processing /app/data/T0015/307419/b5849in/keystone/tests/cli-tests/fixtures/one-field.ts
2026-01-18 18:35:51,921 - Knowledge - INFO - Worker kw17 processing /app/data/T0015/307419/b5849in/keystone/tests2/omit.test.ts
2026-01-18 18:35:52,020 - Knowledge - INFO - Fast-tracked /app/data/T0015/307419/b5849in/keystone/tests2/access.field.filterable.test.ts (ext=.ts, size=2601)
2026-01-18 18:35:52,111 - Knowledge - INFO - process ingested knowledge for /app/data/T0015/307419/b5849in/keystone/docs/content/docs/guides/cli.md
2026-01-18 18:35:52,211 - Knowledge - INFO - process ingested knowledge for /app/data/T0015/307419/b5849in/keystone/docs/content/blog/singleton.md
2026-01-18 18:35:52,307 - Knowledge - INFO - Fast-tracked /app/data/T0015/307419/b5849in/keystone/tests/cli-tests/fixtures/two-fields.ts (ext=.ts, size=477)
2026-01-18 18:35:52,436 - Knowledge - INFO - Async storing batch of 10 embeddings
2026-01-18 18:35:52,493 - Knowledge - INFO - Worker kw19 processing /app/data/T0015/307419/b5849in/keystone/tests/admin-ui-tests/utils.ts
2026-01-18 18:35:52,670 - Knowledge - INFO - process ingested knowledge for /app/data/T0015/307419/b5849in/keystone/docs/app/(site)/layout.tsx
2026-01-18 18:35:52,769 - Knowledge - INFO - process ingested knowledge for /app/data/T0015/307419/b5849in/keystone/docs/app/(site)/docs/[...rest]/page.tsx
2026-01-18 18:35:52,786 - Knowledge - INFO - Batch sizing: calculated=8, max_allowed=10, queue=956, active_workers=20/20
2026-01-18 18:35:52,865 - Knowledge - INFO - process ingested knowledge for /app/data/T0015/307419/b5849in/keystone/docs/components/docs/featured-examples/client.tsx
2026-01-18 18:35:52,902 - Knowledge - INFO - [kw1] Queue=948, InProgress=0, PendingWorkers=20/20, Completed=280/1306 (21.4%)
2026-01-18 18:35:52,976 - Knowledge - INFO - process ingested knowledge for /app/data/T0015/307419/b5849in/keystone/docs/content/docs/walkthroughs/lesson-5.md
2026-01-18 18:35:53,056 - Knowledge - INFO - process ingested knowledge for /app/data/T0015/307419/b5849in/keystone/docs/content/docs/fields/virtual.md
2026-01-18 18:35:53,087 - Knowledge - INFO - Fast-tracked /app/data/T0015/307419/b5849in/keystone/docs/public/assets/resize-observer-polyfill.js (small file (2233 bytes))
2026-01-18 18:35:53,138 - Knowledge - INFO - Processing batch of 10 files
2026-01-18 18:35:53,264 - Knowledge - INFO - process ingested knowledge for /app/data/T0015/307419/b5849in/keystone/docs/content/docs/fields/file.md
2026-01-18 18:35:53,338 - Knowledge - INFO - process ingested knowledge for /app/data/T0015/307419/b5849in/keystone/docs/content/docs/graphql/filters.md
2026-01-18 18:35:53,421 - Knowledge - INFO - Async storage completed for 10 embeddings
2026-01-18 18:35:53,452 - Knowledge - INFO - Fast-tracked /app/data/T0015/307419/b5849in/keystone/tests/cli-tests/fixtures/one-field.ts (ext=.ts, size=435)
2026-01-18 18:35:53,548 - Knowledge - INFO - Fast-tracked /app/data/T0015/307419/b5849in/keystone/tests2/omit.test.ts (ext=.ts, size=10817)
2026-01-18 18:35:53,628 - Knowledge - INFO - Worker kw13 processing /app/data/T0015/307419/b5849in/keystone/babel.config.js
2026-01-18 18:35:53,917 - Knowledge - INFO - Worker kw20 processing /app/data/T0015/307419/b5849in/keystone/tests/cli-tests/utils.ts
2026-01-18 18:35:54,005 - Knowledge - INFO - Worker kw15 processing /app/data/T0015/307419/b5849in/keystone/tests/api-tests/db-map.test.ts
2026-01-18 18:35:54,142 - Knowledge - INFO - Fast-tracked /app/data/T0015/307419/b5849in/keystone/tests/admin-ui-tests/utils.ts (ext=.ts, size=5426)
2026-01-18 18:35:54,569 - Knowledge - INFO - Batch sizing: calculated=8, max_allowed=10, queue=948, active_workers=20/20
2026-01-18 18:35:54,674 - Knowledge - INFO - Async storing batch of 10 embeddings
2026-01-18 18:35:54,832 - Knowledge - INFO - process ingested knowledge for /app/data/T0015/307419/b5849in/keystone/docs/content/docs/walkthroughs/lesson-3.md
2026-01-18 18:35:54,927 - Knowledge - INFO - process ingested knowledge for /app/data/T0015/307419/b5849in/keystone/docs/content/examples/railway.yaml
2026-01-18 18:35:55,103 - Knowledge - INFO - process ingested knowledge for /app/data/T0015/307419/b5849in/keystone/docs/content/docs/fields/decimal.md
2026-01-18 18:35:55,275 - Knowledge - INFO - Worker kw12 processing /app/data/T0015/307419/b5849in/keystone/tests/cli-tests/fixtures/custom-prisma-project/keystone.ts
2026-01-18 18:35:55,313 - Knowledge - INFO - process ingested knowledge for /app/data/T0015/307419/b5849in/keystone/docs/content/docs/reference/telemetry.md
2026-01-18 18:35:55,398 - Knowledge - INFO - Worker kw17 processing /app/data/T0015/307419/b5849in/keystone/tests2/access.update.test.ts
2026-01-18 18:35:55,477 - Knowledge - INFO - Fast-tracked /app/data/T0015/307419/b5849in/keystone/babel.config.js (ext=.js, size=467)
2026-01-18 18:35:55,555 - Knowledge - INFO - Fast-tracked /app/data/T0015/307419/b5849in/keystone/tests/cli-tests/utils.ts (ext=.ts, size=6358)
2026-01-18 18:35:55,639 - Knowledge - INFO - Fast-tracked /app/data/T0015/307419/b5849in/keystone/tests/api-tests/db-map.test.ts (ext=.ts, size=2948)
2026-01-18 18:35:55,753 - Knowledge - INFO - Worker kw19 processing /app/data/T0015/307419/b5849in/keystone/tests/admin-ui-tests/live-reloading.test.ts
2026-01-18 18:35:55,784 - Knowledge - INFO - Async storage completed for 10 embeddings
2026-01-18 18:35:55,815 - Knowledge - INFO - process ingested knowledge for /app/data/T0015/307419/b5849in/keystone/docs/content/docs/graphql/overview.md
2026-01-18 18:35:55,974 - Knowledge - INFO - Worker kw3 processing /app/data/T0015/307419/b5849in/keystone/tests/api-tests/queries/cursor-pagination.test.ts
2026-01-18 18:35:56,203 - Knowledge - INFO - Async storing batch of 10 embeddings
2026-01-18 18:35:56,398 - Knowledge - INFO - Fast-tracked /app/data/T0015/307419/b5849in/keystone/tests/cli-tests/fixtures/custom-prisma-project/keystone.ts (ext=.ts, size=927)
2026-01-18 18:35:56,508 - Knowledge - INFO - process ingested knowledge for /app/data/T0015/307419/b5849in/keystone/docs/content/examples/next-js.yaml
2026-01-18 18:35:56,571 - Knowledge - INFO - [LLM_CALL] Completed: initialDocumentDemoContent.ts:chunk1, Duration: 4911ms, PromptTokens: 3276, CompletionTokens: 191, Cost: $0.00040
2026-01-18 18:35:56,577 - Knowledge - INFO - Fast-tracked /app/data/T0015/307419/b5849in/keystone/tests2/access.update.test.ts (ext=.ts, size=4160)
2026-01-18 18:35:56,673 - Knowledge - INFO - Worker kw13 processing /app/data/T0015/307419/b5849in/keystone/README.md
2026-01-18 18:35:56,778 - Knowledge - INFO - Worker kw20 processing /app/data/T0015/307419/b5849in/keystone/tests/cli-tests/build.test.ts
2026-01-18 18:35:56,900 - Knowledge - INFO - Worker kw15 processing /app/data/T0015/307419/b5849in/keystone/tests/api-tests/field-groups.test.ts
2026-01-18 18:35:56,995 - Knowledge - INFO - Fast-tracked /app/data/T0015/307419/b5849in/keystone/tests/admin-ui-tests/live-reloading.test.ts (ext=.ts, size=4256)
2026-01-18 18:35:57,340 - Knowledge - INFO - Fast-tracked /app/data/T0015/307419/b5849in/keystone/tests/api-tests/queries/cursor-pagination.test.ts (ext=.ts, size=6742)
2026-01-18 18:35:57,436 - Knowledge - INFO - Worker kw1 processing /app/data/T0015/307419/b5849in/keystone/tests/api-tests/prisma-errors.test.ts
2026-01-18 18:35:57,532 - Knowledge - INFO - Worker kw12 processing /app/data/T0015/307419/b5849in/keystone/tests/cli-tests/fixtures/no-fields.ts
2026-01-18 18:35:57,649 - Knowledge - INFO - process ingested knowledge for /app/data/T0015/307419/b5849in/keystone/docs/content/featured-examples.yaml
2026-01-18 18:35:57,819 - Knowledge - INFO - done ingest for /app/data/T0015/307419/b5849in/keystone/docs/lib/initialDocumentDemoContent.ts
2026-01-18 18:35:57,966 - Knowledge - INFO - Worker kw17 processing /app/data/T0015/307419/b5849in/keystone/tests2/utils.ts
2026-01-18 18:35:58,086 - Knowledge - INFO - Fast-tracked /app/data/T0015/307419/b5849in/keystone/README.md (ext=.md, size=6894)
2026-01-18 18:35:58,179 - Knowledge - INFO - Fast-tracked /app/data/T0015/307419/b5849in/keystone/tests/cli-tests/build.test.ts (ext=.ts, size=2215)
2026-01-18 18:35:58,300 - Knowledge - INFO - Fast-tracked /app/data/T0015/307419/b5849in/keystone/tests/api-tests/field-groups.test.ts (ext=.ts, size=1616)
2026-01-18 18:35:58,305 - Knowledge - INFO - [LLM_CALL] Completed: prose-lite.ts:chunk1, Duration: 6746ms, PromptTokens: 4640, CompletionTokens: 122, Cost: $0.00051
2026-01-18 18:35:58,341 - Knowledge - INFO - process ingested knowledge for /app/data/T0015/307419/b5849in/keystone/docs/content/examples/custom-admin-ui-navigation.yaml
2026-01-18 18:35:58,402 - Knowledge - INFO - Worker kw19 processing /app/data/T0015/307419/b5849in/keystone/tests/admin-ui-tests/README.md
2026-01-18 18:35:58,407 - Knowledge - INFO - [kw7] Queue=932, InProgress=0, PendingWorkers=20/20, Completed=290/1306 (22.2%)
2026-01-18 18:35:58,752 - Knowledge - INFO - Worker kw3 processing /app/data/T0015/307419/b5849in/keystone/tests/api-tests/queries/filters.test.ts
2026-01-18 18:35:58,851 - Knowledge - INFO - Fast-tracked /app/data/T0015/307419/b5849in/keystone/tests/api-tests/prisma-errors.test.ts (ext=.ts, size=5313)
2026-01-18 18:35:58,943 - Knowledge - INFO - Fast-tracked /app/data/T0015/307419/b5849in/keystone/tests/cli-tests/fixtures/no-fields.ts (ext=.ts, size=358)
2026-01-18 18:35:59,461 - Knowledge - INFO - Worker kw13 processing /app/data/T0015/307419/b5849in/keystone/tests/cli-tests/migrations.test.ts
2026-01-18 18:35:59,549 - Knowledge - INFO - [kw2] Queue=932, InProgress=0, PendingWorkers=20/20, Completed=290/1306 (22.2%)
2026-01-18 18:35:59,563 - Knowledge - INFO - Worker kw20 processing /app/data/T0015/307419/b5849in/keystone/tests/cli-tests/prisma.test.ts
2026-01-18 18:35:59,647 - Knowledge - INFO - Worker kw15 processing /app/data/T0015/307419/b5849in/keystone/tests/api-tests/package.json
2026-01-18 18:35:59,729 - Knowledge - INFO - done ingest for /app/data/T0015/307419/b5849in/keystone/docs/lib/prose-lite.ts
2026-01-18 18:35:59,731 - Knowledge - INFO - [LLM_CALL] Completed: algoliaStyles.ts:chunk1, Duration: 9826ms, PromptTokens: 62248, CompletionTokens: 188, Cost: $0.00630
2026-01-18 18:35:59,794 - Knowledge - INFO - process ingested knowledge for /app/data/T0015/307419/b5849in/keystone/docs/content/featured-docs.yaml
2026-01-18 18:35:59,909 - Knowledge - INFO - Fast-tracked /app/data/T0015/307419/b5849in/keystone/tests/admin-ui-tests/README.md (ext=.md, size=1270)
2026-01-18 18:35:59,954 - Knowledge - INFO - process ingested knowledge for /app/data/T0015/307419/b5849in/keystone/docs/content/examples/extend-express-app.yaml
2026-01-18 18:35:59,987 - Knowledge - INFO - Batch sizing: calculated=8, max_allowed=10, queue=932, active_workers=20/20
2026-01-18 18:36:00,087 - Knowledge - INFO - Fast-tracked /app/data/T0015/307419/b5849in/keystone/tests/api-tests/queries/filters.test.ts (ext=.ts, size=16030)
2026-01-18 18:36:00,161 - Knowledge - INFO - [kw18] Queue=932, InProgress=0, PendingWorkers=20/20, Completed=290/1306 (22.2%)
2026-01-18 18:36:00,185 - Knowledge - INFO - Worker kw1 processing /app/data/T0015/307419/b5849in/keystone/tests/api-tests/extend-graphql-schema.test.ts
2026-01-18 18:36:00,249 - Knowledge - INFO - [kw16] Queue=932, InProgress=0, PendingWorkers=20/20, Completed=290/1306 (22.2%)
2026-01-18 18:36:00,283 - Knowledge - INFO - Worker kw12 processing /app/data/T0015/307419/b5849in/keystone/tests/cli-tests/fixtures/basic-project/keystone.ts
2026-01-18 18:36:00,365 - Knowledge - INFO - Fast-tracked /app/data/T0015/307419/b5849in/keystone/tests/cli-tests/migrations.test.ts (ext=.ts, size=11376)
2026-01-18 18:36:00,449 - Knowledge - INFO - Batch sizing: calculated=8, max_allowed=10, queue=932, active_workers=20/20
2026-01-18 18:36:00,542 - Knowledge - INFO - Fast-tracked /app/data/T0015/307419/b5849in/keystone/tests/cli-tests/prisma.test.ts (ext=.ts, size=1163)
2026-01-18 18:36:00,640 - Knowledge - INFO - Fast-tracked /app/data/T0015/307419/b5849in/keystone/tests/api-tests/package.json (ext=.json, size=1334)
2026-01-18 18:36:00,829 - Knowledge - INFO - done ingest for /app/data/T0015/307419/b5849in/keystone/docs/lib/algoliaStyles.ts
2026-01-18 18:36:00,887 - Knowledge - INFO - [LLM_CALL] Completed: focus-visible-polyfill.js:chunk1, Duration: 6032ms, PromptTokens: 2550, CompletionTokens: 200, Cost: $0.00033
2026-01-18 18:36:01,014 - Knowledge - INFO - Worker kw19 processing /app/data/T0015/307419/b5849in/keystone/tests/admin-ui-tests/navigation.test.ts
2026-01-18 18:36:01,279 - Knowledge - INFO - Worker kw3 processing /app/data/T0015/307419/b5849in/keystone/tests/api-tests/queries/cache-hints.test.ts
2026-01-18 18:36:01,314 - Knowledge - INFO - [kw11] Queue=932, InProgress=0, PendingWorkers=20/20, Completed=290/1306 (22.2%)
2026-01-18 18:36:01,315 - Knowledge - INFO - process ingested knowledge for /app/data/T0015/307419/b5849in/keystone/docs/content/examples/document-field-customisation.yaml
2026-01-18 18:36:01,315 - Knowledge - INFO - process ingested knowledge for /app/data/T0015/307419/b5849in/keystone/docs/content/examples/document-field.yaml
2026-01-18 18:36:01,368 - Knowledge - INFO - Batch sizing: calculated=8, max_allowed=10, queue=932, active_workers=20/20
2026-01-18 18:36:01,466 - Knowledge - INFO - Fast-tracked /app/data/T0015/307419/b5849in/keystone/tests/api-tests/extend-graphql-schema.test.ts (ext=.ts, size=3129)
2026-01-18 18:36:01,543 - Knowledge - INFO - Batch sizing: calculated=8, max_allowed=10, queue=932, active_workers=20/20
2026-01-18 18:36:01,632 - Knowledge - INFO - Fast-tracked /app/data/T0015/307419/b5849in/keystone/tests/cli-tests/fixtures/basic-project/keystone.ts (ext=.ts, size=378)
2026-01-18 18:36:01,718 - Knowledge - INFO - Async storage completed for 10 embeddings
2026-01-18 18:36:01,735 - Knowledge - INFO - Async storage completed for 10 embeddings
2026-01-18 18:36:01,892 - Knowledge - INFO - Worker kw20 processing /app/data/T0015/307419/b5849in/keystone/tests/admin-ui-tests/package.json
2026-01-18 18:36:01,974 - Knowledge - INFO - Worker kw15 processing /app/data/T0015/307419/b5849in/keystone/tests/api-tests/test-runner.ts
2026-01-18 18:36:02,183 - Knowledge - INFO - done ingest for /app/data/T0015/307419/b5849in/keystone/docs/public/assets/focus-visible-polyfill.js
2026-01-18 18:36:02,184 - Knowledge - INFO - Async storing batch of 10 embeddings
2026-01-18 18:36:02,184 - Knowledge - INFO - [kw5] Queue=916, InProgress=0, PendingWorkers=20/20, Completed=297/1306 (22.7%)
2026-01-18 18:36:02,185 - Knowledge - INFO - Async storing batch of 10 embeddings
2026-01-18 18:36:02,187 - Knowledge - INFO - [kw10] Queue=916, InProgress=0, PendingWorkers=20/20, Completed=297/1306 (22.7%)
2026-01-18 18:36:02,187 - Knowledge - INFO - [WEBSOCKET] Sent: Type=progress_update, Size: 293, Duration: 1ms
2026-01-18 18:36:02,316 - Knowledge - INFO - Fast-tracked /app/data/T0015/307419/b5849in/keystone/tests/admin-ui-tests/navigation.test.ts (ext=.ts, size=2895)
2026-01-18 18:36:02,422 - Knowledge - INFO - Fast-tracked /app/data/T0015/307419/b5849in/keystone/tests/api-tests/queries/cache-hints.test.ts (ext=.ts, size=8896)
2026-01-18 18:36:02,502 - Knowledge - INFO - Batch sizing: calculated=8, max_allowed=10, queue=932, active_workers=20/20
2026-01-18 18:36:02,587 - Knowledge - INFO - process ingested knowledge for /app/data/T0015/307419/b5849in/keystone/docs/content/examples/azure.yaml
2026-01-18 18:36:02,679 - Knowledge - INFO - process ingested knowledge for /app/data/T0015/307419/b5849in/keystone/docs/content/examples/virtual-field.yaml
2026-01-18 18:36:02,842 - Knowledge - INFO - Worker kw1 processing /app/data/T0015/307419/b5849in/keystone/tests/api-tests/relationships/filtering/nested.test.ts
2026-01-18 18:36:03,063 - Knowledge - INFO - Worker kw12 processing /app/data/T0015/307419/b5849in/keystone/tests/cli-tests/fixtures/with-ts.ts
2026-01-18 18:36:03,321 - Knowledge - INFO - Fast-tracked /app/data/T0015/307419/b5849in/keystone/tests/admin-ui-tests/package.json (ext=.json, size=812)
2026-01-18 18:36:03,402 - Knowledge - INFO - Fast-tracked /app/data/T0015/307419/b5849in/keystone/tests/api-tests/test-runner.ts (ext=.ts, size=7741)
2026-01-18 18:36:03,608 - Knowledge - INFO - Worker kw7 processing /app/data/T0015/307419/b5849in/keystone/tests/api-tests/relationships/nested-mutations/create-singular.test.ts
2026-01-18 18:36:03,737 - Knowledge - INFO - Batch sizing: calculated=8, max_allowed=10, queue=916, active_workers=20/20
2026-01-18 18:36:03,921 - Knowledge - INFO - Worker kw2 processing /app/data/T0015/307419/b5849in/keystone/tests/api-tests/relationships/nested-mutations/connect-singular.test.ts
2026-01-18 18:36:04,047 - Knowledge - INFO - Batch sizing: calculated=8, max_allowed=10, queue=916, active_workers=20/20
2026-01-18 18:36:04,192 - Knowledge - INFO - Async storing batch of 10 embeddings
2026-01-18 18:36:04,194 - Knowledge - INFO - Async storing batch of 10 embeddings
2026-01-18 18:36:04,194 - Knowledge - INFO - [LLM_CALL] Completed: TOKENS.ts:chunk1, Duration: 14203ms, PromptTokens: 3564, CompletionTokens: 151, Cost: $0.00042
2026-01-18 18:36:04,306 - Knowledge - INFO - Worker kw19 processing /app/data/T0015/307419/b5849in/keystone/tests/admin-ui-tests/init.test.ts
2026-01-18 18:36:04,383 - Knowledge - INFO - Worker kw3 processing /app/data/T0015/307419/b5849in/keystone/tests/api-tests/queries/orderBy.test.ts
2026-01-18 18:36:04,617 - Knowledge - INFO - process ingested knowledge for /app/data/T0015/307419/b5849in/keystone/docs/content/examples/singleton.yaml
2026-01-18 18:36:04,712 - Knowledge - INFO - process ingested knowledge for /app/data/T0015/307419/b5849in/keystone/docs/content/examples/blog.yaml
2026-01-18 18:36:04,840 - Knowledge - INFO - Fast-tracked /app/data/T0015/307419/b5849in/keystone/tests/api-tests/relationships/filtering/nested.test.ts (ext=.ts, size=8299)
2026-01-18 18:36:04,917 - Knowledge - INFO - Fast-tracked /app/data/T0015/307419/b5849in/keystone/tests/cli-tests/fixtures/with-ts.ts (ext=.ts, size=439)
2026-01-18 18:36:05,008 - Knowledge - INFO - Worker kw20 processing /app/data/T0015/307419/b5849in/keystone/tests/admin-ui-tests/relations.test.ts
2026-01-18 18:36:05,146 - Knowledge - INFO - Worker kw15 processing /app/data/T0015/307419/b5849in/keystone/tests/api-tests/extend-http-server.test.ts
2026-01-18 18:36:05,237 - Knowledge - INFO - Fast-tracked /app/data/T0015/307419/b5849in/keystone/tests/api-tests/relationships/nested-mutations/create-singular.test.ts (ext=.ts, size=11671)
2026-01-18 18:36:05,420 - Knowledge - INFO - Fast-tracked /app/data/T0015/307419/b5849in/keystone/tests/api-tests/relationships/nested-mutations/connect-singular.test.ts (ext=.ts, size=12823)
2026-01-18 18:36:05,604 - Knowledge - INFO - Worker kw18 processing /app/data/T0015/307419/b5849in/keystone/tests/api-tests/relationships/foreign-key.test.ts
2026-01-18 18:36:05,736 - Knowledge - INFO - Worker kw16 processing /app/data/T0015/307419/b5849in/keystone/tests/api-tests/relationships/label-search-field-validation.test.ts
2026-01-18 18:36:05,810 - Knowledge - INFO - done ingest for /app/data/T0015/307419/b5849in/keystone/docs/lib/TOKENS.ts
2026-01-18 18:36:05,810 - Knowledge - INFO - [WEBSOCKET] Sent: Type=unknown, Size: ?, Duration: 3624ms
2026-01-18 18:36:05,902 - Knowledge - INFO - Fast-tracked /app/data/T0015/307419/b5849in/keystone/tests/admin-ui-tests/init.test.ts (ext=.ts, size=2839)
2026-01-18 18:36:05,980 - Knowledge - INFO - Fast-tracked /app/data/T0015/307419/b5849in/keystone/tests/api-tests/queries/orderBy.test.ts (ext=.ts, size=16806)
2026-01-18 18:36:06,070 - Knowledge - INFO - process ingested knowledge for /app/data/T0015/307419/b5849in/keystone/docs/content/examples/task-manager.yaml
2026-01-18 18:36:06,157 - Knowledge - INFO - process ingested knowledge for /app/data/T0015/307419/b5849in/keystone/docs/content/examples/custom-field-view.yaml
2026-01-18 18:36:06,286 - Knowledge - INFO - Worker kw1 processing /app/data/T0015/307419/b5849in/keystone/tests/api-tests/relationships/filtering/access-control.test.ts
2026-01-18 18:36:06,371 - Knowledge - INFO - Async storage completed for 10 embeddings
2026-01-18 18:36:06,489 - Knowledge - INFO - Fast-tracked /app/data/T0015/307419/b5849in/keystone/tests/admin-ui-tests/relations.test.ts (ext=.ts, size=4013)
2026-01-18 18:36:06,558 - Knowledge - INFO - Fast-tracked /app/data/T0015/307419/b5849in/keystone/tests/api-tests/extend-http-server.test.ts (ext=.ts, size=766)
2026-01-18 18:36:06,648 - Knowledge - INFO - Worker kw7 processing /app/data/T0015/307419/b5849in/keystone/tests/api-tests/relationships/nested-mutations/create-many.test.ts
2026-01-18 18:36:06,749 - Knowledge - INFO - Worker kw2 processing /app/data/T0015/307419/b5849in/keystone/tests/api-tests/relationships/many-to-one-to-one.test.ts
2026-01-18 18:36:06,891 - Knowledge - INFO - Fast-tracked /app/data/T0015/307419/b5849in/keystone/tests/api-tests/relationships/foreign-key.test.ts (ext=.ts, size=6682)
2026-01-18 18:36:06,962 - Knowledge - INFO - Fast-tracked /app/data/T0015/307419/b5849in/keystone/tests/api-tests/relationships/label-search-field-validation.test.ts (ext=.ts, size=2644)
2026-01-18 18:36:07,177 - Knowledge - INFO - Progress: 22.7% | Files: 300/1306 | Rate: 2.17 files/sec | Queue: 876
2026-01-18 18:36:07,179 - Knowledge - INFO - Async storing batch of 10 embeddings
2026-01-18 18:36:07,180 - Knowledge - INFO - Async storing batch of 10 embeddings
2026-01-18 18:36:07,180 - Knowledge - INFO - Async storing batch of 10 embeddings
2026-01-18 18:36:07,180 - Knowledge - INFO - [LLM_CALL] Completed: utils.ts:chunk1, Duration: 6344ms, PromptTokens: 3972, CompletionTokens: 503, Cost: $0.00060
2026-01-18 18:36:07,288 - Knowledge - INFO - Worker kw19 processing /app/data/T0015/307419/b5849in/keystone/tests/api-tests/s3-public-read-policy.json
2026-01-18 18:36:07,361 - Knowledge - INFO - Worker kw3 processing /app/data/T0015/307419/b5849in/keystone/tests/api-tests/queries/singletons.test.ts
2026-01-18 18:36:07,443 - Knowledge - INFO - process ingested knowledge for /app/data/T0015/307419/b5849in/keystone/docs/content/examples/custom-field-type.yaml
2026-01-18 18:36:07,518 - Knowledge - INFO - process ingested knowledge for /app/data/T0015/307419/b5849in/keystone/docs/content/examples/default-values.yaml
2026-01-18 18:36:07,602 - Knowledge - INFO - Fast-tracked /app/data/T0015/307419/b5849in/keystone/tests/api-tests/relationships/filtering/access-control.test.ts (ext=.ts, size=3927)
2026-01-18 18:36:07,764 - Knowledge - INFO - Worker kw20 processing /app/data/T0015/307419/b5849in/keystone/tests/admin-ui-tests/filters.test.ts
2026-01-18 18:36:07,839 - Knowledge - INFO - Worker kw15 processing /app/data/T0015/307419/b5849in/keystone/tests/api-tests/utils.ts
2026-01-18 18:36:07,931 - Knowledge - INFO - Fast-tracked /app/data/T0015/307419/b5849in/keystone/tests/api-tests/relationships/nested-mutations/create-many.test.ts (ext=.ts, size=11904)
2026-01-18 18:36:08,052 - Knowledge - INFO - Fast-tracked /app/data/T0015/307419/b5849in/keystone/tests/api-tests/relationships/many-to-one-to-one.test.ts (ext=.ts, size=6639)
2026-01-18 18:36:08,130 - Knowledge - INFO - Worker kw18 processing /app/data/T0015/307419/b5849in/keystone/tests/api-tests/relationships/shared-names.test.ts
2026-01-18 18:36:08,215 - Knowledge - INFO - Worker kw16 processing /app/data/T0015/307419/b5849in/keystone/tests/api-tests/auth.test.ts
2026-01-18 18:36:08,285 - Knowledge - INFO - [kw4] Queue=876, InProgress=0, PendingWorkers=20/20, Completed=303/1306 (23.2%)
2026-01-18 18:36:08,379 - Knowledge - INFO - Worker kw11 processing /app/data/T0015/307419/b5849in/keystone/tests/api-tests/fields/storage-utils.ts
2026-01-18 18:36:08,448 - Knowledge - INFO - Worker kw5 processing /app/data/T0015/307419/b5849in/keystone/tests/api-tests/fields/images.test.ts
2026-01-18 18:36:08,532 - Knowledge - INFO - Worker kw10 processing /app/data/T0015/307419/b5849in/keystone/tests/api-tests/fields/types/fixtures/select/non-null/test-fixtures.ts
2026-01-18 18:36:08,618 - Knowledge - INFO - done ingest for /app/data/T0015/307419/b5849in/keystone/tests2/utils.ts
2026-01-18 18:36:08,642 - Knowledge - INFO - Processing batch of 10 files
2026-01-18 18:36:08,660 - Knowledge - INFO - Processing batch of 10 files
2026-01-18 18:36:08,660 - Knowledge - INFO - Processing batch of 8 files
2026-01-18 18:36:08,663 - Knowledge - INFO - Processing batch of 8 files
2026-01-18 18:36:08,719 - Knowledge - INFO - Fast-tracked /app/data/T0015/307419/b5849in/keystone/tests/api-tests/s3-public-read-policy.json (ext=.json, size=248)
2026-01-18 18:36:08,830 - Knowledge - INFO - Fast-tracked /app/data/T0015/307419/b5849in/keystone/tests/api-tests/queries/singletons.test.ts (ext=.ts, size=5637)
2026-01-18 18:36:08,907 - Knowledge - INFO - process ingested knowledge for /app/data/T0015/307419/b5849in/keystone/docs/content/examples/custom-admin-ui-pages.yaml
2026-01-18 18:36:09,009 - Knowledge - INFO - process ingested knowledge for /app/data/T0015/307419/b5849in/keystone/docs/content/examples/extend-graphql-schema-nexus.yaml
2026-01-18 18:36:09,095 - Knowledge - INFO - Worker kw1 processing /app/data/T0015/307419/b5849in/keystone/tests/api-tests/relationships/filtering/filtering.test.ts
2026-01-18 18:36:09,199 - Knowledge - INFO - Fast-tracked /app/data/T0015/307419/b5849in/keystone/tests/admin-ui-tests/filters.test.ts (ext=.ts, size=4117)
2026-01-18 18:36:09,307 - Knowledge - INFO - Fast-tracked /app/data/T0015/307419/b5849in/keystone/tests/api-tests/utils.ts (ext=.ts, size=7196)
2026-01-18 18:36:09,379 - Knowledge - INFO - Worker kw7 processing /app/data/T0015/307419/b5849in/keystone/tests/api-tests/relationships/nested-mutations/two-way-backreference/to-many.test.ts
2026-01-18 18:36:09,468 - Knowledge - INFO - Worker kw2 processing /app/data/T0015/307419/b5849in/keystone/tests/api-tests/relationships/crud/one-to-one.test.ts
2026-01-18 18:36:09,549 - Knowledge - INFO - Fast-tracked /app/data/T0015/307419/b5849in/keystone/tests/api-tests/relationships/shared-names.test.ts (ext=.ts, size=4592)
2026-01-18 18:36:09,622 - Knowledge - INFO - Fast-tracked /app/data/T0015/307419/b5849in/keystone/tests/api-tests/auth.test.ts (ext=.ts, size=7511)
2026-01-18 18:36:09,699 - Knowledge - INFO - Batch sizing: calculated=8, max_allowed=10, queue=876, active_workers=20/20
2026-01-18 18:36:09,783 - Knowledge - INFO - Fast-tracked /app/data/T0015/307419/b5849in/keystone/tests/api-tests/fields/storage-utils.ts (ext=.ts, size=2473)
2026-01-18 18:36:09,871 - Knowledge - INFO - Fast-tracked /app/data/T0015/307419/b5849in/keystone/tests/api-tests/fields/images.test.ts (ext=.ts, size=8417)
2026-01-18 18:36:09,996 - Knowledge - INFO - Fast-tracked /app/data/T0015/307419/b5849in/keystone/tests/api-tests/fields/types/fixtures/select/non-null/test-fixtures.ts (ext=.ts, size=2787)
2026-01-18 18:36:10,255 - Knowledge - INFO - process ingested knowledge for /app/data/T0015/307419/b5849in/keystone/docs/content/examples/auth.yaml
2026-01-18 18:36:10,518 - Knowledge - INFO - process ingested knowledge for /app/data/T0015/307419/b5849in/keystone/docs/lib/TOKENS.ts
2026-01-18 18:36:10,735 - Knowledge - INFO - process ingested knowledge for /app/data/T0015/307419/b5849in/keystone/tests2/access.delete.test.ts
2026-01-18 18:36:10,953 - Knowledge - INFO - process ingested knowledge for /app/data/T0015/307419/b5849in/keystone/tests/cli-tests/package.json
2026-01-18 18:36:11,021 - Knowledge - INFO - [LLM_CALL] Completed: utils2.ts:chunk1, Duration: 11291ms, PromptTokens: 5682, CompletionTokens: 940, Cost: $0.00094
2026-01-18 18:36:11,057 - Knowledge - INFO - Worker kw19 processing /app/data/T0015/307419/b5849in/keystone/tests/api-tests/extend-express-app.test.ts
2026-01-18 18:36:11,140 - Knowledge - INFO - Worker kw3 processing /app/data/T0015/307419/b5849in/keystone/tests/api-tests/queries/limits.test.ts
2026-01-18 18:36:11,458 - Knowledge - INFO - Fast-tracked /app/data/T0015/307419/b5849in/keystone/tests/api-tests/relationships/filtering/filtering.test.ts (ext=.ts, size=9083)
2026-01-18 18:36:11,573 - Knowledge - INFO - Worker kw20 processing /app/data/T0015/307419/b5849in/keystone/tests/admin-ui-tests/list-view-crud.test.ts
2026-01-18 18:36:11,693 - Knowledge - INFO - Worker kw15 processing /app/data/T0015/307419/b5849in/keystone/tests/api-tests/queries/validation.ts
2026-01-18 18:36:11,794 - Knowledge - INFO - Fast-tracked /app/data/T0015/307419/b5849in/keystone/tests/api-tests/relationships/nested-mutations/two-way-backreference/to-many.test.ts (ext=.ts, size=14150)
2026-01-18 18:36:11,900 - Knowledge - INFO - Fast-tracked /app/data/T0015/307419/b5849in/keystone/tests/api-tests/relationships/crud/one-to-one.test.ts (ext=.ts, size=31440)
2026-01-18 18:36:11,986 - Knowledge - INFO - Worker kw18 processing /app/data/T0015/307419/b5849in/keystone/tests/api-tests/relationships/relation-name.test.ts
2026-01-18 18:36:12,096 - Knowledge - INFO - Worker kw16 processing /app/data/T0015/307419/b5849in/keystone/tests/api-tests/indexes.test.ts
2026-01-18 18:36:12,341 - Knowledge - INFO - Worker kw11 processing /app/data/T0015/307419/b5849in/keystone/tests/api-tests/fields/required.test.ts
2026-01-18 18:36:12,471 - Knowledge - INFO - Worker kw5 processing /app/data/T0015/307419/b5849in/keystone/tests/api-tests/fields/types/bigInt.test.ts
2026-01-18 18:36:12,573 - Knowledge - INFO - Worker kw10 processing /app/data/T0015/307419/b5849in/keystone/tests/api-tests/fields/types/fixtures/file/test-fixtures.ts
2026-01-18 18:36:12,716 - Knowledge - INFO - process ingested knowledge for /app/data/T0015/307419/b5849in/keystone/docs/content/examples/custom-admin-ui-logo.yaml
2026-01-18 18:36:12,801 - Knowledge - INFO - process ingested knowledge for /app/data/T0015/307419/b5849in/keystone/docs/lib/prose-lite.ts
2026-01-18 18:36:12,839 - Knowledge - INFO - process ingested knowledge for /app/data/T0015/307419/b5849in/keystone/tests2/access.query.test.ts
2026-01-18 18:36:12,916 - Knowledge - INFO - process ingested knowledge for /app/data/T0015/307419/b5849in/keystone/tests/cli-tests/artifacts.test.ts
2026-01-18 18:36:12,997 - Knowledge - INFO - done ingest for /app/data/T0015/307419/b5849in/keystone/tests2/utils2.ts
2026-01-18 18:36:12,998 - Knowledge - INFO - Async storing batch of 10 embeddings
2026-01-18 18:36:12,999 - Knowledge - INFO - [kw6] Queue=868, InProgress=0, PendingWorkers=20/20, Completed=326/1306 (25.0%)
2026-01-18 18:36:13,000 - Knowledge - INFO - [WEBSOCKET] Sent: Type=progress_update, Size: 293, Duration: 0ms
2026-01-18 18:36:13,126 - Knowledge - INFO - Fast-tracked /app/data/T0015/307419/b5849in/keystone/tests/api-tests/extend-express-app.test.ts (ext=.ts, size=870)
2026-01-18 18:36:13,221 - Knowledge - INFO - Fast-tracked /app/data/T0015/307419/b5849in/keystone/tests/api-tests/queries/limits.test.ts (ext=.ts, size=11452)
2026-01-18 18:36:13,341 - Knowledge - INFO - Worker kw1 processing /app/data/T0015/307419/b5849in/keystone/tests/api-tests/relationships/nested-mutations/create-and-connect-many.test.ts
2026-01-18 18:36:13,412 - Knowledge - INFO - Fast-tracked /app/data/T0015/307419/b5849in/keystone/tests/admin-ui-tests/list-view-crud.test.ts (ext=.ts, size=3469)
2026-01-18 18:36:13,479 - Knowledge - INFO - Fast-tracked /app/data/T0015/307419/b5849in/keystone/tests/api-tests/queries/validation.ts (ext=.ts, size=6984)
2026-01-18 18:36:13,557 - Knowledge - INFO - Worker kw7 processing /app/data/T0015/307419/b5849in/keystone/tests/api-tests/relationships/nested-mutations/two-way-backreference/to-one-required.test.ts
2026-01-18 18:36:13,654 - Knowledge - INFO - Worker kw2 processing /app/data/T0015/307419/b5849in/keystone/tests/api-tests/relationships/crud/one-to-many-one-sided.test.ts
2026-01-18 18:36:13,736 - Knowledge - INFO - Fast-tracked /app/data/T0015/307419/b5849in/keystone/tests/api-tests/relationships/relation-name.test.ts (ext=.ts, size=4765)
2026-01-18 18:36:13,820 - Knowledge - INFO - Fast-tracked /app/data/T0015/307419/b5849in/keystone/tests/api-tests/indexes.test.ts (ext=.ts, size=2822)
2026-01-18 18:36:13,901 - Knowledge - INFO - Fast-tracked /app/data/T0015/307419/b5849in/keystone/tests/api-tests/fields/required.test.ts (ext=.ts, size=4697)
2026-01-18 18:36:14,040 - Knowledge - INFO - Fast-tracked /app/data/T0015/307419/b5849in/keystone/tests/api-tests/fields/types/bigInt.test.ts (ext=.ts, size=635)
2026-01-18 18:36:14,120 - Knowledge - INFO - Fast-tracked /app/data/T0015/307419/b5849in/keystone/tests/api-tests/fields/types/fixtures/file/test-fixtures.ts (ext=.ts, size=1607)
2026-01-18 18:36:14,228 - Knowledge - INFO - process ingested knowledge for /app/data/T0015/307419/b5849in/keystone/docs/content/examples/extend-graphql-schema-ts.yaml
2026-01-18 18:36:14,344 - Knowledge - INFO - process ingested knowledge for /app/data/T0015/307419/b5849in/keystone/docs/lib/media.ts
2026-01-18 18:36:14,453 - Knowledge - INFO - process ingested knowledge for /app/data/T0015/307419/b5849in/keystone/tests2/access.field.filterableN.test.ts
2026-01-18 18:36:14,564 - Knowledge - INFO - process ingested knowledge for /app/data/T0015/307419/b5849in/keystone/tests/cli-tests/fixtures/log-node-env.ts
2026-01-18 18:36:14,767 - Knowledge - INFO - Worker kw4 processing /app/data/T0015/307419/b5849in/keystone/tests/api-tests/fields/types/fixtures/float/non-null/test-fixtures.ts
2026-01-18 18:36:14,895 - Knowledge - INFO - Batch sizing: calculated=8, max_allowed=10, queue=868, active_workers=20/20
2026-01-18 18:36:14,980 - Knowledge - INFO - [WEBSOCKET] Sent: Type=unknown, Size: ?, Duration: 1981ms
2026-01-18 18:36:15,054 - Knowledge - INFO - Worker kw19 processing /app/data/T0015/307419/b5849in/keystone/tests/api-tests/admin-meta.test.ts
2026-01-18 18:36:15,140 - Knowledge - INFO - Worker kw3 processing /app/data/T0015/307419/b5849in/keystone/tests/api-tests/id-field.test.ts
2026-01-18 18:36:15,220 - Knowledge - INFO - Fast-tracked /app/data/T0015/307419/b5849in/keystone/tests/api-tests/relationships/nested-mutations/create-and-connect-many.test.ts (ext=.ts, size=7873)
2026-01-18 18:36:15,337 - Knowledge - INFO - Async storage completed for 10 embeddings
2026-01-18 18:36:15,417 - Knowledge - INFO - Worker kw15 processing /app/data/T0015/307419/b5849in/keystone/tests/api-tests/queries/relationships.test.ts
2026-01-18 18:36:15,503 - Knowledge - INFO - Fast-tracked /app/data/T0015/307419/b5849in/keystone/tests/api-tests/relationships/nested-mutations/two-way-backreference/to-one-required.test.ts (ext=.ts, size=1662)
2026-01-18 18:36:15,610 - Knowledge - INFO - Fast-tracked /app/data/T0015/307419/b5849in/keystone/tests/api-tests/relationships/crud/one-to-many-one-sided.test.ts (ext=.ts, size=14912)
2026-01-18 18:36:15,696 - Knowledge - INFO - Worker kw18 processing /app/data/T0015/307419/b5849in/keystone/tests/api-tests/relationships/crud-self-ref/one-to-one.test.ts
2026-01-18 18:36:15,776 - Knowledge - INFO - Worker kw16 processing /app/data/T0015/307419/b5849in/keystone/tests/api-tests/auth-header.test.ts
2026-01-18 18:36:15,851 - Knowledge - INFO - Worker kw11 processing /app/data/T0015/307419/b5849in/keystone/tests/api-tests/fields/unsupported.test.ts
2026-01-18 18:36:15,942 - Knowledge - INFO - Worker kw5 processing /app/data/T0015/307419/b5849in/keystone/tests/api-tests/fields/types/text.test.ts
2026-01-18 18:36:16,030 - Knowledge - INFO - Worker kw10 processing /app/data/T0015/307419/b5849in/keystone/tests/api-tests/fields/types/fixtures/calendarDay/test-fixtures.ts
2026-01-18 18:36:16,124 - Knowledge - INFO - process ingested knowledge for /app/data/T0015/307419/b5849in/keystone/docs/content/examples/testing.yaml
2026-01-18 18:36:16,205 - Knowledge - INFO - process ingested knowledge for /app/data/T0015/307419/b5849in/keystone/docs/lib/forwardRefWithAs.ts
2026-01-18 18:36:16,285 - Knowledge - INFO - process ingested knowledge for /app/data/T0015/307419/b5849in/keystone/tests2/access.create.test.ts
2026-01-18 18:36:16,384 - Knowledge - INFO - process ingested knowledge for /app/data/T0015/307419/b5849in/keystone/tests/cli-tests/fixtures/one-field.ts
2026-01-18 18:36:16,479 - Knowledge - INFO - Fast-tracked /app/data/T0015/307419/b5849in/keystone/tests/api-tests/fields/types/fixtures/float/non-null/test-fixtures.ts (ext=.ts, size=1130)
2026-01-18 18:36:16,682 - Knowledge - INFO - Progress: 25.0% | Files: 329/1306 | Rate: 2.21 files/sec | Queue: 860
2026-01-18 18:36:16,683 - Knowledge - INFO - Async storing batch of 10 embeddings
2026-01-18 18:36:16,706 - Knowledge - INFO - Processing batch of 8 files
2026-01-18 18:36:16,806 - Knowledge - INFO - Fast-tracked /app/data/T0015/307419/b5849in/keystone/tests/api-tests/admin-meta.test.ts (ext=.ts, size=9216)
2026-01-18 18:36:16,895 - Knowledge - INFO - Fast-tracked /app/data/T0015/307419/b5849in/keystone/tests/api-tests/id-field.test.ts (ext=.ts, size=6981)
2026-01-18 18:36:16,975 - Knowledge - INFO - Worker kw1 processing /app/data/T0015/307419/b5849in/keystone/tests/api-tests/relationships/nested-mutations/create-and-connect-singular.test.ts
2026-01-18 18:36:17,125 - Knowledge - INFO - Processing batch of 8 files
2026-01-18 18:36:17,154 - Knowledge - INFO - Fast-tracked /app/data/T0015/307419/b5849in/keystone/tests/api-tests/queries/relationships.test.ts (ext=.ts, size=11258)
2026-01-18 18:36:17,244 - Knowledge - INFO - Worker kw7 processing /app/data/T0015/307419/b5849in/keystone/tests/api-tests/relationships/nested-mutations/reconnect-many-to-one.test.ts
2026-01-18 18:36:17,326 - Knowledge - INFO - Worker kw2 processing /app/data/T0015/307419/b5849in/keystone/tests/api-tests/relationships/crud/many-to-many.test.ts
2026-01-18 18:36:17,433 - Knowledge - INFO - Fast-tracked /app/data/T0015/307419/b5849in/keystone/tests/api-tests/relationships/crud-self-ref/one-to-one.test.ts (ext=.ts, size=13775)
2026-01-18 18:36:17,520 - Knowledge - INFO - Fast-tracked /app/data/T0015/307419/b5849in/keystone/tests/api-tests/auth-header.test.ts (ext=.ts, size=8128)
2026-01-18 18:36:17,610 - Knowledge - INFO - Fast-tracked /app/data/T0015/307419/b5849in/keystone/tests/api-tests/fields/unsupported.test.ts (ext=.ts, size=1816)
2026-01-18 18:36:17,730 - Knowledge - INFO - Fast-tracked /app/data/T0015/307419/b5849in/keystone/tests/api-tests/fields/types/text.test.ts (ext=.ts, size=2436)
2026-01-18 18:36:17,808 - Knowledge - INFO - Fast-tracked /app/data/T0015/307419/b5849in/keystone/tests/api-tests/fields/types/fixtures/calendarDay/test-fixtures.ts (ext=.ts, size=1177)
2026-01-18 18:36:17,915 - Knowledge - INFO - process ingested knowledge for /app/data/T0015/307419/b5849in/keystone/docs/content/examples/heroku.yaml
2026-01-18 18:36:18,024 - Knowledge - INFO - process ingested knowledge for /app/data/T0015/307419/b5849in/keystone/docs/CHANGELOG.md
2026-01-18 18:36:18,106 - Knowledge - INFO - process ingested knowledge for /app/data/T0015/307419/b5849in/keystone/tests2/access.field.filterable.test.ts
2026-01-18 18:36:18,227 - Knowledge - INFO - process ingested knowledge for /app/data/T0015/307419/b5849in/keystone/tests/cli-tests/fixtures/custom-prisma-project/keystone.ts
2026-01-18 18:36:18,317 - Knowledge - INFO - Worker kw4 processing /app/data/T0015/307419/b5849in/keystone/tests/api-tests/fields/types/fixtures/integer/test-fixtures.ts
2026-01-18 18:36:18,410 - Knowledge - INFO - [kw9] Queue=860, InProgress=0, PendingWorkers=20/20, Completed=342/1306 (26.2%)
2026-01-18 18:36:18,522 - Knowledge - INFO - Worker kw6 processing /app/data/T0015/307419/b5849in/keystone/tests/api-tests/fields/types/fixtures/image/test-fixtures.ts
2026-01-18 18:36:18,601 - Knowledge - INFO - process ingested knowledge for /app/data/T0015/307419/b5849in/keystone/docs/public/sitemap-0.xml
2026-01-18 18:36:18,689 - Knowledge - INFO - Async storage completed for 10 embeddings
2026-01-18 18:36:18,784 - Knowledge - INFO - Worker kw3 processing /app/data/T0015/307419/b5849in/keystone/tests/api-tests/db-enable-logging.test.ts
2026-01-18 18:36:18,870 - Knowledge - INFO - Fast-tracked /app/data/T0015/307419/b5849in/keystone/tests/api-tests/relationships/nested-mutations/create-and-connect-singular.test.ts (ext=.ts, size=2029)
2026-01-18 18:36:18,970 - Knowledge - INFO - process ingested knowledge for /app/data/T0015/307419/b5849in/keystone/tests/cli-tests/fixtures/two-fields.ts
2026-01-18 18:36:19,060 - Knowledge - INFO - Async storage completed for 10 embeddings
2026-01-18 18:36:19,162 - Knowledge - INFO - Fast-tracked /app/data/T0015/307419/b5849in/keystone/tests/api-tests/relationships/nested-mutations/reconnect-many-to-one.test.ts (ext=.ts, size=3250)
2026-01-18 18:36:19,242 - Knowledge - INFO - Fast-tracked /app/data/T0015/307419/b5849in/keystone/tests/api-tests/relationships/crud/many-to-many.test.ts (ext=.ts, size=17012)
2026-01-18 18:36:19,324 - Knowledge - INFO - Worker kw18 processing /app/data/T0015/307419/b5849in/keystone/tests/api-tests/relationships/crud-self-ref/one-to-many-one-sided.test.ts
2026-01-18 18:36:19,431 - Knowledge - INFO - Worker kw16 processing /app/data/T0015/307419/b5849in/keystone/tests/api-tests/body-parser.test.ts
2026-01-18 18:36:19,513 - Knowledge - INFO - Worker kw11 processing /app/data/T0015/307419/b5849in/keystone/tests/api-tests/fields/document.test.ts
2026-01-18 18:36:19,615 - Knowledge - INFO - Worker kw5 processing /app/data/T0015/307419/b5849in/keystone/tests/api-tests/fields/types/document.test.ts
2026-01-18 18:36:19,704 - Knowledge - INFO - Worker kw10 processing /app/data/T0015/307419/b5849in/keystone/tests/api-tests/fields/types/fixtures/calendarDay/non-null/test-fixtures.ts
2026-01-18 18:36:19,795 - Knowledge - INFO - process ingested knowledge for /app/data/T0015/307419/b5849in/keystone/docs/next.config.mjs
2026-01-18 18:36:19,875 - Knowledge - INFO - process ingested knowledge for /app/data/T0015/307419/b5849in/keystone/docs/public/sitemap.xml
2026-01-18 18:36:19,966 - Knowledge - INFO - process ingested knowledge for /app/data/T0015/307419/b5849in/keystone/babel.config.js
2026-01-18 18:36:20,047 - Knowledge - INFO - process ingested knowledge for /app/data/T0015/307419/b5849in/keystone/tests/cli-tests/fixtures/no-fields.ts
2026-01-18 18:36:20,157 - Knowledge - INFO - Fast-tracked /app/data/T0015/307419/b5849in/keystone/tests/api-tests/fields/types/fixtures/integer/test-fixtures.ts (ext=.ts, size=1018)
2026-01-18 18:36:20,263 - Knowledge - INFO - Batch sizing: calculated=8, max_allowed=10, queue=860, active_workers=20/20
2026-01-18 18:36:20,389 - Knowledge - INFO - Fast-tracked /app/data/T0015/307419/b5849in/keystone/tests/api-tests/fields/types/fixtures/image/test-fixtures.ts (ext=.ts, size=1582)
2026-01-18 18:36:20,463 - Knowledge - INFO - process ingested knowledge for /app/data/T0015/307419/b5849in/keystone/tsconfig.json
2026-01-18 18:36:20,592 - Knowledge - INFO - Processing batch of 8 files
2026-01-18 18:36:20,629 - Knowledge - INFO - Fast-tracked /app/data/T0015/307419/b5849in/keystone/tests/api-tests/db-enable-logging.test.ts (ext=.ts, size=1239)
2026-01-18 18:36:20,709 - Knowledge - INFO - Worker kw1 processing /app/data/T0015/307419/b5849in/keystone/tests/api-tests/relationships/nested-mutations/set-many.test.ts
2026-01-18 18:36:20,789 - Knowledge - INFO - process ingested knowledge for /app/data/T0015/307419/b5849in/keystone/tests/cli-tests/utils.ts
2026-01-18 18:36:20,923 - Knowledge - INFO - Processing batch of 8 files
2026-01-18 18:36:20,972 - Knowledge - INFO - Worker kw7 processing /app/data/T0015/307419/b5849in/keystone/tests/api-tests/relationships/nested-mutations/connect-many.test.ts
2026-01-18 18:36:21,047 - Knowledge - INFO - Worker kw2 processing /app/data/T0015/307419/b5849in/keystone/tests/api-tests/relationships/crud/one-to-many.test.ts
2026-01-18 18:36:21,147 - Knowledge - INFO - Fast-tracked /app/data/T0015/307419/b5849in/keystone/tests/api-tests/relationships/crud-self-ref/one-to-many-one-sided.test.ts (ext=.ts, size=13982)
2026-01-18 18:36:21,241 - Knowledge - INFO - Fast-tracked /app/data/T0015/307419/b5849in/keystone/tests/api-tests/body-parser.test.ts (ext=.ts, size=2475)
2026-01-18 18:36:21,314 - Knowledge - INFO - Fast-tracked /app/data/T0015/307419/b5849in/keystone/tests/api-tests/fields/document.test.ts (ext=.ts, size=2774)
2026-01-18 18:36:21,396 - Knowledge - INFO - Fast-tracked /app/data/T0015/307419/b5849in/keystone/tests/api-tests/fields/types/document.test.ts (ext=.ts, size=10358)
2026-01-18 18:36:21,478 - Knowledge - INFO - Fast-tracked /app/data/T0015/307419/b5849in/keystone/tests/api-tests/fields/types/fixtures/calendarDay/non-null/test-fixtures.ts (ext=.ts, size=1345)
2026-01-18 18:36:21,547 - Knowledge - INFO - process ingested knowledge for /app/data/T0015/307419/b5849in/keystone/docs/lib/prism-theme.ts
2026-01-18 18:36:21,652 - Knowledge - INFO - process ingested knowledge for /app/data/T0015/307419/b5849in/keystone/docs/public/browserconfig.xml
2026-01-18 18:36:21,727 - Knowledge - INFO - process ingested knowledge for /app/data/T0015/307419/b5849in/keystone/README.md
2026-01-18 18:36:21,821 - Knowledge - INFO - process ingested knowledge for /app/data/T0015/307419/b5849in/keystone/tests/cli-tests/fixtures/basic-project/keystone.ts
2026-01-18 18:36:21,920 - Knowledge - INFO - Worker kw4 processing /app/data/T0015/307419/b5849in/keystone/tests/api-tests/fields/types/fixtures/integer/non-null/test-fixtures.ts
2026-01-18 18:36:21,994 - Knowledge - INFO - Async storing batch of 10 embeddings
2026-01-18 18:36:22,092 - Knowledge - INFO - Worker kw6 processing /app/data/T0015/307419/b5849in/keystone/tests/api-tests/fields/types/fixtures/password/test-fixtures.ts
2026-01-18 18:36:22,191 - Knowledge - INFO - process ingested knowledge for /app/data/T0015/307419/b5849in/keystone/tests2/utils2.ts
2026-01-18 18:36:22,284 - Knowledge - INFO - process ingested knowledge for /app/data/T0015/307419/b5849in/keystone/tests/admin-ui-tests/utils.ts
2026-01-18 18:36:22,365 - Knowledge - INFO - Async storage completed for 10 embeddings
2026-01-18 18:36:22,491 - Knowledge - INFO - Fast-tracked /app/data/T0015/307419/b5849in/keystone/tests/api-tests/relationships/nested-mutations/set-many.test.ts (ext=.ts, size=7149)
2026-01-18 18:36:22,577 - Knowledge - INFO - process ingested knowledge for /app/data/T0015/307419/b5849in/keystone/tests/cli-tests/build.test.ts
2026-01-18 18:36:22,676 - Knowledge - INFO - process ingested knowledge for /app/data/T0015/307419/b5849in/keystone/tests/api-tests/db-map.test.ts
2026-01-18 18:36:22,761 - Knowledge - INFO - Fast-tracked /app/data/T0015/307419/b5849in/keystone/tests/api-tests/relationships/nested-mutations/connect-many.test.ts (ext=.ts, size=14694)
2026-01-18 18:36:22,851 - Knowledge - INFO - Fast-tracked /app/data/T0015/307419/b5849in/keystone/tests/api-tests/relationships/crud/one-to-many.test.ts (ext=.ts, size=17678)
2026-01-18 18:36:22,945 - Knowledge - INFO - Worker kw18 processing /app/data/T0015/307419/b5849in/keystone/tests/api-tests/relationships/crud-self-ref/many-to-many.test.ts
2026-01-18 18:36:23,064 - Knowledge - INFO - Worker kw16 processing /app/data/T0015/307419/b5849in/keystone/tests/api-tests/defaults.test.ts
2026-01-18 18:36:23,146 - Knowledge - INFO - Worker kw11 processing /app/data/T0015/307419/b5849in/keystone/tests/api-tests/fields/unique.test.ts
2026-01-18 18:36:23,237 - Knowledge - INFO - Worker kw5 processing /app/data/T0015/307419/b5849in/keystone/tests/api-tests/fields/types/decimal.test.ts
2026-01-18 18:36:23,316 - Knowledge - INFO - Worker kw10 processing /app/data/T0015/307419/b5849in/keystone/tests/api-tests/fields/types/fixtures/timestamp/test-fixtures.ts
2026-01-18 18:36:23,411 - Knowledge - INFO - process ingested knowledge for /app/data/T0015/307419/b5849in/keystone/docs/lib/algoliaStyles.ts
2026-01-18 18:36:23,501 - Knowledge - INFO - process ingested knowledge for /app/data/T0015/307419/b5849in/keystone/docs/public/assets/resize-observer-polyfill.js
2026-01-18 18:36:23,591 - Knowledge - INFO - process ingested knowledge for /app/data/T0015/307419/b5849in/keystone/tests/cli-tests/migrations.test.ts
2026-01-18 18:36:23,680 - Knowledge - INFO - process ingested knowledge for /app/data/T0015/307419/b5849in/keystone/tests/cli-tests/fixtures/with-ts.ts
2026-01-18 18:36:23,773 - Knowledge - INFO - Fast-tracked /app/data/T0015/307419/b5849in/keystone/tests/api-tests/fields/types/fixtures/integer/non-null/test-fixtures.ts (ext=.ts, size=1145)
2026-01-18 18:36:23,854 - Knowledge - INFO - Worker kw9 processing /app/data/T0015/307419/b5849in/keystone/tests/api-tests/fields/types/password.test.ts
2026-01-18 18:36:23,947 - Knowledge - INFO - Fast-tracked /app/data/T0015/307419/b5849in/keystone/tests/api-tests/fields/types/fixtures/password/test-fixtures.ts (ext=.ts, size=2549)
2026-01-18 18:36:24,045 - Knowledge - INFO - process ingested knowledge for /app/data/T0015/307419/b5849in/keystone/tests2/utils.test.ts
2026-01-18 18:36:24,128 - Knowledge - INFO - process ingested knowledge for /app/data/T0015/307419/b5849in/keystone/tests/admin-ui-tests/live-reloading.test.ts
2026-01-18 18:36:24,257 - Knowledge - INFO - Processing batch of 8 files
2026-01-18 18:36:24,344 - Knowledge - INFO - Async storage completed for 10 embeddings
2026-01-18 18:36:24,432 - Knowledge - INFO - process ingested knowledge for /app/data/T0015/307419/b5849in/keystone/tests/cli-tests/prisma.test.ts
2026-01-18 18:36:24,545 - Knowledge - INFO - process ingested knowledge for /app/data/T0015/307419/b5849in/keystone/tests/api-tests/field-groups.test.ts
2026-01-18 18:36:24,653 - Knowledge - INFO - Worker kw7 processing /app/data/T0015/307419/b5849in/keystone/tests/api-tests/relationships/nested-mutations/disconnect-singular.test.ts
2026-01-18 18:36:24,735 - Knowledge - INFO - Worker kw2 processing /app/data/T0015/307419/b5849in/keystone/tests/api-tests/relationships/crud/many-to-many-one-sided.test.ts
2026-01-18 18:36:24,840 - Knowledge - INFO - Fast-tracked /app/data/T0015/307419/b5849in/keystone/tests/api-tests/relationships/crud-self-ref/many-to-many.test.ts (ext=.ts, size=14094)
2026-01-18 18:36:24,948 - Knowledge - INFO - Fast-tracked /app/data/T0015/307419/b5849in/keystone/tests/api-tests/defaults.test.ts (ext=.ts, size=1074)
2026-01-18 18:36:25,041 - Knowledge - INFO - Fast-tracked /app/data/T0015/307419/b5849in/keystone/tests/api-tests/fields/unique.test.ts (ext=.ts, size=4940)
2026-01-18 18:36:25,122 - Knowledge - INFO - Fast-tracked /app/data/T0015/307419/b5849in/keystone/tests/api-tests/fields/types/decimal.test.ts (ext=.ts, size=802)
2026-01-18 18:36:25,195 - Knowledge - INFO - Fast-tracked /app/data/T0015/307419/b5849in/keystone/tests/api-tests/fields/types/fixtures/timestamp/test-fixtures.ts (ext=.ts, size=4566)
2026-01-18 18:36:25,316 - Knowledge - INFO - process ingested knowledge for /app/data/T0015/307419/b5849in/keystone/docs/lib/og-util.ts
2026-01-18 18:36:25,419 - Knowledge - INFO - process ingested knowledge for /app/data/T0015/307419/b5849in/keystone/docs/public/assets/focus-visible-polyfill.js
2026-01-18 18:36:25,681 - Knowledge - INFO - Worker kw4 processing /app/data/T0015/307419/b5849in/keystone/tests/api-tests/fields/types/fixtures/text/test-fixtures.ts
2026-01-18 18:36:25,755 - Knowledge - INFO - Fast-tracked /app/data/T0015/307419/b5849in/keystone/tests/api-tests/fields/types/password.test.ts (ext=.ts, size=1921)
2026-01-18 18:36:25,823 - Knowledge - INFO - Worker kw6 processing /app/data/T0015/307419/b5849in/keystone/tests/api-tests/fields/types/fixtures/password/non-null/test-fixtures.ts
2026-01-18 18:36:26,016 - Knowledge - INFO - process ingested knowledge for /app/data/T0015/307419/b5849in/keystone/tests2/package.json
2026-01-18 18:36:26,064 - Knowledge - INFO - process ingested knowledge for /app/data/T0015/307419/b5849in/keystone/tests/api-tests/queries/cursor-pagination.test.ts
2026-01-18 18:36:26,098 - Knowledge - INFO - process ingested knowledge for /app/data/T0015/307419/b5849in/keystone/tests/admin-ui-tests/README.md
2026-01-18 18:36:26,334 - Knowledge - INFO - process ingested knowledge for /app/data/T0015/307419/b5849in/keystone/tests/admin-ui-tests/package.json
2026-01-18 18:36:26,407 - Knowledge - INFO - Fast-tracked /app/data/T0015/307419/b5849in/keystone/tests/api-tests/relationships/nested-mutations/disconnect-singular.test.ts (ext=.ts, size=4940)
2026-01-18 18:36:26,417 - Knowledge - INFO - process ingested knowledge for /app/data/T0015/307419/b5849in/keystone/tests/api-tests/package.json
2026-01-18 18:36:26,489 - Knowledge - INFO - Fast-tracked /app/data/T0015/307419/b5849in/keystone/tests/api-tests/relationships/crud/many-to-many-one-sided.test.ts (ext=.ts, size=13022)
2026-01-18 18:36:26,587 - Knowledge - INFO - Worker kw18 processing /app/data/T0015/307419/b5849in/keystone/tests/api-tests/relationships/crud-self-ref/one-to-many.test.ts
2026-01-18 18:36:26,621 - Knowledge - INFO - [WEBSOCKET] Sent: Type=progress_update, Size: 293, Duration: 0ms
2026-01-18 18:36:26,663 - Knowledge - INFO - Worker kw16 processing /app/data/T0015/307419/b5849in/keystone/tests/api-tests/fields/test-files/keystone.txt
2026-01-18 18:36:26,742 - Knowledge - INFO - Worker kw11 processing /app/data/T0015/307419/b5849in/keystone/tests/api-tests/fields/files.test.ts
2026-01-18 18:36:26,827 - Knowledge - INFO - Worker kw5 processing /app/data/T0015/307419/b5849in/keystone/tests/api-tests/fields/types/Virtual.test.ts
2026-01-18 18:36:26,921 - Knowledge - INFO - Worker kw10 processing /app/data/T0015/307419/b5849in/keystone/tests/api-tests/fields/types/fixtures/timestamp/non-null/test-fixtures.ts
2026-01-18 18:36:27,008 - Knowledge - INFO - process ingested knowledge for /app/data/T0015/307419/b5849in/keystone/docs/lib/initialDocumentDemoContent.ts
2026-01-18 18:36:27,128 - Knowledge - INFO - process ingested knowledge for /app/data/T0015/307419/b5849in/keystone/docs/public/robots.txt
2026-01-18 18:36:27,232 - Knowledge - INFO - Fast-tracked /app/data/T0015/307419/b5849in/keystone/tests/api-tests/fields/types/fixtures/text/test-fixtures.ts (ext=.ts, size=1046)
2026-01-18 18:36:27,320 - Knowledge - INFO - Worker kw9 processing /app/data/T0015/307419/b5849in/keystone/tests/api-tests/fields/types/utils.ts
2026-01-18 18:36:27,424 - Knowledge - INFO - Fast-tracked /app/data/T0015/307419/b5849in/keystone/tests/api-tests/fields/types/fixtures/password/non-null/test-fixtures.ts (ext=.ts, size=1392)
2026-01-18 18:36:27,540 - Knowledge - INFO - process ingested knowledge for /app/data/T0015/307419/b5849in/keystone/tests2/omit.test.ts
2026-01-18 18:36:27,624 - Knowledge - INFO - process ingested knowledge for /app/data/T0015/307419/b5849in/keystone/tests/api-tests/queries/filters.test.ts
2026-01-18 18:36:27,713 - Knowledge - INFO - process ingested knowledge for /app/data/T0015/307419/b5849in/keystone/tests/admin-ui-tests/navigation.test.ts
2026-01-18 18:36:27,812 - Knowledge - INFO - process ingested knowledge for /app/data/T0015/307419/b5849in/keystone/tests/admin-ui-tests/relations.test.ts
2026-01-18 18:36:27,901 - Knowledge - INFO - Worker kw7 processing /app/data/T0015/307419/b5849in/keystone/tests/api-tests/relationships/nested-mutations/disconnect-many.test.ts
2026-01-18 18:36:27,975 - Knowledge - INFO - process ingested knowledge for /app/data/T0015/307419/b5849in/keystone/tests/api-tests/test-runner.ts
2026-01-18 18:36:28,057 - Knowledge - INFO - Worker kw2 processing /app/data/T0015/307419/b5849in/keystone/tests/api-tests/relationships/to-one-query-batching.test.ts
2026-01-18 18:36:28,131 - Knowledge - INFO - Fast-tracked /app/data/T0015/307419/b5849in/keystone/tests/api-tests/relationships/crud-self-ref/one-to-many.test.ts (ext=.ts, size=14757)
2026-01-18 18:36:28,222 - Knowledge - INFO - [kw12] Queue=852, InProgress=0, PendingWorkers=20/20, Completed=373/1306 (28.6%)
2026-01-18 18:36:28,222 - Knowledge - INFO - [WEBSOCKET] Sent: Type=unknown, Size: ?, Duration: 1602ms
2026-01-18 18:36:28,304 - Knowledge - INFO - Fast-tracked /app/data/T0015/307419/b5849in/keystone/tests/api-tests/fields/test-files/keystone.txt (ext=.txt, size=3250)
2026-01-18 18:36:28,432 - Knowledge - INFO - Fast-tracked /app/data/T0015/307419/b5849in/keystone/tests/api-tests/fields/files.test.ts (ext=.ts, size=6472)
2026-01-18 18:36:28,530 - Knowledge - INFO - Fast-tracked /app/data/T0015/307419/b5849in/keystone/tests/api-tests/fields/types/Virtual.test.ts (ext=.ts, size=5708)
2026-01-18 18:36:28,617 - Knowledge - INFO - Fast-tracked /app/data/T0015/307419/b5849in/keystone/tests/api-tests/fields/types/fixtures/timestamp/non-null/test-fixtures.ts (ext=.ts, size=1561)
2026-01-18 18:36:28,866 - Knowledge - INFO - Worker kw4 processing /app/data/T0015/307419/b5849in/keystone/tests/api-tests/fields/types/fixtures/text/nullable/test-fixtures.ts
2026-01-18 18:36:28,962 - Knowledge - INFO - Fast-tracked /app/data/T0015/307419/b5849in/keystone/tests/api-tests/fields/types/utils.ts (ext=.ts, size=4767)
2026-01-18 18:36:29,063 - Knowledge - INFO - Worker kw6 processing /app/data/T0015/307419/b5849in/keystone/tests/api-tests/fields/types/fixtures/multiselect/test-fixtures.ts
2026-01-18 18:36:29,218 - Knowledge - INFO - process ingested knowledge for /app/data/T0015/307419/b5849in/keystone/tests2/access.update.test.ts
2026-01-18 18:36:29,269 - Knowledge - INFO - process ingested knowledge for /app/data/T0015/307419/b5849in/keystone/tests/api-tests/queries/cache-hints.test.ts
2026-01-18 18:36:29,430 - Knowledge - INFO - process ingested knowledge for /app/data/T0015/307419/b5849in/keystone/tests/admin-ui-tests/init.test.ts
2026-01-18 18:36:29,530 - Knowledge - INFO - Fast-tracked /app/data/T0015/307419/b5849in/keystone/tests/api-tests/relationships/nested-mutations/disconnect-many.test.ts (ext=.ts, size=5983)
2026-01-18 18:36:29,539 - Knowledge - INFO - process ingested knowledge for /app/data/T0015/307419/b5849in/keystone/tests/admin-ui-tests/filters.test.ts
2026-01-18 18:36:29,712 - Knowledge - INFO - Fast-tracked /app/data/T0015/307419/b5849in/keystone/tests/api-tests/relationships/to-one-query-batching.test.ts (ext=.ts, size=3688)
2026-01-18 18:36:29,722 - Knowledge - INFO - process ingested knowledge for /app/data/T0015/307419/b5849in/keystone/tests/api-tests/extend-http-server.test.ts
2026-01-18 18:36:29,795 - Knowledge - INFO - Worker kw18 processing /app/data/T0015/307419/b5849in/keystone/tests/api-tests/relationships/crud-self-ref/many-to-many-one-sided.test.ts
2026-01-18 18:36:29,913 - Knowledge - INFO - Batch sizing: calculated=8, max_allowed=10, queue=852, active_workers=20/20
2026-01-18 18:36:30,043 - Knowledge - INFO - Progress: 28.5% | Files: 373/1306 | Rate: 2.30 files/sec | Queue: 852
2026-01-18 18:36:30,103 - Knowledge - INFO - Processing batch of 8 files
2026-01-18 18:36:30,117 - Knowledge - INFO - Worker kw16 processing /app/data/T0015/307419/b5849in/keystone/tests/api-tests/fields/test-files/badfile.txt
2026-01-18 18:36:30,215 - Knowledge - INFO - Worker kw11 processing /app/data/T0015/307419/b5849in/keystone/tests/api-tests/fields/non-null.test.ts
2026-01-18 18:36:30,335 - Knowledge - INFO - Worker kw5 processing /app/data/T0015/307419/b5849in/keystone/tests/api-tests/fields/types/checkbox.test.ts
2026-01-18 18:36:30,356 - Knowledge - INFO - [kw8] Queue=852, InProgress=0, PendingWorkers=20/20, Completed=374/1306 (28.6%)
2026-01-18 18:36:30,387 - Knowledge - INFO - [kw14] Queue=852, InProgress=0, PendingWorkers=20/20, Completed=374/1306 (28.6%)
2026-01-18 18:36:30,418 - Knowledge - INFO - Worker kw10 processing /app/data/T0015/307419/b5849in/keystone/tests/api-tests/fields/types/fixtures/json/test-fixtures.ts
2026-01-18 18:36:30,525 - Knowledge - INFO - Fast-tracked /app/data/T0015/307419/b5849in/keystone/tests/api-tests/fields/types/fixtures/text/nullable/test-fixtures.ts (ext=.ts, size=1107)
2026-01-18 18:36:30,640 - Knowledge - INFO - Worker kw9 processing /app/data/T0015/307419/b5849in/keystone/tests/api-tests/fields/types/integer.test.ts
2026-01-18 18:36:30,765 - Knowledge - INFO - Fast-tracked /app/data/T0015/307419/b5849in/keystone/tests/api-tests/fields/types/fixtures/multiselect/test-fixtures.ts (ext=.ts, size=4449)
2026-01-18 18:36:30,855 - Knowledge - INFO - process ingested knowledge for /app/data/T0015/307419/b5849in/keystone/tests2/utils.ts
2026-01-18 18:36:30,927 - Knowledge - INFO - process ingested knowledge for /app/data/T0015/307419/b5849in/keystone/tests/api-tests/queries/orderBy.test.ts
2026-01-18 18:36:31,032 - Knowledge - INFO - process ingested knowledge for /app/data/T0015/307419/b5849in/keystone/tests/api-tests/s3-public-read-policy.json
2026-01-18 18:36:31,147 - Knowledge - INFO - Async storage completed for 10 embeddings
2026-01-18 18:36:31,234 - Knowledge - INFO - process ingested knowledge for /app/data/T0015/307419/b5849in/keystone/tests/admin-ui-tests/list-view-crud.test.ts
2026-01-18 18:36:31,359 - Knowledge - INFO - Async storage completed for 10 embeddings
2026-01-18 18:36:31,439 - Knowledge - INFO - process ingested knowledge for /app/data/T0015/307419/b5849in/keystone/tests/api-tests/utils.ts
2026-01-18 18:36:31,569 - Knowledge - INFO - Fast-tracked /app/data/T0015/307419/b5849in/keystone/tests/api-tests/relationships/crud-self-ref/many-to-many-one-sided.test.ts (ext=.ts, size=10649)
2026-01-18 18:36:31,648 - Knowledge - INFO - Async storing batch of 8 embeddings
2026-01-18 18:36:31,719 - Knowledge - INFO - [kw13] Queue=844, InProgress=0, PendingWorkers=20/20, Completed=374/1306 (28.6%)
2026-01-18 18:36:31,836 - Knowledge - INFO - process ingested knowledge for /app/data/T0015/307419/b5849in/keystone/tests/api-tests/prisma-errors.test.ts
2026-01-18 18:36:31,924 - Knowledge - INFO - Fast-tracked /app/data/T0015/307419/b5849in/keystone/tests/api-tests/fields/test-files/badfile.txt (ext=.txt, size=15)
2026-01-18 18:36:32,008 - Knowledge - INFO - Fast-tracked /app/data/T0015/307419/b5849in/keystone/tests/api-tests/fields/non-null.test.ts (ext=.ts, size=3978)
2026-01-18 18:36:32,087 - Knowledge - INFO - Fast-tracked /app/data/T0015/307419/b5849in/keystone/tests/api-tests/fields/types/checkbox.test.ts (ext=.ts, size=335)
2026-01-18 18:36:32,164 - Knowledge - INFO - Batch sizing: calculated=8, max_allowed=10, queue=852, active_workers=20/20
2026-01-18 18:36:32,239 - Knowledge - INFO - Batch sizing: calculated=8, max_allowed=10, queue=852, active_workers=20/20
2026-01-18 18:36:32,332 - Knowledge - INFO - Fast-tracked /app/data/T0015/307419/b5849in/keystone/tests/api-tests/fields/types/fixtures/json/test-fixtures.ts (ext=.ts, size=1091)
2026-01-18 18:36:32,433 - Knowledge - INFO - Worker kw4 processing /app/data/T0015/307419/b5849in/keystone/tests/api-tests/fields/types/fixtures/bigInt/test-fixtures.ts
2026-01-18 18:36:32,510 - Knowledge - INFO - Fast-tracked /app/data/T0015/307419/b5849in/keystone/tests/api-tests/fields/types/integer.test.ts (ext=.ts, size=547)
2026-01-18 18:36:32,614 - Knowledge - INFO - Worker kw6 processing /app/data/T0015/307419/b5849in/keystone/tests/api-tests/fields/types/fixtures/checkbox/test-fixtures.ts
2026-01-18 18:36:32,793 - Knowledge - INFO - process ingested knowledge for /app/data/T0015/307419/b5849in/keystone/tests/api-tests/queries/singletons.test.ts
2026-01-18 18:36:32,992 - Knowledge - INFO - process ingested knowledge for /app/data/T0015/307419/b5849in/keystone/tests/api-tests/extend-express-app.test.ts
2026-01-18 18:36:33,390 - Knowledge - INFO - Async storage completed for 10 embeddings
2026-01-18 18:36:33,419 - Knowledge - INFO - process ingested knowledge for /app/data/T0015/307419/b5849in/keystone/tests/api-tests/queries/validation.ts
2026-01-18 18:36:33,477 - Knowledge - INFO - Worker kw12 processing /app/data/T0015/307419/b5849in/keystone/tests/api-tests/hooks.test.ts
2026-01-18 18:36:33,572 - Knowledge - INFO - Batch sizing: calculated=8, max_allowed=10, queue=844, active_workers=20/20
2026-01-18 18:36:33,652 - Knowledge - INFO - Processing batch of 8 files
2026-01-18 18:36:33,723 - Knowledge - INFO - process ingested knowledge for /app/data/T0015/307419/b5849in/keystone/tests/api-tests/extend-graphql-schema.test.ts
2026-01-18 18:36:33,742 - Knowledge - INFO - Async storage completed for 10 embeddings
2026-01-18 18:36:33,816 - Knowledge - INFO - [kw17] Queue=844, InProgress=0, PendingWorkers=20/20, Completed=390/1306 (29.9%)
2026-01-18 18:36:33,828 - Knowledge - INFO - Processing batch of 8 files
2026-01-18 18:36:33,836 - Knowledge - INFO - Worker kw11 processing /app/data/T0015/307419/b5849in/keystone/tests/api-tests/fields/crud.test.ts
2026-01-18 18:36:33,922 - Knowledge - INFO - Worker kw5 processing /app/data/T0015/307419/b5849in/keystone/tests/api-tests/fields/types/fixtures/select/test-fixtures.ts
2026-01-18 18:36:34,015 - Knowledge - INFO - Async storing batch of 10 embeddings
2026-01-18 18:36:34,110 - Knowledge - INFO - Async storing batch of 10 embeddings
2026-01-18 18:36:34,146 - Knowledge - INFO - [kw20] Queue=828, InProgress=0, PendingWorkers=20/20, Completed=390/1306 (29.9%)
2026-01-18 18:36:34,200 - Knowledge - INFO - Worker kw10 processing /app/data/T0015/307419/b5849in/keystone/tests/api-tests/fields/types/fixtures/float/test-fixtures.ts
2026-01-18 18:36:34,284 - Knowledge - INFO - Fast-tracked /app/data/T0015/307419/b5849in/keystone/tests/api-tests/fields/types/fixtures/bigInt/test-fixtures.ts (ext=.ts, size=1136)
2026-01-18 18:36:34,382 - Knowledge - INFO - Worker kw9 processing /app/data/T0015/307419/b5849in/keystone/tests/api-tests/fields/types/float.test.ts
2026-01-18 18:36:34,480 - Knowledge - INFO - Fast-tracked /app/data/T0015/307419/b5849in/keystone/tests/api-tests/fields/types/fixtures/checkbox/test-fixtures.ts (ext=.ts, size=1127)
2026-01-18 18:36:34,559 - Knowledge - INFO - process ingested knowledge for /app/data/T0015/307419/b5849in/keystone/tests/api-tests/queries/limits.test.ts
2026-01-18 18:36:34,646 - Knowledge - INFO - process ingested knowledge for /app/data/T0015/307419/b5849in/keystone/tests/api-tests/admin-meta.test.ts
2026-01-18 18:36:34,803 - Knowledge - INFO - Processing batch of 8 files
2026-01-18 18:36:34,870 - Knowledge - INFO - process ingested knowledge for /app/data/T0015/307419/b5849in/keystone/tests/api-tests/queries/relationships.test.ts
2026-01-18 18:36:34,989 - Knowledge - INFO - Fast-tracked /app/data/T0015/307419/b5849in/keystone/tests/api-tests/hooks.test.ts (ext=.ts, size=15524)
2026-01-18 18:36:35,074 - Knowledge - INFO - Async storing batch of 8 embeddings
2026-01-18 18:36:35,155 - Knowledge - INFO - process ingested knowledge for /app/data/T0015/307419/b5849in/keystone/tests/api-tests/relationships/nested-mutations/create-singular.test.ts
2026-01-18 18:36:35,237 - Knowledge - INFO - process ingested knowledge for /app/data/T0015/307419/b5849in/keystone/tests/api-tests/relationships/filtering/nested.test.ts
2026-01-18 18:36:35,357 - Knowledge - INFO - Processing batch of 8 files
2026-01-18 18:36:35,384 - Knowledge - INFO - Batch sizing: calculated=8, max_allowed=10, queue=844, active_workers=20/20
2026-01-18 18:36:35,459 - Knowledge - INFO - process ingested knowledge for /app/data/T0015/307419/b5849in/keystone/tests/api-tests/relationships/nested-mutations/connect-singular.test.ts
2026-01-18 18:36:35,538 - Knowledge - INFO - Fast-tracked /app/data/T0015/307419/b5849in/keystone/tests/api-tests/fields/crud.test.ts (ext=.ts, size=9318)
2026-01-18 18:36:35,625 - Knowledge - INFO - Fast-tracked /app/data/T0015/307419/b5849in/keystone/tests/api-tests/fields/types/fixtures/select/test-fixtures.ts (ext=.ts, size=4034)
2026-01-18 18:36:35,713 - Knowledge - INFO - Worker kw8 processing /app/data/T0015/307419/b5849in/keystone/tests/examples-smoke-tests/extend-express-app.test.ts
2026-01-18 18:36:35,821 - Knowledge - INFO - Worker kw14 processing /app/data/T0015/307419/b5849in/keystone/tests/examples-smoke-tests/default-values.test.ts
2026-01-18 18:36:35,916 - Knowledge - INFO - Batch sizing: calculated=8, max_allowed=10, queue=828, active_workers=20/20
2026-01-18 18:36:36,003 - Knowledge - INFO - Fast-tracked /app/data/T0015/307419/b5849in/keystone/tests/api-tests/fields/types/fixtures/float/test-fixtures.ts (ext=.ts, size=1001)
2026-01-18 18:36:36,083 - Knowledge - INFO - Worker kw4 processing /app/data/T0015/307419/b5849in/keystone/tests/api-tests/fields/types/fixtures/bigInt/non-null/test-fixtures.ts
2026-01-18 18:36:36,188 - Knowledge - INFO - Fast-tracked /app/data/T0015/307419/b5849in/keystone/tests/api-tests/fields/types/float.test.ts (ext=.ts, size=515)
2026-01-18 18:36:36,268 - Knowledge - INFO - Worker kw6 processing /app/data/T0015/307419/b5849in/keystone/tests/api-tests/fields/types/fixtures/document/test-fixtures.ts
2026-01-18 18:36:36,379 - Knowledge - INFO - process ingested knowledge for /app/data/T0015/307419/b5849in/keystone/tests/api-tests/id-field.test.ts
2026-01-18 18:36:36,580 - Knowledge - INFO - process ingested knowledge for /app/data/T0015/307419/b5849in/keystone/tests/api-tests/relationships/foreign-key.test.ts
2026-01-18 18:36:36,775 - Knowledge - INFO - Worker kw12 processing /app/data/T0015/307419/b5849in/keystone/tests/benchmarks/package.json
2026-01-18 18:36:36,858 - Knowledge - INFO - Worker kw13 processing /app/data/T0015/307419/b5849in/keystone/tests/examples-smoke-tests/custom-field.test.ts
2026-01-18 18:36:37,001 - Knowledge - INFO - process ingested knowledge for /app/data/T0015/307419/b5849in/keystone/tests/api-tests/relationships/nested-mutations/create-many.test.ts
2026-01-18 18:36:37,128 - Knowledge - INFO - process ingested knowledge for /app/data/T0015/307419/b5849in/keystone/tests/api-tests/relationships/label-search-field-validation.test.ts
2026-01-18 18:36:37,164 - Knowledge - INFO - process ingested knowledge for /app/data/T0015/307419/b5849in/keystone/tests/api-tests/relationships/filtering/access-control.test.ts
2026-01-18 18:36:37,243 - Knowledge - INFO - Async storing batch of 8 embeddings
2026-01-18 18:36:37,375 - Knowledge - INFO - Async storage completed for 10 embeddings
2026-01-18 18:36:37,377 - Knowledge - INFO - process ingested knowledge for /app/data/T0015/307419/b5849in/keystone/tests/api-tests/relationships/many-to-one-to-one.test.ts
2026-01-18 18:36:37,463 - Knowledge - INFO - Async storage completed for 10 embeddings
2026-01-18 18:36:37,514 - Knowledge - INFO - [WEBSOCKET] Sent: Type=progress_update, Size: 293, Duration: 0ms
2026-01-18 18:36:37,541 - Knowledge - INFO - Fast-tracked /app/data/T0015/307419/b5849in/keystone/tests/examples-smoke-tests/extend-express-app.test.ts (ext=.ts, size=881)
2026-01-18 18:36:37,613 - Knowledge - INFO - Fast-tracked /app/data/T0015/307419/b5849in/keystone/tests/examples-smoke-tests/default-values.test.ts (ext=.ts, size=621)
2026-01-18 18:36:37,814 - Knowledge - INFO - Async storage completed for 10 embeddings
2026-01-18 18:36:37,900 - Knowledge - INFO - Fast-tracked /app/data/T0015/307419/b5849in/keystone/tests/api-tests/fields/types/fixtures/bigInt/non-null/test-fixtures.ts (ext=.ts, size=1324)
2026-01-18 18:36:37,976 - Knowledge - INFO - Worker kw9 processing /app/data/T0015/307419/b5849in/keystone/tests/api-tests/fields/types/relationship.test.ts
2026-01-18 18:36:38,057 - Knowledge - INFO - Fast-tracked /app/data/T0015/307419/b5849in/keystone/tests/api-tests/fields/types/fixtures/document/test-fixtures.ts (ext=.ts, size=2414)
2026-01-18 18:36:38,144 - Knowledge - INFO - process ingested knowledge for /app/data/T0015/307419/b5849in/keystone/tests/api-tests/db-enable-logging.test.ts
2026-01-18 18:36:38,238 - Knowledge - INFO - process ingested knowledge for /app/data/T0015/307419/b5849in/keystone/tests/api-tests/relationships/shared-names.test.ts
2026-01-18 18:36:38,338 - Knowledge - INFO - Fast-tracked /app/data/T0015/307419/b5849in/keystone/tests/benchmarks/package.json (ext=.json, size=559)
2026-01-18 18:36:38,425 - Knowledge - INFO - Fast-tracked /app/data/T0015/307419/b5849in/keystone/tests/examples-smoke-tests/custom-field.test.ts (ext=.ts, size=616)
2026-01-18 18:36:38,506 - Knowledge - INFO - process ingested knowledge for /app/data/T0015/307419/b5849in/keystone/tests/api-tests/relationships/nested-mutations/two-way-backreference/to-many.test.ts
2026-01-18 18:36:38,583 - Knowledge - INFO - process ingested knowledge for /app/data/T0015/307419/b5849in/keystone/tests/api-tests/auth.test.ts
2026-01-18 18:36:38,664 - Knowledge - INFO - process ingested knowledge for /app/data/T0015/307419/b5849in/keystone/tests/api-tests/relationships/filtering/filtering.test.ts
2026-01-18 18:36:38,745 - Knowledge - INFO - Worker kw17 processing /app/data/T0015/307419/b5849in/keystone/tests/test-projects/live-reloading/package.json
2026-01-18 18:36:38,908 - Knowledge - INFO - process ingested knowledge for /app/data/T0015/307419/b5849in/keystone/tests/api-tests/relationships/crud/one-to-one.test.ts
2026-01-18 18:36:39,091 - Knowledge - INFO - Async storing batch of 8 embeddings
2026-01-18 18:36:39,092 - Knowledge - INFO - [WEBSOCKET] Sent: Type=unknown, Size: ?, Duration: 1578ms
2026-01-18 18:36:39,193 - Knowledge - INFO - Worker kw8 processing /app/data/T0015/307419/b5849in/keystone/tests/examples-smoke-tests/field-groups.test.ts
2026-01-18 18:36:39,313 - Knowledge - INFO - Worker kw14 processing /app/data/T0015/307419/b5849in/keystone/tests/examples-smoke-tests/extend-graphql-schema-graphql-ts.test.ts
2026-01-18 18:36:39,477 - Knowledge - INFO - Worker kw4 processing /app/data/T0015/307419/b5849in/keystone/tests/api-tests/fields/types/fixtures/id/test-fixtures.ts
2026-01-18 18:36:39,596 - Knowledge - INFO - Fast-tracked /app/data/T0015/307419/b5849in/keystone/tests/api-tests/fields/types/relationship.test.ts (ext=.ts, size=7163)
2026-01-18 18:36:39,680 - Knowledge - INFO - Worker kw6 processing /app/data/T0015/307419/b5849in/keystone/tests/api-tests/fields/types/fixtures/decimal/test-fixtures.ts
2026-01-18 18:36:39,904 - Knowledge - INFO - process ingested knowledge for /app/data/T0015/307419/b5849in/keystone/tests/api-tests/relationships/relation-name.test.ts
2026-01-18 18:36:39,967 - Knowledge - INFO - Worker kw12 processing /app/data/T0015/307419/b5849in/keystone/tests/benchmarks/fixtures/query.js
2026-01-18 18:36:40,048 - Knowledge - INFO - Worker kw13 processing /app/data/T0015/307419/b5849in/keystone/tests/examples-smoke-tests/usecase-todo.test.ts
2026-01-18 18:36:40,180 - Knowledge - INFO - process ingested knowledge for /app/data/T0015/307419/b5849in/keystone/tests/api-tests/relationships/nested-mutations/two-way-backreference/to-one-required.test.ts
2026-01-18 18:36:40,278 - Knowledge - INFO - process ingested knowledge for /app/data/T0015/307419/b5849in/keystone/tests/api-tests/indexes.test.ts
2026-01-18 18:36:40,291 - Knowledge - INFO - process ingested knowledge for /app/data/T0015/307419/b5849in/keystone/tests/api-tests/relationships/nested-mutations/create-and-connect-many.test.ts
2026-01-18 18:36:40,393 - Knowledge - INFO - Fast-tracked /app/data/T0015/307419/b5849in/keystone/tests/test-projects/live-reloading/package.json (ext=.json, size=544)
2026-01-18 18:36:40,480 - Knowledge - INFO - process ingested knowledge for /app/data/T0015/307419/b5849in/keystone/tests/api-tests/relationships/crud/one-to-many-one-sided.test.ts
2026-01-18 18:36:40,569 - Knowledge - INFO - Worker kw20 processing /app/data/T0015/307419/b5849in/keystone/tests/test-projects/crud-notifications/package.json
2026-01-18 18:36:40,668 - Knowledge - INFO - Progress: 31.1% | Files: 409/1306 | Rate: 2.36 files/sec | Queue: 804
2026-01-18 18:36:40,669 - Knowledge - INFO - [kw15] Queue=804, InProgress=0, PendingWorkers=20/20, Completed=409/1306 (31.3%)
2026-01-18 18:36:40,670 - Knowledge - INFO - [kw3] Queue=804, InProgress=0, PendingWorkers=20/20, Completed=411/1306 (31.5%)
2026-01-18 18:36:40,706 - Knowledge - INFO - Processing batch of 8 files
2026-01-18 18:36:40,707 - Knowledge - INFO - Processing batch of 8 files
2026-01-18 18:36:40,711 - Knowledge - INFO - Processing batch of 8 files
2026-01-18 18:36:40,761 - Knowledge - INFO - Fast-tracked /app/data/T0015/307419/b5849in/keystone/tests/examples-smoke-tests/field-groups.test.ts (ext=.ts, size=1142)
2026-01-18 18:36:40,872 - Knowledge - INFO - Fast-tracked /app/data/T0015/307419/b5849in/keystone/tests/examples-smoke-tests/extend-graphql-schema-graphql-ts.test.ts (ext=.ts, size=640)
2026-01-18 18:36:40,970 - Knowledge - INFO - Fast-tracked /app/data/T0015/307419/b5849in/keystone/tests/api-tests/fields/types/fixtures/id/test-fixtures.ts (ext=.ts, size=4524)
2026-01-18 18:36:41,089 - Knowledge - INFO - Worker kw9 processing /app/data/T0015/307419/b5849in/keystone/tests/api-tests/fields/types/select.test.ts
2026-01-18 18:36:41,208 - Knowledge - INFO - Fast-tracked /app/data/T0015/307419/b5849in/keystone/tests/api-tests/fields/types/fixtures/decimal/test-fixtures.ts (ext=.ts, size=3073)
2026-01-18 18:36:41,292 - Knowledge - INFO - process ingested knowledge for /app/data/T0015/307419/b5849in/keystone/tests/api-tests/relationships/crud-self-ref/one-to-one.test.ts
2026-01-18 18:36:41,378 - Knowledge - INFO - Fast-tracked /app/data/T0015/307419/b5849in/keystone/tests/benchmarks/fixtures/query.js (ext=.js, size=4700)
2026-01-18 18:36:41,478 - Knowledge - INFO - Fast-tracked /app/data/T0015/307419/b5849in/keystone/tests/examples-smoke-tests/usecase-todo.test.ts (ext=.ts, size=619)
2026-01-18 18:36:41,563 - Knowledge - INFO - process ingested knowledge for /app/data/T0015/307419/b5849in/keystone/tests/api-tests/relationships/nested-mutations/reconnect-many-to-one.test.ts
2026-01-18 18:36:41,647 - Knowledge - INFO - process ingested knowledge for /app/data/T0015/307419/b5849in/keystone/tests/api-tests/auth-header.test.ts
2026-01-18 18:36:41,728 - Knowledge - INFO - process ingested knowledge for /app/data/T0015/307419/b5849in/keystone/tests/api-tests/relationships/nested-mutations/create-and-connect-singular.test.ts
2026-01-18 18:36:41,849 - Knowledge - INFO - Worker kw17 processing /app/data/T0015/307419/b5849in/keystone/tests/test-projects/live-reloading/schema.ts
2026-01-18 18:36:41,948 - Knowledge - INFO - process ingested knowledge for /app/data/T0015/307419/b5849in/keystone/tests/api-tests/relationships/crud/many-to-many.test.ts
2026-01-18 18:36:42,070 - Knowledge - INFO - Fast-tracked /app/data/T0015/307419/b5849in/keystone/tests/test-projects/crud-notifications/package.json (ext=.json, size=552)
2026-01-18 18:36:42,183 - Knowledge - INFO - [kw19] Queue=804, InProgress=0, PendingWorkers=20/20, Completed=430/1306 (32.9%)
2026-01-18 18:36:42,260 - Knowledge - INFO - Batch sizing: calculated=8, max_allowed=10, queue=804, active_workers=20/20
2026-01-18 18:36:42,352 - Knowledge - INFO - Batch sizing: calculated=8, max_allowed=10, queue=804, active_workers=20/20
2026-01-18 18:36:42,467 - Knowledge - INFO - process ingested knowledge for /app/data/T0015/307419/b5849in/keystone/tests/api-tests/fields/images.test.ts
2026-01-18 18:36:42,549 - Knowledge - INFO - process ingested knowledge for /app/data/T0015/307419/b5849in/keystone/tests/api-tests/fields/storage-utils.ts
2026-01-18 18:36:42,625 - Knowledge - INFO - process ingested knowledge for /app/data/T0015/307419/b5849in/keystone/tests/api-tests/fields/types/fixtures/select/non-null/test-fixtures.ts
2026-01-18 18:36:42,716 - Knowledge - INFO - Worker kw8 processing /app/data/T0015/307419/b5849in/keystone/tests/examples-smoke-tests/package.json
2026-01-18 18:36:42,833 - Knowledge - INFO - Worker kw14 processing /app/data/T0015/307419/b5849in/keystone/tests/examples-smoke-tests/extend-graphql-schema-nexus.test.ts
2026-01-18 18:36:42,921 - Knowledge - INFO - Async storage completed for 10 embeddings
2026-01-18 18:36:43,022 - Knowledge - INFO - Fast-tracked /app/data/T0015/307419/b5849in/keystone/tests/api-tests/fields/types/select.test.ts (ext=.ts, size=1567)
2026-01-18 18:36:43,107 - Knowledge - INFO - Worker kw6 processing /app/data/T0015/307419/b5849in/keystone/tests/api-tests/fields/types/fixtures/decimal/non-null/test-fixtures.ts
2026-01-18 18:36:43,222 - Knowledge - INFO - process ingested knowledge for /app/data/T0015/307419/b5849in/keystone/tests/api-tests/relationships/crud-self-ref/one-to-many-one-sided.test.ts
2026-01-18 18:36:43,319 - Knowledge - INFO - Worker kw12 processing /app/data/T0015/307419/b5849in/keystone/tests/benchmarks/fixtures/create-related.js
2026-01-18 18:36:43,403 - Knowledge - INFO - Worker kw13 processing /app/data/T0015/307419/b5849in/keystone/tests/examples-smoke-tests/extend-graphql-schema-graphql-tools.test.ts
2026-01-18 18:36:43,488 - Knowledge - INFO - process ingested knowledge for /app/data/T0015/307419/b5849in/keystone/tests/api-tests/relationships/nested-mutations/connect-many.test.ts
2026-01-18 18:36:43,561 - Knowledge - INFO - process ingested knowledge for /app/data/T0015/307419/b5849in/keystone/tests/api-tests/body-parser.test.ts
2026-01-18 18:36:43,688 - Knowledge - INFO - process ingested knowledge for /app/data/T0015/307419/b5849in/keystone/tests/api-tests/relationships/nested-mutations/set-many.test.ts
2026-01-18 18:36:43,770 - Knowledge - INFO - Fast-tracked /app/data/T0015/307419/b5849in/keystone/tests/test-projects/live-reloading/schema.ts (ext=.ts, size=475)
2026-01-18 18:36:43,866 - Knowledge - INFO - process ingested knowledge for /app/data/T0015/307419/b5849in/keystone/tests/api-tests/relationships/crud/one-to-many.test.ts
2026-01-18 18:36:43,971 - Knowledge - INFO - Worker kw20 processing /app/data/T0015/307419/b5849in/keystone/tests/test-projects/crud-notifications/schema.ts
2026-01-18 18:36:44,046 - Knowledge - INFO - Batch sizing: calculated=8, max_allowed=10, queue=804, active_workers=20/20
2026-01-18 18:36:44,129 - Knowledge - INFO - Async storing batch of 8 embeddings
2026-01-18 18:36:44,250 - Knowledge - INFO - Async storing batch of 8 embeddings
2026-01-18 18:36:44,333 - Knowledge - INFO - process ingested knowledge for /app/data/T0015/307419/b5849in/keystone/tests/api-tests/fields/types/bigInt.test.ts
2026-01-18 18:36:44,431 - Knowledge - INFO - process ingested knowledge for /app/data/T0015/307419/b5849in/keystone/tests/api-tests/fields/required.test.ts
2026-01-18 18:36:44,536 - Knowledge - INFO - process ingested knowledge for /app/data/T0015/307419/b5849in/keystone/tests/api-tests/fields/types/fixtures/file/test-fixtures.ts
2026-01-18 18:36:44,649 - Knowledge - INFO - Fast-tracked /app/data/T0015/307419/b5849in/keystone/tests/examples-smoke-tests/package.json (ext=.json, size=630)
2026-01-18 18:36:44,727 - Knowledge - INFO - Fast-tracked /app/data/T0015/307419/b5849in/keystone/tests/examples-smoke-tests/extend-graphql-schema-nexus.test.ts (ext=.ts, size=635)
2026-01-18 18:36:44,872 - Knowledge - INFO - Processing batch of 8 files
2026-01-18 18:36:44,902 - Knowledge - INFO - Worker kw9 processing /app/data/T0015/307419/b5849in/keystone/tests/api-tests/fields/types/calendarDay.test.ts
2026-01-18 18:36:44,972 - Knowledge - INFO - Fast-tracked /app/data/T0015/307419/b5849in/keystone/tests/api-tests/fields/types/fixtures/decimal/non-null/test-fixtures.ts (ext=.ts, size=1220)
2026-01-18 18:36:45,050 - Knowledge - INFO - process ingested knowledge for /app/data/T0015/307419/b5849in/keystone/tests/api-tests/relationships/crud-self-ref/many-to-many.test.ts
2026-01-18 18:36:45,135 - Knowledge - INFO - Fast-tracked /app/data/T0015/307419/b5849in/keystone/tests/benchmarks/fixtures/create-related.js (ext=.js, size=2657)
2026-01-18 18:36:45,253 - Knowledge - INFO - Fast-tracked /app/data/T0015/307419/b5849in/keystone/tests/examples-smoke-tests/extend-graphql-schema-graphql-tools.test.ts (ext=.ts, size=643)
2026-01-18 18:36:45,343 - Knowledge - INFO - process ingested knowledge for /app/data/T0015/307419/b5849in/keystone/tests/api-tests/relationships/nested-mutations/disconnect-singular.test.ts
2026-01-18 18:36:45,464 - Knowledge - INFO - process ingested knowledge for /app/data/T0015/307419/b5849in/keystone/tests/api-tests/defaults.test.ts
2026-01-18 18:36:45,647 - Knowledge - INFO - Worker kw17 processing /app/data/T0015/307419/b5849in/keystone/tests/test-projects/live-reloading/README.md
2026-01-18 18:36:45,730 - Knowledge - INFO - process ingested knowledge for /app/data/T0015/307419/b5849in/keystone/tests/api-tests/relationships/crud/many-to-many-one-sided.test.ts
2026-01-18 18:36:45,791 - Knowledge - INFO - Fast-tracked /app/data/T0015/307419/b5849in/keystone/tests/test-projects/crud-notifications/schema.ts (ext=.ts, size=1181)
2026-01-18 18:36:45,853 - Knowledge - INFO - Async storing batch of 8 embeddings
2026-01-18 18:36:45,965 - Knowledge - INFO - Worker kw15 processing /app/data/T0015/307419/b5849in/keystone/tests/sandbox/structure-nested.tsx
2026-01-18 18:36:46,088 - Knowledge - INFO - Worker kw3 processing /app/data/T0015/307419/b5849in/keystone/packages/create/src/index.ts
2026-01-18 18:36:46,161 - Knowledge - INFO - process ingested knowledge for /app/data/T0015/307419/b5849in/keystone/tests/api-tests/fields/types/text.test.ts
2026-01-18 18:36:46,253 - Knowledge - INFO - process ingested knowledge for /app/data/T0015/307419/b5849in/keystone/tests/api-tests/fields/unsupported.test.ts
2026-01-18 18:36:46,347 - Knowledge - INFO - process ingested knowledge for /app/data/T0015/307419/b5849in/keystone/tests/api-tests/fields/types/fixtures/calendarDay/test-fixtures.ts
2026-01-18 18:36:46,374 - Knowledge - INFO - [WEBSOCKET] Sent: Type=progress_update, Size: 294, Duration: 0ms
2026-01-18 18:36:46,403 - Knowledge - INFO - Worker kw8 processing /app/data/T0015/307419/b5849in/keystone/tests/examples-smoke-tests/custom-admin-ui-pages.test.ts
2026-01-18 18:36:46,508 - Knowledge - INFO - Worker kw14 processing /app/data/T0015/307419/b5849in/keystone/tests/examples-smoke-tests/auth.test.ts
2026-01-18 18:36:46,587 - Knowledge - INFO - process ingested knowledge for /app/data/T0015/307419/b5849in/keystone/tests/api-tests/fields/types/fixtures/float/non-null/test-fixtures.ts
2026-01-18 18:36:46,706 - Knowledge - INFO - Fast-tracked /app/data/T0015/307419/b5849in/keystone/tests/api-tests/fields/types/calendarDay.test.ts (ext=.ts, size=745)
2026-01-18 18:36:46,790 - Knowledge - INFO - Async storage completed for 10 embeddings
2026-01-18 18:36:46,879 - Knowledge - INFO - process ingested knowledge for /app/data/T0015/307419/b5849in/keystone/tests/api-tests/relationships/crud-self-ref/one-to-many.test.ts
2026-01-18 18:36:46,969 - Knowledge - INFO - Worker kw12 processing /app/data/T0015/307419/b5849in/keystone/tests/benchmarks/fixtures/index.js
2026-01-18 18:36:47,063 - Knowledge - INFO - Worker kw13 processing /app/data/T0015/307419/b5849in/keystone/tests/test-projects/live-reloading/schemas/runtime-error.ts
2026-01-18 18:36:47,165 - Knowledge - INFO - process ingested knowledge for /app/data/T0015/307419/b5849in/keystone/tests/api-tests/relationships/nested-mutations/disconnect-many.test.ts
2026-01-18 18:36:47,249 - Knowledge - INFO - process ingested knowledge for /app/data/T0015/307419/b5849in/keystone/tests/api-tests/fields/test-files/keystone.txt
2026-01-18 18:36:47,351 - Knowledge - INFO - Fast-tracked /app/data/T0015/307419/b5849in/keystone/tests/test-projects/live-reloading/README.md (ext=.md, size=343)
2026-01-18 18:36:47,429 - Knowledge - INFO - process ingested knowledge for /app/data/T0015/307419/b5849in/keystone/tests/api-tests/relationships/to-one-query-batching.test.ts
2026-01-18 18:36:47,519 - Knowledge - INFO - Worker kw20 processing /app/data/T0015/307419/b5849in/keystone/tests/test-projects/crud-notifications/README.md
2026-01-18 18:36:47,615 - Knowledge - INFO - Worker kw19 processing /app/data/T0015/307419/b5849in/keystone/packages/create/README.md
2026-01-18 18:36:47,734 - Knowledge - INFO - Fast-tracked /app/data/T0015/307419/b5849in/keystone/tests/sandbox/structure-nested.tsx (ext=.tsx, size=1010)
2026-01-18 18:36:47,817 - Knowledge - INFO - Worker kw3 processing /app/data/T0015/307419/b5849in/keystone/packages/create/package.json
2026-01-18 18:36:47,900 - Knowledge - INFO - process ingested knowledge for /app/data/T0015/307419/b5849in/keystone/tests/api-tests/fields/types/document.test.ts
2026-01-18 18:36:48,012 - Knowledge - INFO - process ingested knowledge for /app/data/T0015/307419/b5849in/keystone/tests/api-tests/fields/document.test.ts
2026-01-18 18:36:48,149 - Knowledge - INFO - process ingested knowledge for /app/data/T0015/307419/b5849in/keystone/tests/api-tests/fields/types/fixtures/calendarDay/non-null/test-fixtures.ts
2026-01-18 18:36:48,285 - Knowledge - INFO - [WEBSOCKET] Sent: Type=unknown, Size: ?, Duration: 1911ms
2026-01-18 18:36:48,414 - Knowledge - INFO - Fast-tracked /app/data/T0015/307419/b5849in/keystone/tests/examples-smoke-tests/custom-admin-ui-pages.test.ts (ext=.ts, size=700)
2026-01-18 18:36:48,503 - Knowledge - INFO - Fast-tracked /app/data/T0015/307419/b5849in/keystone/tests/examples-smoke-tests/auth.test.ts (ext=.ts, size=1046)
2026-01-18 18:36:48,577 - Knowledge - INFO - process ingested knowledge for /app/data/T0015/307419/b5849in/keystone/tests/api-tests/fields/types/fixtures/integer/test-fixtures.ts
2026-01-18 18:36:48,650 - Knowledge - INFO - Worker kw9 processing /app/data/T0015/307419/b5849in/keystone/tests/api-tests/fields/types/timestamp.test.ts
2026-01-18 18:36:48,816 - Knowledge - INFO - process ingested knowledge for /app/data/T0015/307419/b5849in/keystone/tests/api-tests/relationships/crud-self-ref/many-to-many-one-sided.test.ts
2026-01-18 18:36:48,928 - Knowledge - INFO - Fast-tracked /app/data/T0015/307419/b5849in/keystone/tests/benchmarks/fixtures/index.js (ext=.js, size=199)
2026-01-18 18:36:49,005 - Knowledge - INFO - Fast-tracked /app/data/T0015/307419/b5849in/keystone/tests/test-projects/live-reloading/schemas/runtime-error.ts (ext=.ts, size=113)
2026-01-18 18:36:49,198 - Knowledge - INFO - process ingested knowledge for /app/data/T0015/307419/b5849in/keystone/tests/api-tests/fields/test-files/badfile.txt
2026-01-18 18:36:49,287 - Knowledge - INFO - Worker kw17 processing /app/data/T0015/307419/b5849in/keystone/tests/test-projects/live-reloading/keystone.ts
2026-01-18 18:36:49,484 - Knowledge - INFO - Fast-tracked /app/data/T0015/307419/b5849in/keystone/tests/test-projects/crud-notifications/README.md (ext=.md, size=343)
2026-01-18 18:36:49,564 - Knowledge - INFO - Fast-tracked /app/data/T0015/307419/b5849in/keystone/packages/create/README.md (ext=.md, size=686)
2026-01-18 18:36:49,646 - Knowledge - INFO - Worker kw15 processing /app/data/T0015/307419/b5849in/keystone/tests/sandbox/configs/all-the-things.ts
2026-01-18 18:36:49,730 - Knowledge - INFO - Fast-tracked /app/data/T0015/307419/b5849in/keystone/packages/create/package.json (ext=.json, size=828)
2026-01-18 18:36:49,912 - Knowledge - INFO - process ingested knowledge for /app/data/T0015/307419/b5849in/keystone/tests/api-tests/fields/types/decimal.test.ts
2026-01-18 18:36:49,984 - Knowledge - INFO - process ingested knowledge for /app/data/T0015/307419/b5849in/keystone/tests/api-tests/fields/unique.test.ts
2026-01-18 18:36:50,038 - Knowledge - INFO - Progress: 33.5% | Files: 439/1306 | Rate: 2.41 files/sec | Queue: 780
2026-01-18 18:36:50,062 - Knowledge - INFO - process ingested knowledge for /app/data/T0015/307419/b5849in/keystone/tests/api-tests/fields/types/fixtures/timestamp/test-fixtures.ts
2026-01-18 18:36:50,116 - Knowledge - INFO - Worker kw8 processing /app/data/T0015/307419/b5849in/keystone/tests/examples-smoke-tests/custom-admin-ui-navigation.test.ts
2026-01-18 18:36:50,117 - Knowledge - INFO - [kw7] Queue=780, InProgress=0, PendingWorkers=20/20, Completed=440/1306 (33.7%)
2026-01-18 18:36:50,153 - Knowledge - INFO - Processing batch of 8 files
2026-01-18 18:36:50,187 - Knowledge - INFO - Worker kw14 processing /app/data/T0015/307419/b5849in/keystone/tests/examples-smoke-tests/custom-admin-ui-logo.test.ts
2026-01-18 18:36:50,325 - Knowledge - INFO - process ingested knowledge for /app/data/T0015/307419/b5849in/keystone/tests/api-tests/fields/types/fixtures/integer/non-null/test-fixtures.ts
2026-01-18 18:36:50,371 - Knowledge - INFO - Fast-tracked /app/data/T0015/307419/b5849in/keystone/tests/api-tests/fields/types/timestamp.test.ts (ext=.ts, size=709)
2026-01-18 18:36:50,528 - Knowledge - INFO - [kw2] Queue=780, InProgress=0, PendingWorkers=20/20, Completed=446/1306 (34.2%)
2026-01-18 18:36:50,532 - Knowledge - INFO - Worker kw12 processing /app/data/T0015/307419/b5849in/keystone/tests/benchmarks/fixtures/create.js
2026-01-18 18:36:50,626 - Knowledge - INFO - Worker kw13 processing /app/data/T0015/307419/b5849in/keystone/tests/test-projects/live-reloading/schemas/changed-prisma-schema.ts
2026-01-18 18:36:50,787 - Knowledge - INFO - Fast-tracked /app/data/T0015/307419/b5849in/keystone/tests/test-projects/live-reloading/keystone.ts (ext=.ts, size=622)
2026-01-18 18:36:50,867 - Knowledge - INFO - Worker kw20 processing /app/data/T0015/307419/b5849in/keystone/tests/test-projects/crud-notifications/keystone.ts
2026-01-18 18:36:50,970 - Knowledge - INFO - Worker kw19 processing /app/data/T0015/307419/b5849in/keystone/packages/create/cli.js
2026-01-18 18:36:51,076 - Knowledge - INFO - Fast-tracked /app/data/T0015/307419/b5849in/keystone/tests/sandbox/configs/all-the-things.ts (ext=.ts, size=6479)
2026-01-18 18:36:51,172 - Knowledge - INFO - Worker kw3 processing /app/data/T0015/307419/b5849in/keystone/packages/create/starter/package.json
2026-01-18 18:36:51,327 - Knowledge - INFO - process ingested knowledge for /app/data/T0015/307419/b5849in/keystone/tests/api-tests/fields/types/Virtual.test.ts
2026-01-18 18:36:51,413 - Knowledge - INFO - process ingested knowledge for /app/data/T0015/307419/b5849in/keystone/tests/api-tests/fields/files.test.ts
2026-01-18 18:36:51,513 - Knowledge - INFO - [kw1] Queue=780, InProgress=0, PendingWorkers=20/20, Completed=446/1306 (34.2%)
2026-01-18 18:36:51,596 - Knowledge - INFO - process ingested knowledge for /app/data/T0015/307419/b5849in/keystone/tests/api-tests/fields/types/fixtures/timestamp/non-null/test-fixtures.ts
2026-01-18 18:36:51,597 - Knowledge - INFO - [kw18] Queue=780, InProgress=0, PendingWorkers=20/20, Completed=446/1306 (34.2%)
2026-01-18 18:36:51,620 - Knowledge - INFO - Fast-tracked /app/data/T0015/307419/b5849in/keystone/tests/examples-smoke-tests/custom-admin-ui-navigation.test.ts (ext=.ts, size=1130)
2026-01-18 18:36:51,720 - Knowledge - INFO - Batch sizing: calculated=8, max_allowed=10, queue=780, active_workers=20/20
2026-01-18 18:36:51,829 - Knowledge - INFO - process ingested knowledge for /app/data/T0015/307419/b5849in/keystone/tests/api-tests/fields/types/fixtures/image/test-fixtures.ts
2026-01-18 18:36:51,830 - Knowledge - INFO - [kw16] Queue=780, InProgress=0, PendingWorkers=20/20, Completed=446/1306 (34.2%)
2026-01-18 18:36:51,909 - Knowledge - INFO - Fast-tracked /app/data/T0015/307419/b5849in/keystone/tests/examples-smoke-tests/custom-admin-ui-logo.test.ts (ext=.ts, size=587)
2026-01-18 18:36:51,990 - Knowledge - INFO - process ingested knowledge for /app/data/T0015/307419/b5849in/keystone/tests/api-tests/fields/types/fixtures/text/test-fixtures.ts
2026-01-18 18:36:52,094 - Knowledge - INFO - Async storage completed for 10 embeddings
2026-01-18 18:36:52,181 - Knowledge - INFO - Batch sizing: calculated=8, max_allowed=10, queue=780, active_workers=20/20
2026-01-18 18:36:52,283 - Knowledge - INFO - Fast-tracked /app/data/T0015/307419/b5849in/keystone/tests/benchmarks/fixtures/create.js (ext=.js, size=1581)
2026-01-18 18:36:52,364 - Knowledge - INFO - Fast-tracked /app/data/T0015/307419/b5849in/keystone/tests/test-projects/live-reloading/schemas/changed-prisma-schema.ts (ext=.ts, size=503)
2026-01-18 18:36:52,468 - Knowledge - INFO - Worker kw17 processing /app/data/T0015/307419/b5849in/keystone/tests/test-projects/basic/package.json
2026-01-18 18:36:52,586 - Knowledge - INFO - Fast-tracked /app/data/T0015/307419/b5849in/keystone/tests/test-projects/crud-notifications/keystone.ts (ext=.ts, size=342)
2026-01-18 18:36:52,696 - Knowledge - INFO - Fast-tracked /app/data/T0015/307419/b5849in/keystone/packages/create/cli.js (ext=.js, size=63)
2026-01-18 18:36:52,783 - Knowledge - INFO - Worker kw15 processing /app/data/T0015/307419/b5849in/keystone/tests/sandbox/configs/7591-body-parser-options.ts
2026-01-18 18:36:52,866 - Knowledge - INFO - Fast-tracked /app/data/T0015/307419/b5849in/keystone/packages/create/starter/package.json (ext=.json, size=343)
2026-01-18 18:36:52,945 - Knowledge - INFO - process ingested knowledge for /app/data/T0015/307419/b5849in/keystone/tests/api-tests/fields/types/checkbox.test.ts
2026-01-18 18:36:53,015 - Knowledge - INFO - process ingested knowledge for /app/data/T0015/307419/b5849in/keystone/tests/api-tests/fields/non-null.test.ts
2026-01-18 18:36:53,105 - Knowledge - INFO - Batch sizing: calculated=8, max_allowed=10, queue=780, active_workers=20/20
2026-01-18 18:36:53,178 - Knowledge - INFO - process ingested knowledge for /app/data/T0015/307419/b5849in/keystone/tests/api-tests/fields/types/fixtures/json/test-fixtures.ts
2026-01-18 18:36:53,261 - Knowledge - INFO - Batch sizing: calculated=8, max_allowed=10, queue=780, active_workers=20/20
2026-01-18 18:36:53,389 - Knowledge - INFO - Worker kw8 processing /app/data/T0015/307419/b5849in/keystone/tests/examples-smoke-tests/utils.ts
2026-01-18 18:36:53,510 - Knowledge - INFO - Async storing batch of 8 embeddings
2026-01-18 18:36:53,617 - Knowledge - INFO - process ingested knowledge for /app/data/T0015/307419/b5849in/keystone/tests/api-tests/fields/types/fixtures/password/test-fixtures.ts
2026-01-18 18:36:53,699 - Knowledge - INFO - Batch sizing: calculated=8, max_allowed=10, queue=780, active_workers=20/20
2026-01-18 18:36:53,800 - Knowledge - INFO - Worker kw14 processing /app/data/T0015/307419/b5849in/keystone/tests/examples-smoke-tests/usecase-blog.test.ts
2026-01-18 18:36:53,900 - Knowledge - INFO - process ingested knowledge for /app/data/T0015/307419/b5849in/keystone/tests/api-tests/fields/types/fixtures/text/nullable/test-fixtures.ts
2026-01-18 18:36:54,048 - Knowledge - INFO - Processing batch of 8 files
2026-01-18 18:36:54,076 - Knowledge - INFO - Async storing batch of 8 embeddings
2026-01-18 18:36:54,165 - Knowledge - INFO - Worker kw12 processing /app/data/T0015/307419/b5849in/keystone/tests/benchmarks/README.md
2026-01-18 18:36:54,245 - Knowledge - INFO - Worker kw13 processing /app/data/T0015/307419/b5849in/keystone/tests/test-projects/live-reloading/schemas/second.ts
2026-01-18 18:36:54,349 - Knowledge - INFO - Fast-tracked /app/data/T0015/307419/b5849in/keystone/tests/test-projects/basic/package.json (ext=.json, size=526)
2026-01-18 18:36:54,450 - Knowledge - INFO - Worker kw20 processing /app/data/T0015/307419/b5849in/keystone/tests/sandbox/structure-relationships.tsx
2026-01-18 18:36:54,530 - Knowledge - INFO - Worker kw19 processing /app/data/T0015/307419/b5849in/keystone/packages/create/CHANGELOG.md
2026-01-18 18:36:54,631 - Knowledge - INFO - Fast-tracked /app/data/T0015/307419/b5849in/keystone/tests/sandbox/configs/7591-body-parser-options.ts (ext=.ts, size=1458)
2026-01-18 18:36:54,712 - Knowledge - INFO - Worker kw3 processing /app/data/T0015/307419/b5849in/keystone/packages/create/starter/schema.ts
2026-01-18 18:36:54,830 - Knowledge - INFO - process ingested knowledge for /app/data/T0015/307419/b5849in/keystone/tests/api-tests/fields/types/fixtures/select/test-fixtures.ts
2026-01-18 18:36:54,923 - Knowledge - INFO - process ingested knowledge for /app/data/T0015/307419/b5849in/keystone/tests/api-tests/fields/crud.test.ts
2026-01-18 18:36:55,015 - Knowledge - INFO - Async storing batch of 8 embeddings
2026-01-18 18:36:55,096 - Knowledge - INFO - process ingested knowledge for /app/data/T0015/307419/b5849in/keystone/tests/api-tests/fields/types/fixtures/float/test-fixtures.ts
2026-01-18 18:36:55,172 - Knowledge - INFO - Async storing batch of 8 embeddings
2026-01-18 18:36:55,292 - Knowledge - INFO - Fast-tracked /app/data/T0015/307419/b5849in/keystone/tests/examples-smoke-tests/utils.ts (ext=.ts, size=3907)
2026-01-18 18:36:55,382 - Knowledge - INFO - Worker kw7 processing /app/data/T0015/307419/b5849in/keystone/packages/auth/src/gql/getBaseAuthSchema.ts
2026-01-18 18:36:55,468 - Knowledge - INFO - process ingested knowledge for /app/data/T0015/307419/b5849in/keystone/tests/api-tests/fields/types/fixtures/password/non-null/test-fixtures.ts
2026-01-18 18:36:55,551 - Knowledge - INFO - Async storing batch of 8 embeddings
2026-01-18 18:36:55,664 - Knowledge - INFO - Fast-tracked /app/data/T0015/307419/b5849in/keystone/tests/examples-smoke-tests/usecase-blog.test.ts (ext=.ts, size=620)
2026-01-18 18:36:55,742 - Knowledge - INFO - process ingested knowledge for /app/data/T0015/307419/b5849in/keystone/tests/api-tests/fields/types/fixtures/bigInt/test-fixtures.ts
2026-01-18 18:36:55,820 - Knowledge - INFO - process ingested knowledge for /app/data/T0015/307419/b5849in/keystone/tests/api-tests/fields/types/password.test.ts
2026-01-18 18:36:55,938 - Knowledge - INFO - Worker kw2 processing /app/data/T0015/307419/b5849in/keystone/packages/auth/src/templates/config.ts
2026-01-18 18:36:56,052 - Knowledge - INFO - Fast-tracked /app/data/T0015/307419/b5849in/keystone/tests/benchmarks/README.md (ext=.md, size=13)
2026-01-18 18:36:56,150 - Knowledge - INFO - Fast-tracked /app/data/T0015/307419/b5849in/keystone/tests/test-projects/live-reloading/schemas/second.ts (ext=.ts, size=809)
2026-01-18 18:36:56,232 - Knowledge - INFO - Worker kw17 processing /app/data/T0015/307419/b5849in/keystone/tests/test-projects/basic/schema.ts
2026-01-18 18:36:56,352 - Knowledge - INFO - Fast-tracked /app/data/T0015/307419/b5849in/keystone/tests/sandbox/structure-relationships.tsx (ext=.tsx, size=280)
2026-01-18 18:36:56,457 - Knowledge - INFO - Fast-tracked /app/data/T0015/307419/b5849in/keystone/packages/create/CHANGELOG.md (ext=.md, size=1148)
2026-01-18 18:36:56,537 - Knowledge - INFO - Worker kw15 processing /app/data/T0015/307419/b5849in/keystone/tests/sandbox/sandbox.config.json
2026-01-18 18:36:56,663 - Knowledge - INFO - Worker kw3 processing /app/data/T0015/307419/b5849in/keystone/packages/create/starter/tsconfig.json
2026-01-18 18:36:56,902 - Knowledge - INFO - Worker kw1 processing /app/data/T0015/307419/b5849in/keystone/packages/cloudinary/package.json
2026-01-18 18:36:57,093 - Knowledge - INFO - Worker kw18 processing /app/data/T0015/307419/b5849in/keystone/packages/core/src/scripts/migrate.ts
2026-01-18 18:36:57,188 - Knowledge - INFO - Worker kw8 processing /app/data/T0015/307419/b5849in/keystone/tests/examples-smoke-tests/usecase-roles.test.ts
2026-01-18 18:36:57,273 - Knowledge - INFO - Worker kw7 processing /app/data/T0015/307419/b5849in/keystone/packages/auth/src/types.ts
2026-01-18 18:36:57,451 - Knowledge - INFO - Worker kw16 processing /app/data/T0015/307419/b5849in/keystone/packages/core/src/admin-ui/image.tsx
2026-01-18 18:36:57,463 - Knowledge - INFO - process ingested knowledge for /app/data/T0015/307419/b5849in/keystone/tests/api-tests/fields/types/fixtures/multiselect/test-fixtures.ts
2026-01-18 18:36:57,531 - Knowledge - INFO - Worker kw14 processing /app/data/T0015/307419/b5849in/keystone/tests/examples-smoke-tests/document-field.test.ts
2026-01-18 18:36:57,771 - Knowledge - INFO - process ingested knowledge for /app/data/T0015/307419/b5849in/keystone/tests/api-tests/fields/types/fixtures/bigInt/non-null/test-fixtures.ts
2026-01-18 18:36:57,773 - Knowledge - INFO - process ingested knowledge for /app/data/T0015/307419/b5849in/keystone/tests/api-tests/fields/types/utils.ts
2026-01-18 18:36:57,799 - Knowledge - INFO - Fast-tracked /app/data/T0015/307419/b5849in/keystone/packages/auth/src/templates/config.ts (ext=.ts, size=328)
2026-01-18 18:36:57,884 - Knowledge - INFO - Worker kw12 processing /app/data/T0015/307419/b5849in/keystone/tests/benchmarks/lib/utils.js
2026-01-18 18:36:58,010 - Knowledge - INFO - Worker kw13 processing /app/data/T0015/307419/b5849in/keystone/tests/test-projects/live-reloading/schemas/syntax-error.js
2026-01-18 18:36:58,132 - Knowledge - INFO - Fast-tracked /app/data/T0015/307419/b5849in/keystone/tests/test-projects/basic/schema.ts (ext=.ts, size=1071)
2026-01-18 18:36:58,208 - Knowledge - INFO - Worker kw20 processing /app/data/T0015/307419/b5849in/keystone/tests/sandbox/package.json
2026-01-18 18:36:58,300 - Knowledge - INFO - Worker kw19 processing /app/data/T0015/307419/b5849in/keystone/packages/auth/pages/InitPage/package.json
2026-01-18 18:36:58,363 - Knowledge - INFO - [kw5] Queue=740, InProgress=0, PendingWorkers=20/20, Completed=454/1306 (34.8%)
2026-01-18 18:36:58,363 - Knowledge - INFO - [kw11] Queue=740, InProgress=0, PendingWorkers=20/20, Completed=454/1306 (34.8%)
2026-01-18 18:36:58,391 - Knowledge - INFO - Fast-tracked /app/data/T0015/307419/b5849in/keystone/tests/sandbox/sandbox.config.json (ext=.json, size=94)
2026-01-18 18:36:58,481 - Knowledge - INFO - Fast-tracked /app/data/T0015/307419/b5849in/keystone/packages/create/starter/tsconfig.json (ext=.json, size=195)
2026-01-18 18:36:58,553 - Knowledge - INFO - Fast-tracked /app/data/T0015/307419/b5849in/keystone/packages/cloudinary/package.json (ext=.json, size=1210)
2026-01-18 18:36:58,605 - Knowledge - INFO - [kw10] Queue=740, InProgress=0, PendingWorkers=20/20, Completed=454/1306 (34.8%)
2026-01-18 18:36:58,678 - Knowledge - INFO - Worker kw18 processing /app/data/T0015/307419/b5849in/keystone/packages/core/src/scripts/prisma.ts
2026-01-18 18:36:58,757 - Knowledge - INFO - Fast-tracked /app/data/T0015/307419/b5849in/keystone/tests/examples-smoke-tests/usecase-roles.test.ts (ext=.ts, size=486)
2026-01-18 18:36:58,846 - Knowledge - INFO - Worker kw7 processing /app/data/T0015/307419/b5849in/keystone/packages/auth/src/components/Navigation.tsx
2026-01-18 18:36:58,942 - Knowledge - INFO - Fast-tracked /app/data/T0015/307419/b5849in/keystone/packages/core/src/admin-ui/image.tsx (ext=.tsx, size=64)
2026-01-18 18:36:59,028 - Knowledge - INFO - process ingested knowledge for /app/data/T0015/307419/b5849in/keystone/tests/api-tests/fields/types/fixtures/checkbox/test-fixtures.ts
2026-01-18 18:36:59,122 - Knowledge - INFO - Fast-tracked /app/data/T0015/307419/b5849in/keystone/tests/examples-smoke-tests/document-field.test.ts (ext=.ts, size=622)
2026-01-18 18:36:59,242 - Knowledge - INFO - process ingested knowledge for /app/data/T0015/307419/b5849in/keystone/tests/api-tests/fields/types/fixtures/id/test-fixtures.ts
2026-01-18 18:36:59,340 - Knowledge - INFO - process ingested knowledge for /app/data/T0015/307419/b5849in/keystone/tests/api-tests/fields/types/integer.test.ts
2026-01-18 18:36:59,428 - Knowledge - INFO - Worker kw2 processing /app/data/T0015/307419/b5849in/keystone/packages/auth/package.json
2026-01-18 18:36:59,554 - Knowledge - INFO - Fast-tracked /app/data/T0015/307419/b5849in/keystone/tests/benchmarks/lib/utils.js (ext=.js, size=1345)
2026-01-18 18:36:59,632 - Knowledge - INFO - Fast-tracked /app/data/T0015/307419/b5849in/keystone/tests/test-projects/live-reloading/schemas/syntax-error.js (ext=.js, size=409)
2026-01-18 18:36:59,715 - Knowledge - INFO - Worker kw17 processing /app/data/T0015/307419/b5849in/keystone/tests/test-projects/basic/README.md
2026-01-18 18:36:59,795 - Knowledge - INFO - Fast-tracked /app/data/T0015/307419/b5849in/keystone/tests/sandbox/package.json (ext=.json, size=611)
2026-01-18 18:36:59,905 - Knowledge - INFO - Fast-tracked /app/data/T0015/307419/b5849in/keystone/packages/auth/pages/InitPage/package.json (ext=.json, size=117)
2026-01-18 18:36:59,984 - Knowledge - INFO - Batch sizing: calculated=8, max_allowed=10, queue=740, active_workers=20/20
2026-01-18 18:37:00,092 - Knowledge - INFO - Batch sizing: calculated=8, max_allowed=10, queue=740, active_workers=20/20
2026-01-18 18:37:00,200 - Knowledge - INFO - Worker kw15 processing /app/data/T0015/307419/b5849in/keystone/tests/sandbox/keystone.ts
2026-01-18 18:37:00,278 - Knowledge - INFO - Worker kw3 processing /app/data/T0015/307419/b5849in/keystone/packages/create/starter/README.md
2026-01-18 18:37:00,371 - Knowledge - INFO - Worker kw1 processing /app/data/T0015/307419/b5849in/keystone/packages/cloudinary/views/package.json
2026-01-18 18:37:00,450 - Knowledge - INFO - Batch sizing: calculated=8, max_allowed=10, queue=740, active_workers=20/20
2026-01-18 18:37:00,561 - Knowledge - INFO - Fast-tracked /app/data/T0015/307419/b5849in/keystone/packages/core/src/scripts/prisma.ts (ext=.ts, size=1241)
2026-01-18 18:37:00,626 - Knowledge - INFO - Worker kw8 processing /app/data/T0015/307419/b5849in/keystone/tests/examples-smoke-tests/testing.test.ts
2026-01-18 18:37:00,723 - Knowledge - INFO - Worker kw7 processing /app/data/T0015/307419/b5849in/keystone/packages/auth/src/schema.ts
2026-01-18 18:37:00,799 - Knowledge - INFO - Worker kw16 processing /app/data/T0015/307419/b5849in/keystone/packages/core/src/admin-ui/apollo.tsx
2026-01-18 18:37:00,887 - Knowledge - INFO - process ingested knowledge for /app/data/T0015/307419/b5849in/keystone/tests/api-tests/fields/types/fixtures/document/test-fixtures.ts
2026-01-18 18:37:00,981 - Knowledge - INFO - Worker kw14 processing /app/data/T0015/307419/b5849in/keystone/tests/examples-smoke-tests/virtual-field.test.ts
2026-01-18 18:37:01,157 - Knowledge - INFO - process ingested knowledge for /app/data/T0015/307419/b5849in/keystone/tests/api-tests/fields/types/float.test.ts
2026-01-18 18:37:01,226 - Knowledge - INFO - Fast-tracked /app/data/T0015/307419/b5849in/keystone/packages/auth/package.json (ext=.json, size=1804)
2026-01-18 18:37:01,325 - Knowledge - INFO - Async storage completed for 8 embeddings
2026-01-18 18:37:01,404 - Knowledge - INFO - Worker kw13 processing /app/data/T0015/307419/b5849in/keystone/tests/test-projects/live-reloading/schemas/initial.ts
2026-01-18 18:37:01,492 - Knowledge - INFO - Fast-tracked /app/data/T0015/307419/b5849in/keystone/tests/test-projects/basic/README.md (ext=.md, size=343)
2026-01-18 18:37:01,585 - Knowledge - INFO - Worker kw20 processing /app/data/T0015/307419/b5849in/keystone/tests/sandbox/utils.ts
2026-01-18 18:37:01,669 - Knowledge - INFO - Worker kw19 processing /app/data/T0015/307419/b5849in/keystone/packages/auth/pages/SigninPage/package.json
2026-01-18 18:37:01,860 - Knowledge - INFO - Async storing batch of 8 embeddings
2026-01-18 18:37:01,861 - Knowledge - INFO - Async storing batch of 8 embeddings
2026-01-18 18:37:01,924 - Knowledge - INFO - Fast-tracked /app/data/T0015/307419/b5849in/keystone/tests/sandbox/keystone.ts (ext=.ts, size=165)
2026-01-18 18:37:02,040 - Knowledge - INFO - Fast-tracked /app/data/T0015/307419/b5849in/keystone/packages/create/starter/README.md (ext=.md, size=2877)
2026-01-18 18:37:02,127 - Knowledge - INFO - Fast-tracked /app/data/T0015/307419/b5849in/keystone/packages/cloudinary/views/package.json (ext=.json, size=111)
2026-01-18 18:37:02,203 - Knowledge - INFO - Async storing batch of 8 embeddings
2026-01-18 18:37:02,212 - Knowledge - INFO - [kw4] Queue=716, InProgress=0, PendingWorkers=20/20, Completed=454/1306 (34.8%)
2026-01-18 18:37:02,305 - Knowledge - INFO - Worker kw18 processing /app/data/T0015/307419/b5849in/keystone/packages/core/src/scripts/build.ts
2026-01-18 18:37:02,398 - Knowledge - INFO - Fast-tracked /app/data/T0015/307419/b5849in/keystone/tests/examples-smoke-tests/testing.test.ts (ext=.ts, size=480)
2026-01-18 18:37:02,497 - Knowledge - INFO - Worker kw7 processing /app/data/T0015/307419/b5849in/keystone/packages/auth/src/index.ts
2026-01-18 18:37:02,590 - Knowledge - INFO - Fast-tracked /app/data/T0015/307419/b5849in/keystone/packages/core/src/admin-ui/apollo.tsx (ext=.tsx, size=729)
2026-01-18 18:37:02,662 - Knowledge - INFO - process ingested knowledge for /app/data/T0015/307419/b5849in/keystone/tests/api-tests/fields/types/fixtures/decimal/test-fixtures.ts
2026-01-18 18:37:02,745 - Knowledge - INFO - Fast-tracked /app/data/T0015/307419/b5849in/keystone/tests/examples-smoke-tests/virtual-field.test.ts (ext=.ts, size=617)
2026-01-18 18:37:02,852 - Knowledge - INFO - process ingested knowledge for /app/data/T0015/307419/b5849in/keystone/tests/api-tests/fields/types/relationship.test.ts
2026-01-18 18:37:02,930 - Knowledge - INFO - Worker kw2 processing /app/data/T0015/307419/b5849in/keystone/packages/auth/components/Navigation/package.json
2026-01-18 18:37:03,060 - Knowledge - INFO - Processing batch of 8 files
2026-01-18 18:37:03,155 - Knowledge - INFO - Fast-tracked /app/data/T0015/307419/b5849in/keystone/tests/test-projects/live-reloading/schemas/initial.ts (ext=.ts, size=475)
2026-01-18 18:37:03,256 - Knowledge - INFO - Worker kw17 processing /app/data/T0015/307419/b5849in/keystone/tests/test-projects/basic/keystone.ts
2026-01-18 18:37:03,375 - Knowledge - INFO - Fast-tracked /app/data/T0015/307419/b5849in/keystone/tests/sandbox/utils.ts (ext=.ts, size=1264)
2026-01-18 18:37:03,452 - Knowledge - INFO - Fast-tracked /app/data/T0015/307419/b5849in/keystone/packages/auth/pages/SigninPage/package.json (ext=.json, size=121)
2026-01-18 18:37:03,551 - Knowledge - INFO - Worker kw5 processing /app/data/T0015/307419/b5849in/keystone/packages/core/src/admin-ui/components/Logo.tsx
2026-01-18 18:37:03,637 - Knowledge - INFO - Worker kw11 processing /app/data/T0015/307419/b5849in/keystone/packages/core/src/admin-ui/components/InlineCode.tsx
2026-01-18 18:37:03,722 - Knowledge - INFO - Worker kw15 processing /app/data/T0015/307419/b5849in/keystone/eslint.config.mjs
2026-01-18 18:37:03,817 - Knowledge - INFO - Worker kw3 processing /app/data/T0015/307419/b5849in/keystone/packages/create/starter/keystone.ts
2026-01-18 18:37:03,913 - Knowledge - INFO - Worker kw1 processing /app/data/T0015/307419/b5849in/keystone/packages/cloudinary/CHANGELOG.md
2026-01-18 18:37:04,036 - Knowledge - INFO - Worker kw10 processing /app/data/T0015/307419/b5849in/keystone/packages/core/src/admin-ui/index.tsx
2026-01-18 18:37:04,160 - Knowledge - INFO - Batch sizing: calculated=8, max_allowed=10, queue=716, active_workers=20/20
2026-01-18 18:37:04,245 - Knowledge - INFO - Fast-tracked /app/data/T0015/307419/b5849in/keystone/packages/core/src/scripts/build.ts (ext=.ts, size=1891)
2026-01-18 18:37:04,332 - Knowledge - INFO - Async storage completed for 10 embeddings
2026-01-18 18:37:04,420 - Knowledge - INFO - Worker kw7 processing /app/data/T0015/307419/b5849in/keystone/packages/auth/src/lib/useFromRedirect.ts
2026-01-18 18:37:04,538 - Knowledge - INFO - Worker kw16 processing /app/data/T0015/307419/b5849in/keystone/packages/core/src/admin-ui/context.tsx
2026-01-18 18:37:04,612 - Knowledge - INFO - process ingested knowledge for /app/data/T0015/307419/b5849in/keystone/tests/api-tests/fields/types/fixtures/decimal/non-null/test-fixtures.ts
2026-01-18 18:37:04,684 - Knowledge - INFO - Async storage completed for 10 embeddings
2026-01-18 18:37:04,818 - Knowledge - INFO - process ingested knowledge for /app/data/T0015/307419/b5849in/keystone/tests/api-tests/fields/types/select.test.ts
2026-01-18 18:37:04,902 - Knowledge - INFO - Fast-tracked /app/data/T0015/307419/b5849in/keystone/packages/auth/components/Navigation/package.json (ext=.json, size=131)
2026-01-18 18:37:05,003 - Knowledge - INFO - process ingested knowledge for /app/data/T0015/307419/b5849in/keystone/tests/api-tests/hooks.test.ts
2026-01-18 18:37:05,083 - Knowledge - INFO - Async storage completed for 8 embeddings
2026-01-18 18:37:05,164 - Knowledge - INFO - Fast-tracked /app/data/T0015/307419/b5849in/keystone/tests/test-projects/basic/keystone.ts (ext=.ts, size=342)
2026-01-18 18:37:05,242 - Knowledge - INFO - Worker kw20 processing /app/data/T0015/307419/b5849in/keystone/tests/sandbox/structure.tsx
2026-01-18 18:37:05,319 - Knowledge - INFO - Worker kw19 processing /app/data/T0015/307419/b5849in/keystone/packages/auth/src/pages/SigninPage.tsx
2026-01-18 18:37:05,434 - Knowledge - INFO - Worker kw5 processing /app/data/T0015/307419/b5849in/keystone/packages/core/src/admin-ui/components/NullableFieldWrapper.tsx
2026-01-18 18:37:05,513 - Knowledge - INFO - Fast-tracked /app/data/T0015/307419/b5849in/keystone/packages/core/src/admin-ui/components/InlineCode.tsx (ext=.tsx, size=537)
2026-01-18 18:37:05,604 - Knowledge - INFO - Fast-tracked /app/data/T0015/307419/b5849in/keystone/eslint.config.mjs (ext=.mjs, size=1638)
2026-01-18 18:37:05,695 - Knowledge - INFO - Fast-tracked /app/data/T0015/307419/b5849in/keystone/packages/create/starter/keystone.ts (ext=.ts, size=1462)
2026-01-18 18:37:05,780 - Knowledge - INFO - Fast-tracked /app/data/T0015/307419/b5849in/keystone/packages/cloudinary/CHANGELOG.md (ext=.md, size=80215)
2026-01-18 18:37:05,863 - Knowledge - INFO - Fast-tracked /app/data/T0015/307419/b5849in/keystone/packages/core/src/admin-ui/index.tsx (ext=.tsx, size=67)
2026-01-18 18:37:05,952 - Knowledge - INFO - Async storing batch of 8 embeddings
2026-01-18 18:37:06,027 - Knowledge - INFO - Worker kw18 processing /app/data/T0015/307419/b5849in/keystone/packages/core/src/scripts/cli.ts
2026-01-18 18:37:06,197 - Knowledge - INFO - Processing batch of 8 files
2026-01-18 18:37:06,276 - Knowledge - INFO - Fast-tracked /app/data/T0015/307419/b5849in/keystone/packages/auth/src/lib/useFromRedirect.ts (ext=.ts, size=122)
2026-01-18 18:37:06,346 - Knowledge - INFO - Worker kw16 processing /app/data/T0015/307419/b5849in/keystone/packages/core/src/admin-ui/components/CellContainer.tsx
2026-01-18 18:37:06,603 - Knowledge - INFO - process ingested knowledge for /app/data/T0015/307419/b5849in/keystone/tests/api-tests/fields/types/calendarDay.test.ts
2026-01-18 18:37:06,623 - Knowledge - INFO - Processing batch of 8 files
2026-01-18 18:37:06,687 - Knowledge - INFO - Worker kw2 processing /app/data/T0015/307419/b5849in/keystone/packages/auth/README.md
2026-01-18 18:37:06,809 - Knowledge - INFO - process ingested knowledge for /app/data/T0015/307419/b5849in/keystone/tests/benchmarks/package.json
2026-01-18 18:37:06,995 - Knowledge - INFO - Async storage completed for 8 embeddings
2026-01-18 18:37:07,089 - Knowledge - INFO - Fast-tracked /app/data/T0015/307419/b5849in/keystone/tests/sandbox/structure.tsx (ext=.tsx, size=351)
2026-01-18 18:37:07,099 - Knowledge - INFO - Processing batch of 8 files
2026-01-18 18:37:07,179 - Knowledge - INFO - Worker kw19 processing /app/data/T0015/307419/b5849in/keystone/packages/auth/src/pages/InitPage.tsx
2026-01-18 18:37:07,211 - Knowledge - INFO - [WEBSOCKET] Sent: Type=progress_update, Size: 293, Duration: 0ms
2026-01-18 18:37:07,268 - Knowledge - INFO - Worker kw5 processing /app/data/T0015/307419/b5849in/keystone/packages/core/src/admin-ui/components/WelcomeDialog.tsx
2026-01-18 18:37:07,345 - Knowledge - INFO - Worker kw11 processing /app/data/T0015/307419/b5849in/keystone/packages/core/src/admin-ui/admin-meta-graphql.ts
2026-01-18 18:37:07,423 - Knowledge - INFO - Worker kw15 processing /app/data/T0015/307419/b5849in/keystone/SECURITY.md
2026-01-18 18:37:07,499 - Knowledge - INFO - Worker kw3 processing /app/data/T0015/307419/b5849in/keystone/packages/create/starter/auth.ts
2026-01-18 18:37:07,589 - Knowledge - INFO - Worker kw1 processing /app/data/T0015/307419/b5849in/keystone/packages/core/scripts/cli/package.json
2026-01-18 18:37:07,669 - Knowledge - INFO - Worker kw10 processing /app/data/T0015/307419/b5849in/keystone/packages/core/src/admin-ui/system/index.ts
2026-01-18 18:37:07,753 - Knowledge - INFO - Worker kw4 processing /app/data/T0015/307419/b5849in/keystone/packages/core/src/admin-ui/templates/create-item.ts
2026-01-18 18:37:07,883 - Knowledge - INFO - Worker kw18 processing /app/data/T0015/307419/b5849in/keystone/packages/core/src/scripts/esbuild.ts
2026-01-18 18:37:07,973 - Knowledge - INFO - process ingested knowledge for /app/data/T0015/307419/b5849in/keystone/tests/examples-smoke-tests/extend-express-app.test.ts
2026-01-18 18:37:08,074 - Knowledge - INFO - Worker kw7 processing /app/data/T0015/307419/b5849in/keystone/packages/auth/src/templates/init.ts
2026-01-18 18:37:08,182 - Knowledge - INFO - Fast-tracked /app/data/T0015/307419/b5849in/keystone/packages/core/src/admin-ui/components/CellContainer.tsx (ext=.tsx, size=208)
2026-01-18 18:37:08,269 - Knowledge - INFO - process ingested knowledge for /app/data/T0015/307419/b5849in/keystone/tests/api-tests/fields/types/timestamp.test.ts
2026-01-18 18:37:08,367 - Knowledge - INFO - process ingested knowledge for /app/data/T0015/307419/b5849in/keystone/tests/examples-smoke-tests/default-values.test.ts
2026-01-18 18:37:08,474 - Knowledge - INFO - Fast-tracked /app/data/T0015/307419/b5849in/keystone/packages/auth/README.md (ext=.md, size=354)
2026-01-18 18:37:08,588 - Knowledge - INFO - process ingested knowledge for /app/data/T0015/307419/b5849in/keystone/tests/benchmarks/fixtures/query.js
2026-01-18 18:37:08,745 - Knowledge - INFO - Async storage completed for 8 embeddings
2026-01-18 18:37:08,838 - Knowledge - INFO - process ingested knowledge for /app/data/T0015/307419/b5849in/keystone/tests/examples-smoke-tests/custom-field.test.ts
2026-01-18 18:37:08,957 - Knowledge - INFO - Worker kw19 processing /app/data/T0015/307419/b5849in/keystone/packages/auth/src/gql/getInitFirstItemSchema.ts
2026-01-18 18:37:09,081 - Knowledge - INFO - [WEBSOCKET] Sent: Type=unknown, Size: ?, Duration: 1870ms
2026-01-18 18:37:09,178 - Knowledge - INFO - Worker kw5 processing /app/data/T0015/307419/b5849in/keystone/packages/core/src/admin-ui/components/Navigation.tsx
2026-01-18 18:37:09,265 - Knowledge - INFO - Worker kw11 processing /app/data/T0015/307419/b5849in/keystone/packages/core/src/admin-ui/router.tsx
2026-01-18 18:37:09,363 - Knowledge - INFO - Fast-tracked /app/data/T0015/307419/b5849in/keystone/SECURITY.md (ext=.md, size=1335)
2026-01-18 18:37:09,488 - Knowledge - INFO - Fast-tracked /app/data/T0015/307419/b5849in/keystone/packages/create/src/index.ts (small file (3008 bytes))
2026-01-18 18:37:09,568 - Knowledge - INFO - Fast-tracked /app/data/T0015/307419/b5849in/keystone/packages/core/scripts/cli/package.json (ext=.json, size=111)
2026-01-18 18:37:09,650 - Knowledge - INFO - Fast-tracked /app/data/T0015/307419/b5849in/keystone/packages/core/src/admin-ui/system/index.ts (ext=.ts, size=52)
2026-01-18 18:37:09,741 - Knowledge - INFO - Fast-tracked /app/data/T0015/307419/b5849in/keystone/packages/core/src/admin-ui/templates/create-item.ts (ext=.ts, size=253)
2026-01-18 18:37:09,818 - Knowledge - INFO - Worker kw18 processing /app/data/T0015/307419/b5849in/keystone/packages/core/src/scripts/index.ts
2026-01-18 18:37:09,918 - Knowledge - INFO - process ingested knowledge for /app/data/T0015/307419/b5849in/keystone/tests/examples-smoke-tests/field-groups.test.ts
2026-01-18 18:37:10,033 - Knowledge - INFO - Fast-tracked /app/data/T0015/307419/b5849in/keystone/packages/auth/src/templates/init.ts (ext=.ts, size=577)
2026-01-18 18:37:10,121 - Knowledge - INFO - Worker kw16 processing /app/data/T0015/307419/b5849in/keystone/packages/core/src/admin-ui/components/CreateItemDialog.tsx
2026-01-18 18:37:10,299 - Knowledge - INFO - process ingested knowledge for /app/data/T0015/307419/b5849in/keystone/tests/examples-smoke-tests/extend-graphql-schema-graphql-ts.test.ts
2026-01-18 18:37:10,385 - Knowledge - INFO - Worker kw2 processing /app/data/T0015/307419/b5849in/keystone/packages/auth/CHANGELOG.md
2026-01-18 18:37:10,496 - Knowledge - INFO - process ingested knowledge for /app/data/T0015/307419/b5849in/keystone/tests/benchmarks/fixtures/create-related.js
2026-01-18 18:37:10,683 - Knowledge - INFO - process ingested knowledge for /app/data/T0015/307419/b5849in/keystone/tests/examples-smoke-tests/usecase-todo.test.ts
2026-01-18 18:37:10,847 - Knowledge - INFO - Progress: 37.2% | Files: 490/1306 | Rate: 2.41 files/sec | Queue: 708
2026-01-18 18:37:10,894 - Knowledge - INFO - Processing batch of 8 files
2026-01-18 18:37:10,898 - Knowledge - INFO - Processing batch of 8 files
2026-01-18 18:37:10,945 - Knowledge - INFO - Worker kw5 processing /app/data/T0015/307419/b5849in/keystone/packages/core/src/admin-ui/components/EmptyState.tsx
2026-01-18 18:37:11,006 - Knowledge - INFO - [kw9] Queue=708, InProgress=0, PendingWorkers=20/20, Completed=502/1306 (38.4%)
2026-01-18 18:37:11,023 - Knowledge - INFO - Fast-tracked /app/data/T0015/307419/b5849in/keystone/packages/core/src/admin-ui/router.tsx (ext=.tsx, size=1183)
2026-01-18 18:37:11,119 - Knowledge - INFO - Worker kw15 processing /app/data/T0015/307419/b5849in/keystone/CONTRIBUTING.md
2026-01-18 18:37:11,277 - Knowledge - INFO - Worker kw1 processing /app/data/T0015/307419/b5849in/keystone/packages/core/scripts/package.json
2026-01-18 18:37:11,396 - Knowledge - INFO - Worker kw10 processing /app/data/T0015/307419/b5849in/keystone/packages/core/src/admin-ui/system/generateAdminUI.ts
2026-01-18 18:37:11,469 - Knowledge - INFO - Worker kw4 processing /app/data/T0015/307419/b5849in/keystone/packages/core/src/admin-ui/templates/index.ts
2026-01-18 18:37:11,550 - Knowledge - INFO - Fast-tracked /app/data/T0015/307419/b5849in/keystone/packages/core/src/scripts/index.ts (ext=.ts, size=418)
2026-01-18 18:37:11,641 - Knowledge - INFO - process ingested knowledge for /app/data/T0015/307419/b5849in/keystone/tests/examples-smoke-tests/package.json
2026-01-18 18:37:11,747 - Knowledge - INFO - Worker kw7 processing /app/data/T0015/307419/b5849in/keystone/packages/auth/src/templates/signin.ts
2026-01-18 18:37:11,836 - Knowledge - INFO - Fast-tracked /app/data/T0015/307419/b5849in/keystone/packages/core/src/admin-ui/components/CreateItemDialog.tsx (ext=.tsx, size=1453)
2026-01-18 18:37:11,922 - Knowledge - INFO - process ingested knowledge for /app/data/T0015/307419/b5849in/keystone/tests/examples-smoke-tests/extend-graphql-schema-nexus.test.ts
2026-01-18 18:37:12,012 - Knowledge - INFO - Fast-tracked /app/data/T0015/307419/b5849in/keystone/packages/auth/CHANGELOG.md (ext=.md, size=132310)
2026-01-18 18:37:12,087 - Knowledge - INFO - process ingested knowledge for /app/data/T0015/307419/b5849in/keystone/tests/benchmarks/fixtures/index.js
2026-01-18 18:37:12,110 - Knowledge - INFO - Fast-tracked /app/data/T0015/307419/b5849in/keystone/packages/auth/src/pages/InitPage.tsx (small file (3034 bytes))
2026-01-18 18:37:12,212 - Knowledge - INFO - process ingested knowledge for /app/data/T0015/307419/b5849in/keystone/tests/examples-smoke-tests/extend-graphql-schema-graphql-tools.test.ts
2026-01-18 18:37:12,323 - Knowledge - INFO - [kw6] Queue=708, InProgress=0, PendingWorkers=20/20, Completed=502/1306 (38.4%)
2026-01-18 18:37:12,415 - Knowledge - INFO - process ingested knowledge for /app/data/T0015/307419/b5849in/keystone/tests/test-projects/live-reloading/package.json
2026-01-18 18:37:12,493 - Knowledge - INFO - process ingested knowledge for /app/data/T0015/307419/b5849in/keystone/tests/test-projects/crud-notifications/package.json
2026-01-18 18:37:12,590 - Knowledge - INFO - Fast-tracked /app/data/T0015/307419/b5849in/keystone/packages/core/src/admin-ui/components/EmptyState.tsx (ext=.tsx, size=1425)
2026-01-18 18:37:12,620 - Knowledge - INFO - Fast-tracked /app/data/T0015/307419/b5849in/keystone/packages/create/starter/auth.ts (small file (2392 bytes))
2026-01-18 18:37:12,668 - Knowledge - INFO - Batch sizing: calculated=8, max_allowed=10, queue=708, active_workers=20/20
2026-01-18 18:37:12,761 - Knowledge - INFO - Worker kw11 processing /app/data/T0015/307419/b5849in/keystone/packages/core/src/admin-ui/utils/Fields.tsx
2026-01-18 18:37:12,833 - Knowledge - INFO - Fast-tracked /app/data/T0015/307419/b5849in/keystone/CONTRIBUTING.md (ext=.md, size=1092)
2026-01-18 18:37:12,927 - Knowledge - INFO - Fast-tracked /app/data/T0015/307419/b5849in/keystone/packages/core/scripts/package.json (ext=.json, size=103)
2026-01-18 18:37:13,003 - Knowledge - INFO - Worker kw10 processing /app/data/T0015/307419/b5849in/keystone/packages/core/src/admin-ui/templates/item.tsx
2026-01-18 18:37:13,079 - Knowledge - INFO - Fast-tracked /app/data/T0015/307419/b5849in/keystone/packages/core/src/admin-ui/templates/index.ts (ext=.ts, size=1611)
2026-01-18 18:37:13,175 - Knowledge - INFO - Worker kw18 processing /app/data/T0015/307419/b5849in/keystone/packages/core/src/scripts/start.ts
2026-01-18 18:37:13,258 - Knowledge - INFO - process ingested knowledge for /app/data/T0015/307419/b5849in/keystone/tests/examples-smoke-tests/custom-admin-ui-pages.test.ts
2026-01-18 18:37:13,388 - Knowledge - INFO - Fast-tracked /app/data/T0015/307419/b5849in/keystone/packages/auth/src/templates/signin.ts (ext=.ts, size=394)
2026-01-18 18:37:13,507 - Knowledge - INFO - Worker kw16 processing /app/data/T0015/307419/b5849in/keystone/packages/core/src/admin-ui/components/Container.tsx
2026-01-18 18:37:13,629 - Knowledge - INFO - process ingested knowledge for /app/data/T0015/307419/b5849in/keystone/tests/examples-smoke-tests/auth.test.ts
2026-01-18 18:37:13,705 - Knowledge - INFO - Worker kw2 processing /app/data/T0015/307419/b5849in/keystone/packages/cloudinary/src/views/index.tsx
2026-01-18 18:37:13,795 - Knowledge - INFO - process ingested knowledge for /app/data/T0015/307419/b5849in/keystone/tests/benchmarks/fixtures/create.js
2026-01-18 18:37:13,882 - Knowledge - INFO - Fast-tracked /app/data/T0015/307419/b5849in/keystone/packages/auth/src/gql/getInitFirstItemSchema.ts (small file (2881 bytes))
2026-01-18 18:37:13,972 - Knowledge - INFO - process ingested knowledge for /app/data/T0015/307419/b5849in/keystone/tests/test-projects/live-reloading/schemas/runtime-error.ts
2026-01-18 18:37:14,088 - Knowledge - INFO - Batch sizing: calculated=8, max_allowed=10, queue=708, active_workers=20/20
2026-01-18 18:37:14,182 - Knowledge - INFO - process ingested knowledge for /app/data/T0015/307419/b5849in/keystone/tests/test-projects/live-reloading/schema.ts
2026-01-18 18:37:14,271 - Knowledge - INFO - process ingested knowledge for /app/data/T0015/307419/b5849in/keystone/tests/test-projects/crud-notifications/schema.ts
2026-01-18 18:37:14,356 - Knowledge - INFO - Worker kw5 processing /app/data/T0015/307419/b5849in/keystone/packages/core/src/admin-ui/components/PageContainer.tsx
2026-01-18 18:37:14,481 - Knowledge - INFO - Async storage completed for 8 embeddings
2026-01-18 18:37:14,595 - Knowledge - INFO - Async storing batch of 8 embeddings
2026-01-18 18:37:14,682 - Knowledge - INFO - Worker kw11 processing /app/data/T0015/307419/b5849in/keystone/packages/core/src/admin-ui/utils/utils.tsx
2026-01-18 18:37:14,796 - Knowledge - INFO - Async storage completed for 8 embeddings
2026-01-18 18:37:14,904 - Knowledge - INFO - Worker kw1 processing /app/data/T0015/307419/b5849in/keystone/packages/core/src/scripts/telemetry.ts
2026-01-18 18:37:14,991 - Knowledge - INFO - Fast-tracked /app/data/T0015/307419/b5849in/keystone/packages/core/src/admin-ui/templates/item.tsx (ext=.tsx, size=229)
2026-01-18 18:37:15,091 - Knowledge - INFO - Worker kw4 processing /app/data/T0015/307419/b5849in/keystone/packages/core/src/admin-ui/templates/next-config.ts
2026-01-18 18:37:15,176 - Knowledge - INFO - Worker kw18 processing /app/data/T0015/307419/b5849in/keystone/packages/core/src/graphql-ts.ts
2026-01-18 18:37:15,252 - Knowledge - INFO - process ingested knowledge for /app/data/T0015/307419/b5849in/keystone/tests/examples-smoke-tests/custom-admin-ui-navigation.test.ts
2026-01-18 18:37:15,413 - Knowledge - INFO - Fast-tracked /app/data/T0015/307419/b5849in/keystone/packages/core/src/admin-ui/components/Container.tsx (ext=.tsx, size=344)
2026-01-18 18:37:15,502 - Knowledge - INFO - process ingested knowledge for /app/data/T0015/307419/b5849in/keystone/tests/examples-smoke-tests/custom-admin-ui-logo.test.ts
2026-01-18 18:37:15,580 - Knowledge - INFO - Fast-tracked /app/data/T0015/307419/b5849in/keystone/packages/cloudinary/src/views/index.tsx (ext=.tsx, size=1635)
2026-01-18 18:37:15,659 - Knowledge - INFO - process ingested knowledge for /app/data/T0015/307419/b5849in/keystone/tests/benchmarks/README.md
2026-01-18 18:37:15,736 - Knowledge - INFO - Async storage completed for 8 embeddings
2026-01-18 18:37:15,847 - Knowledge - INFO - process ingested knowledge for /app/data/T0015/307419/b5849in/keystone/tests/test-projects/live-reloading/schemas/changed-prisma-schema.ts
2026-01-18 18:37:15,933 - Knowledge - INFO - Async storing batch of 8 embeddings
2026-01-18 18:37:16,017 - Knowledge - INFO - process ingested knowledge for /app/data/T0015/307419/b5849in/keystone/tests/test-projects/live-reloading/README.md
2026-01-18 18:37:16,103 - Knowledge - INFO - process ingested knowledge for /app/data/T0015/307419/b5849in/keystone/tests/test-projects/crud-notifications/README.md
2026-01-18 18:37:16,184 - Knowledge - INFO - Worker kw5 processing /app/data/T0015/307419/b5849in/keystone/packages/core/src/admin-ui/components/index.ts
2026-01-18 18:37:16,249 - Knowledge - INFO - Fast-tracked /app/data/T0015/307419/b5849in/keystone/packages/auth/src/types.ts (small file (2026 bytes))
2026-01-18 18:37:16,346 - Knowledge - INFO - Worker kw9 processing /app/data/T0015/307419/b5849in/keystone/packages/core/src/___internal-do-not-use-will-break-in-patch/admin-ui/pages/App/index.tsx
2026-01-18 18:37:16,441 - Knowledge - INFO - Worker kw11 processing /app/data/T0015/307419/b5849in/keystone/packages/core/src/admin-ui/utils/usePreventNavigation.tsx
2026-01-18 18:37:16,596 - Knowledge - INFO - Processing batch of 8 files
2026-01-18 18:37:16,641 - Knowledge - INFO - Fast-tracked /app/data/T0015/307419/b5849in/keystone/packages/core/src/scripts/telemetry.ts (ext=.ts, size=1157)
2026-01-18 18:37:16,736 - Knowledge - INFO - Worker kw10 processing /app/data/T0015/307419/b5849in/keystone/packages/core/src/admin-ui/templates/app.ts
2026-01-18 18:37:16,816 - Knowledge - INFO - Fast-tracked /app/data/T0015/307419/b5849in/keystone/packages/core/src/admin-ui/templates/next-config.ts (ext=.ts, size=484)
2026-01-18 18:37:16,911 - Knowledge - INFO - Fast-tracked /app/data/T0015/307419/b5849in/keystone/packages/core/src/graphql-ts.ts (ext=.ts, size=729)
2026-01-18 18:37:16,992 - Knowledge - INFO - process ingested knowledge for /app/data/T0015/307419/b5849in/keystone/tests/examples-smoke-tests/utils.ts
2026-01-18 18:37:17,074 - Knowledge - INFO - Worker kw16 processing /app/data/T0015/307419/b5849in/keystone/packages/core/src/admin-ui/components/GraphQLErrorNotice.tsx
2026-01-18 18:37:17,148 - Knowledge - INFO - process ingested knowledge for /app/data/T0015/307419/b5849in/keystone/tests/examples-smoke-tests/usecase-blog.test.ts
2026-01-18 18:37:17,226 - Knowledge - INFO - Worker kw2 processing /app/data/T0015/307419/b5849in/keystone/packages/cloudinary/src/test-fixtures.skip.ts
2026-01-18 18:37:17,298 - Knowledge - INFO - process ingested knowledge for /app/data/T0015/307419/b5849in/keystone/tests/benchmarks/lib/utils.js
2026-01-18 18:37:17,474 - Knowledge - INFO - process ingested knowledge for /app/data/T0015/307419/b5849in/keystone/tests/test-projects/live-reloading/schemas/second.ts
2026-01-18 18:37:17,592 - Knowledge - INFO - Worker kw6 processing /app/data/T0015/307419/b5849in/keystone/packages/core/src/artifacts.ts
2026-01-18 18:37:17,671 - Knowledge - INFO - process ingested knowledge for /app/data/T0015/307419/b5849in/keystone/tests/test-projects/live-reloading/keystone.ts
2026-01-18 18:37:17,753 - Knowledge - INFO - process ingested knowledge for /app/data/T0015/307419/b5849in/keystone/tests/test-projects/crud-notifications/keystone.ts
2026-01-18 18:37:17,837 - Knowledge - INFO - Fast-tracked /app/data/T0015/307419/b5849in/keystone/packages/core/src/admin-ui/components/index.ts (ext=.ts, size=778)
2026-01-18 18:37:17,948 - Knowledge - INFO - Fast-tracked /app/data/T0015/307419/b5849in/keystone/packages/auth/src/components/Navigation.tsx (small file (2252 bytes))
2026-01-18 18:37:17,992 - Knowledge - INFO - [LLM_CALL] Completed: schema.ts:chunk1, Duration: 6792ms, PromptTokens: 3218, CompletionTokens: 265, Cost: $0.00043
2026-01-18 18:37:18,052 - Knowledge - INFO - Fast-tracked /app/data/T0015/307419/b5849in/keystone/packages/core/src/___internal-do-not-use-will-break-in-patch/admin-ui/pages/App/index.tsx (ext=.tsx, size=590)
2026-01-18 18:37:18,133 - Knowledge - INFO - Fast-tracked /app/data/T0015/307419/b5849in/keystone/packages/core/src/admin-ui/utils/usePreventNavigation.tsx (ext=.tsx, size=1271)
2026-01-18 18:37:18,198 - Knowledge - INFO - process ingested knowledge for /app/data/T0015/307419/b5849in/keystone/tests/sandbox/structure-nested.tsx
2026-01-18 18:37:18,288 - Knowledge - INFO - Worker kw1 processing /app/data/T0015/307419/b5849in/keystone/packages/core/src/scripts/dev.ts
2026-01-18 18:37:18,381 - Knowledge - INFO - Fast-tracked /app/data/T0015/307419/b5849in/keystone/packages/core/src/admin-ui/templates/app.ts (ext=.ts, size=1942)
2026-01-18 18:37:18,499 - Knowledge - INFO - Worker kw4 processing /app/data/T0015/307419/b5849in/keystone/packages/core/src/___internal-do-not-use-will-break-in-patch/admin-ui/pages/CreateItemPage/index.tsx
2026-01-18 18:37:18,681 - Knowledge - INFO - process ingested knowledge for /app/data/T0015/307419/b5849in/keystone/tests/examples-smoke-tests/usecase-roles.test.ts
2026-01-18 18:37:18,768 - Knowledge - INFO - Worker kw16 processing /app/data/T0015/307419/b5849in/keystone/packages/core/src/admin-ui/components/Errors.tsx
2026-01-18 18:37:18,877 - Knowledge - INFO - process ingested knowledge for /app/data/T0015/307419/b5849in/keystone/tests/examples-smoke-tests/document-field.test.ts
2026-01-18 18:37:18,970 - Knowledge - INFO - Worker kw2 processing /app/data/T0015/307419/b5849in/keystone/packages/cloudinary/src/index.ts
2026-01-18 18:37:19,141 - Knowledge - INFO - process ingested knowledge for /app/data/T0015/307419/b5849in/keystone/tests/test-projects/live-reloading/schemas/syntax-error.js
2026-01-18 18:37:19,275 - Knowledge - INFO - Worker kw6 processing /app/data/T0015/307419/b5849in/keystone/packages/core/src/schema.ts
2026-01-18 18:37:19,474 - Knowledge - INFO - process ingested knowledge for /app/data/T0015/307419/b5849in/keystone/tests/test-projects/basic/package.json
2026-01-18 18:37:19,511 - Knowledge - INFO - process ingested knowledge for /app/data/T0015/307419/b5849in/keystone/tests/sandbox/structure-relationships.tsx
2026-01-18 18:37:19,654 - Knowledge - INFO - Worker kw5 processing /app/data/T0015/307419/b5849in/keystone/packages/core/src/admin-ui/components/CreateButtonLink.tsx
2026-01-18 18:37:19,746 - Knowledge - INFO - Fast-tracked /app/data/T0015/307419/b5849in/keystone/packages/auth/src/schema.ts (small file (3007 bytes))
2026-01-18 18:37:19,829 - Knowledge - INFO - done ingest for /app/data/T0015/307419/b5849in/keystone/packages/create/starter/schema.ts
2026-01-18 18:37:19,831 - Knowledge - INFO - [LLM_CALL] Completed: SigninPage.tsx:chunk1, Duration: 8981ms, PromptTokens: 2870, CompletionTokens: 351, Cost: $0.00043
2026-01-18 18:37:19,909 - Knowledge - INFO - Worker kw9 processing /app/data/T0015/307419/b5849in/keystone/packages/core/src/___internal-do-not-use-will-break-in-patch/admin-ui/pages/ListPage/FilterAdd.tsx
2026-01-18 18:37:20,007 - Knowledge - INFO - Worker kw11 processing /app/data/T0015/307419/b5849in/keystone/packages/core/src/admin-ui/utils/useCreateItem.ts
2026-01-18 18:37:20,078 - Knowledge - INFO - process ingested knowledge for /app/data/T0015/307419/b5849in/keystone/tests/sandbox/configs/all-the-things.ts
2026-01-18 18:37:20,180 - Knowledge - INFO - Worker kw1 processing /app/data/T0015/307419/b5849in/keystone/packages/core/src/scripts/utils.ts
2026-01-18 18:37:20,297 - Knowledge - INFO - Worker kw10 processing /app/data/T0015/307419/b5849in/keystone/packages/core/src/admin-ui/templates/home.ts
2026-01-18 18:37:20,375 - Knowledge - INFO - Worker kw4 processing /app/data/T0015/307419/b5849in/keystone/packages/core/src/___internal-do-not-use-will-break-in-patch/admin-ui/pages/NoAccessPage/index.tsx
2026-01-18 18:37:20,451 - Knowledge - INFO - process ingested knowledge for /app/data/T0015/307419/b5849in/keystone/tests/examples-smoke-tests/testing.test.ts
2026-01-18 18:37:20,619 - Knowledge - INFO - process ingested knowledge for /app/data/T0015/307419/b5849in/keystone/tests/examples-smoke-tests/virtual-field.test.ts
2026-01-18 18:37:20,851 - Knowledge - INFO - process ingested knowledge for /app/data/T0015/307419/b5849in/keystone/tests/test-projects/live-reloading/schemas/initial.ts
2026-01-18 18:37:20,948 - Knowledge - INFO - Worker kw6 processing /app/data/T0015/307419/b5849in/keystone/packages/core/src/session.ts
2026-01-18 18:37:21,035 - Knowledge - INFO - process ingested knowledge for /app/data/T0015/307419/b5849in/keystone/tests/test-projects/basic/schema.ts
2026-01-18 18:37:21,128 - Knowledge - INFO - process ingested knowledge for /app/data/T0015/307419/b5849in/keystone/tests/sandbox/package.json
2026-01-18 18:37:21,223 - Knowledge - INFO - Fast-tracked /app/data/T0015/307419/b5849in/keystone/packages/core/src/admin-ui/components/CreateButtonLink.tsx (ext=.tsx, size=467)
2026-01-18 18:37:21,522 - Knowledge - INFO - done ingest for /app/data/T0015/307419/b5849in/keystone/packages/auth/src/pages/SigninPage.tsx
2026-01-18 18:37:21,525 - Knowledge - INFO - [kw12] Queue=692, InProgress=0, PendingWorkers=20/20, Completed=511/1306 (39.1%)
2026-01-18 18:37:21,559 - Knowledge - INFO - Processing batch of 8 files
2026-01-18 18:37:21,607 - Knowledge - INFO - Worker kw9 processing /app/data/T0015/307419/b5849in/keystone/packages/core/src/___internal-do-not-use-will-break-in-patch/admin-ui/pages/ListPage/Tag.tsx
2026-01-18 18:37:21,720 - Knowledge - INFO - Worker kw11 processing /app/data/T0015/307419/b5849in/keystone/packages/core/src/admin-ui/utils/index.ts
2026-01-18 18:37:21,839 - Knowledge - INFO - process ingested knowledge for /app/data/T0015/307419/b5849in/keystone/tests/sandbox/configs/7591-body-parser-options.ts
2026-01-18 18:37:21,934 - Knowledge - INFO - Fast-tracked /app/data/T0015/307419/b5849in/keystone/packages/core/src/scripts/utils.ts (ext=.ts, size=811)
2026-01-18 18:37:22,021 - Knowledge - INFO - Fast-tracked /app/data/T0015/307419/b5849in/keystone/packages/core/src/admin-ui/templates/home.ts (ext=.ts, size=154)
2026-01-18 18:37:22,103 - Knowledge - INFO - Fast-tracked /app/data/T0015/307419/b5849in/keystone/packages/core/src/___internal-do-not-use-will-break-in-patch/admin-ui/pages/NoAccessPage/index.tsx (ext=.tsx, size=810)
2026-01-18 18:37:22,547 - Knowledge - INFO - Worker kw6 processing /app/data/T0015/307419/b5849in/keystone/packages/core/src/types/telemetry.ts
2026-01-18 18:37:22,833 - Knowledge - INFO - process ingested knowledge for /app/data/T0015/307419/b5849in/keystone/tests/test-projects/basic/README.md
2026-01-18 18:37:22,836 - Knowledge - INFO - Fast-tracked /app/data/T0015/307419/b5849in/keystone/packages/core/src/admin-ui/components/Logo.tsx (small file (2491 bytes))
2026-01-18 18:37:22,978 - Knowledge - INFO - process ingested knowledge for /app/data/T0015/307419/b5849in/keystone/tests/sandbox/utils.ts
2026-01-18 18:37:23,030 - Knowledge - INFO - Batch sizing: calculated=8, max_allowed=10, queue=692, active_workers=20/20
2026-01-18 18:37:23,113 - Knowledge - INFO - process ingested knowledge for /app/data/T0015/307419/b5849in/keystone/packages/create/src/index.ts
2026-01-18 18:37:23,215 - Knowledge - INFO - Worker kw9 processing /app/data/T0015/307419/b5849in/keystone/packages/core/src/___internal-do-not-use-will-break-in-patch/admin-ui/pages/ListPage/index.tsx
2026-01-18 18:37:23,327 - Knowledge - INFO - Fast-tracked /app/data/T0015/307419/b5849in/keystone/packages/core/src/admin-ui/utils/index.ts (ext=.ts, size=240)
2026-01-18 18:37:23,565 - Knowledge - INFO - process ingested knowledge for /app/data/T0015/307419/b5849in/keystone/tests/sandbox/sandbox.config.json
2026-01-18 18:37:23,575 - Knowledge - INFO - Worker kw10 processing /app/data/T0015/307419/b5849in/keystone/packages/core/src/admin-ui/templates/no-access.ts
2026-01-18 18:37:23,678 - Knowledge - INFO - Worker kw4 processing /app/data/T0015/307419/b5849in/keystone/packages/core/src/___internal-do-not-use-will-break-in-patch/admin-ui/pages/ItemPage/common.tsx
2026-01-18 18:37:23,727 - Knowledge - INFO - Processing batch of 8 files
2026-01-18 18:37:23,754 - Knowledge - INFO - Fast-tracked /app/data/T0015/307419/b5849in/keystone/packages/core/src/types/telemetry.ts (ext=.ts, size=1326)
2026-01-18 18:37:23,933 - Knowledge - INFO - Fast-tracked /app/data/T0015/307419/b5849in/keystone/packages/core/src/admin-ui/components/NullableFieldWrapper.tsx (small file (2199 bytes))
2026-01-18 18:37:23,962 - Knowledge - INFO - [WEBSOCKET] Sent: Type=progress_update, Size: 293, Duration: 0ms
2026-01-18 18:37:23,962 - Knowledge - INFO - process ingested knowledge for /app/data/T0015/307419/b5849in/keystone/tests/test-projects/basic/keystone.ts
2026-01-18 18:37:24,144 - Knowledge - INFO - process ingested knowledge for /app/data/T0015/307419/b5849in/keystone/tests/sandbox/structure.tsx
2026-01-18 18:37:24,187 - Knowledge - INFO - process ingested knowledge for /app/data/T0015/307419/b5849in/keystone/packages/create/package.json
2026-01-18 18:37:24,294 - Knowledge - INFO - Worker kw9 processing /app/data/T0015/307419/b5849in/keystone/packages/core/src/___internal-do-not-use-will-break-in-patch/admin-ui/pages/ListPage/PaginationControls.tsx
2026-01-18 18:37:24,480 - Knowledge - INFO - process ingested knowledge for /app/data/T0015/307419/b5849in/keystone/tests/sandbox/keystone.ts
2026-01-18 18:37:24,568 - Knowledge - INFO - Fast-tracked /app/data/T0015/307419/b5849in/keystone/packages/core/src/admin-ui/templates/no-access.ts (ext=.ts, size=334)
2026-01-18 18:37:24,693 - Knowledge - INFO - Worker kw4 processing /app/data/T0015/307419/b5849in/keystone/packages/core/src/___internal-do-not-use-will-break-in-patch/admin-ui/pages/ItemPage/index.tsx
2026-01-18 18:37:24,800 - Knowledge - INFO - process ingested knowledge for /app/data/T0015/307419/b5849in/keystone/packages/create/README.md
2026-01-18 18:37:24,870 - Knowledge - INFO - Worker kw6 processing /app/data/T0015/307419/b5849in/keystone/packages/core/src/types/type-info.ts
2026-01-18 18:37:25,035 - Knowledge - INFO - [kw13] Queue=684, InProgress=0, PendingWorkers=20/20, Completed=526/1306 (40.3%)
2026-01-18 18:37:25,035 - Knowledge - INFO - Async storing batch of 8 embeddings
2026-01-18 18:37:25,035 - Knowledge - INFO - [kw14] Queue=684, InProgress=0, PendingWorkers=20/20, Completed=526/1306 (40.3%)
2026-01-18 18:37:25,035 - Knowledge - INFO - [WEBSOCKET] Sent: Type=unknown, Size: ?, Duration: 1074ms
2026-01-18 18:37:25,130 - Knowledge - INFO - Async storage completed for 8 embeddings
2026-01-18 18:37:25,367 - Knowledge - INFO - process ingested knowledge for /app/data/T0015/307419/b5849in/keystone/packages/create/starter/package.json
2026-01-18 18:37:25,392 - Knowledge - INFO - Worker kw9 processing /app/data/T0015/307419/b5849in/keystone/packages/core/src/___internal-do-not-use-will-break-in-patch/admin-ui/id-field-view.tsx
2026-01-18 18:37:25,553 - Knowledge - INFO - Worker kw10 processing /app/data/T0015/307419/b5849in/keystone/packages/core/src/admin-ui/templates/list.tsx
2026-01-18 18:37:25,579 - Knowledge - INFO - process ingested knowledge for /app/data/T0015/307419/b5849in/keystone/eslint.config.mjs
2026-01-18 18:37:25,642 - Knowledge - INFO - Worker kw4 processing /app/data/T0015/307419/b5849in/keystone/packages/core/src/___internal-do-not-use-will-break-in-patch/admin-ui/pages/HomePage/index.tsx
2026-01-18 18:37:25,652 - Knowledge - INFO - Fast-tracked /app/data/T0015/307419/b5849in/keystone/packages/core/src/admin-ui/components/GraphQLErrorNotice.tsx (small file (2027 bytes))
2026-01-18 18:37:25,778 - Knowledge - INFO - process ingested knowledge for /app/data/T0015/307419/b5849in/keystone/packages/create/cli.js
2026-01-18 18:37:25,804 - Knowledge - INFO - Fast-tracked /app/data/T0015/307419/b5849in/keystone/packages/core/src/types/type-info.ts (ext=.ts, size=918)
2026-01-18 18:37:25,897 - Knowledge - INFO - Batch sizing: calculated=8, max_allowed=10, queue=684, active_workers=20/20
2026-01-18 18:37:25,969 - Knowledge - INFO - Worker kw12 processing /app/data/T0015/307419/b5849in/keystone/packages/core/src/types/config/lists.ts
2026-01-18 18:37:26,078 - Knowledge - INFO - Batch sizing: calculated=8, max_allowed=10, queue=684, active_workers=20/20
2026-01-18 18:37:26,181 - Knowledge - INFO - Progress: 40.3% | Files: 526/1306 | Rate: 2.39 files/sec | Queue: 684
2026-01-18 18:37:26,477 - Knowledge - INFO - Worker kw9 processing /app/data/T0015/307419/b5849in/keystone/packages/core/src/___internal-do-not-use-will-break-in-patch/artifacts.ts
2026-01-18 18:37:26,491 - Knowledge - INFO - process ingested knowledge for /app/data/T0015/307419/b5849in/keystone/packages/create/starter/schema.ts
2026-01-18 18:37:26,491 - Knowledge - INFO - [kw17] Queue=684, InProgress=0, PendingWorkers=20/20, Completed=526/1306 (40.3%)
2026-01-18 18:37:26,536 - Knowledge - INFO - [kw20] Queue=684, InProgress=0, PendingWorkers=20/20, Completed=526/1306 (40.3%)
2026-01-18 18:37:26,588 - Knowledge - INFO - Fast-tracked /app/data/T0015/307419/b5849in/keystone/packages/core/src/admin-ui/templates/list.tsx (ext=.tsx, size=230)
2026-01-18 18:37:26,695 - Knowledge - INFO - process ingested knowledge for /app/data/T0015/307419/b5849in/keystone/SECURITY.md
2026-01-18 18:37:26,797 - Knowledge - INFO - Fast-tracked /app/data/T0015/307419/b5849in/keystone/packages/core/src/___internal-do-not-use-will-break-in-patch/admin-ui/pages/CreateItemPage/index.tsx (small file (2213 bytes))
2026-01-18 18:37:26,969 - Knowledge - INFO - process ingested knowledge for /app/data/T0015/307419/b5849in/keystone/packages/create/CHANGELOG.md
2026-01-18 18:37:27,052 - Knowledge - INFO - Worker kw6 processing /app/data/T0015/307419/b5849in/keystone/packages/core/src/types/next-fields.ts
2026-01-18 18:37:27,156 - Knowledge - INFO - Async storing batch of 8 embeddings
2026-01-18 18:37:27,233 - Knowledge - INFO - Worker kw12 processing /app/data/T0015/307419/b5849in/keystone/packages/core/src/types/config/fields.ts
2026-01-18 18:37:27,302 - Knowledge - INFO - Async storing batch of 8 embeddings
2026-01-18 18:37:27,406 - Knowledge - INFO - [kw8] Queue=668, InProgress=0, PendingWorkers=20/20, Completed=526/1306 (40.3%)
2026-01-18 18:37:27,497 - Knowledge - INFO - Fast-tracked /app/data/T0015/307419/b5849in/keystone/packages/core/src/___internal-do-not-use-will-break-in-patch/artifacts.ts (ext=.ts, size=256)
2026-01-18 18:37:27,572 - Knowledge - INFO - process ingested knowledge for /app/data/T0015/307419/b5849in/keystone/packages/create/starter/tsconfig.json
2026-01-18 18:37:27,691 - Knowledge - INFO - Batch sizing: calculated=8, max_allowed=10, queue=684, active_workers=20/20
2026-01-18 18:37:27,793 - Knowledge - INFO - Batch sizing: calculated=8, max_allowed=10, queue=684, active_workers=20/20
2026-01-18 18:37:27,858 - Knowledge - INFO - Async storage completed for 8 embeddings
2026-01-18 18:37:28,075 - Knowledge - INFO - process ingested knowledge for /app/data/T0015/307419/b5849in/keystone/CONTRIBUTING.md
2026-01-18 18:37:28,293 - Knowledge - INFO - process ingested knowledge for /app/data/T0015/307419/b5849in/keystone/packages/auth/pages/InitPage/package.json
2026-01-18 18:37:28,458 - Knowledge - INFO - Worker kw6 processing /app/data/T0015/307419/b5849in/keystone/packages/core/src/types/admin-meta.ts
2026-01-18 18:37:28,519 - Knowledge - INFO - Worker kw13 processing /app/data/T0015/307419/b5849in/keystone/packages/core/src/types/schema/g.ts
2026-01-18 18:37:28,639 - Knowledge - INFO - [LLM_CALL] Completed: getBaseAuthSchema.ts:chunk1, Duration: 13309ms, PromptTokens: 2524, CompletionTokens: 331, Cost: $0.00038
2026-01-18 18:37:28,643 - Knowledge - INFO - Worker kw12 processing /app/data/T0015/307419/b5849in/keystone/packages/core/src/types/config/hooks.ts
2026-01-18 18:37:28,733 - Knowledge - INFO - Worker kw14 processing /app/data/T0015/307419/b5849in/keystone/packages/core/src/types/type-tests.ts
2026-01-18 18:37:28,822 - Knowledge - INFO - Batch sizing: calculated=8, max_allowed=10, queue=668, active_workers=20/20
2026-01-18 18:37:28,913 - Knowledge - INFO - Worker kw9 processing /app/data/T0015/307419/b5849in/keystone/packages/core/src/context.ts
2026-01-18 18:37:28,998 - Knowledge - INFO - process ingested knowledge for /app/data/T0015/307419/b5849in/keystone/packages/create/starter/README.md
2026-01-18 18:37:29,432 - Knowledge - INFO - Async storage completed for 8 embeddings
2026-01-18 18:37:29,488 - Knowledge - INFO - process ingested knowledge for /app/data/T0015/307419/b5849in/keystone/packages/auth/pages/SigninPage/package.json
2026-01-18 18:37:29,552 - Knowledge - INFO - Worker kw6 processing /app/data/T0015/307419/b5849in/keystone/packages/core/src/types/context.ts
2026-01-18 18:37:29,680 - Knowledge - INFO - Fast-tracked /app/data/T0015/307419/b5849in/keystone/packages/core/src/types/schema/g.ts (ext=.ts, size=187)
2026-01-18 18:37:29,775 - Knowledge - INFO - done ingest for /app/data/T0015/307419/b5849in/keystone/packages/auth/src/gql/getBaseAuthSchema.ts
2026-01-18 18:37:29,776 - Knowledge - INFO - Async storing batch of 8 embeddings
2026-01-18 18:37:29,777 - Knowledge - INFO - Async storing batch of 8 embeddings
2026-01-18 18:37:29,867 - Knowledge - INFO - Worker kw12 processing /app/data/T0015/307419/b5849in/keystone/packages/core/src/types/config/access-control.ts
2026-01-18 18:37:29,951 - Knowledge - INFO - Fast-tracked /app/data/T0015/307419/b5849in/keystone/packages/core/src/types/type-tests.ts (ext=.ts, size=688)
2026-01-18 18:37:30,043 - Knowledge - INFO - Async storing batch of 8 embeddings
2026-01-18 18:37:30,126 - Knowledge - INFO - Fast-tracked /app/data/T0015/307419/b5849in/keystone/packages/core/src/context.ts (ext=.ts, size=42)
2026-01-18 18:37:30,391 - Knowledge - INFO - process ingested knowledge for /app/data/T0015/307419/b5849in/keystone/packages/create/starter/keystone.ts
2026-01-18 18:37:30,471 - Knowledge - INFO - process ingested knowledge for /app/data/T0015/307419/b5849in/keystone/packages/auth/src/pages/SigninPage.tsx
2026-01-18 18:37:30,480 - Knowledge - INFO - [kw15] Queue=644, InProgress=0, PendingWorkers=20/20, Completed=526/1306 (40.3%)
2026-01-18 18:37:30,688 - Knowledge - INFO - Worker kw13 processing /app/data/T0015/307419/b5849in/keystone/packages/core/src/types/schema/scalars.ts
2026-01-18 18:37:30,810 - Knowledge - INFO - Fast-tracked /app/data/T0015/307419/b5849in/keystone/packages/core/src/scripts/start.ts (small file (2289 bytes))
2026-01-18 18:37:30,922 - Knowledge - INFO - Worker kw17 processing /app/data/T0015/307419/b5849in/keystone/packages/core/src/fields/filters/providers/mysql.ts
2026-01-18 18:37:31,050 - Knowledge - INFO - Worker kw20 processing /app/data/T0015/307419/b5849in/keystone/packages/core/src/fields/types/file/views/index.tsx
2026-01-18 18:37:31,155 - Knowledge - INFO - Worker kw12 processing /app/data/T0015/307419/b5849in/keystone/packages/core/src/types/config/index.ts
2026-01-18 18:37:31,248 - Knowledge - INFO - Worker kw14 processing /app/data/T0015/307419/b5849in/keystone/packages/core/src/index.ts
2026-01-18 18:37:31,374 - Knowledge - INFO - Worker kw8 processing /app/data/T0015/307419/b5849in/keystone/packages/core/src/fields/types/timestamp/index.ts
2026-01-18 18:37:31,690 - Knowledge - INFO - process ingested knowledge for /app/data/T0015/307419/b5849in/keystone/packages/create/starter/auth.ts
2026-01-18 18:37:31,801 - Knowledge - INFO - process ingested knowledge for /app/data/T0015/307419/b5849in/keystone/packages/auth/src/pages/InitPage.tsx
2026-01-18 18:37:31,902 - Knowledge - INFO - Batch sizing: calculated=8, max_allowed=10, queue=644, active_workers=20/20
2026-01-18 18:37:32,010 - Knowledge - INFO - [LLM_CALL] Completed: index.ts:chunk1, Duration: 6975ms, PromptTokens: 4834, CompletionTokens: 547, Cost: $0.00070
2026-01-18 18:37:32,018 - Knowledge - INFO - Worker kw13 processing /app/data/T0015/307419/b5849in/keystone/packages/core/src/types/schema/gWithContext.ts
2026-01-18 18:37:32,131 - Knowledge - INFO - Async storage completed for 8 embeddings
2026-01-18 18:37:32,248 - Knowledge - INFO - Worker kw17 processing /app/data/T0015/307419/b5849in/keystone/packages/core/src/fields/filters/providers/sqlite.ts
2026-01-18 18:37:32,343 - Knowledge - INFO - Fast-tracked /app/data/T0015/307419/b5849in/keystone/packages/core/src/fields/types/file/views/index.tsx (ext=.tsx, size=1766)
2026-01-18 18:37:32,450 - Knowledge - INFO - Worker kw12 processing /app/data/T0015/307419/b5849in/keystone/packages/core/src/types/utils.ts
2026-01-18 18:37:32,532 - Knowledge - INFO - Fast-tracked /app/data/T0015/307419/b5849in/keystone/packages/core/src/index.ts (ext=.ts, size=468)
2026-01-18 18:37:32,612 - Knowledge - INFO - Worker kw8 processing /app/data/T0015/307419/b5849in/keystone/packages/core/src/fields/types/relationship/views/useFilter.tsx
2026-01-18 18:37:32,972 - Knowledge - INFO - process ingested knowledge for /app/data/T0015/307419/b5849in/keystone/packages/auth/src/gql/getInitFirstItemSchema.ts
2026-01-18 18:37:33,060 - Knowledge - INFO - done ingest for /app/data/T0015/307419/b5849in/keystone/packages/auth/src/index.ts
2026-01-18 18:37:33,090 - Knowledge - INFO - Async storing batch of 8 embeddings
2026-01-18 18:37:33,191 - Knowledge - INFO - Fast-tracked /app/data/T0015/307419/b5849in/keystone/packages/core/src/types/schema/gWithContext.ts (ext=.ts, size=579)
2026-01-18 18:37:33,488 - Knowledge - INFO - Worker kw17 processing /app/data/T0015/307419/b5849in/keystone/packages/core/src/fields/filters/index.ts
2026-01-18 18:37:33,526 - Knowledge - INFO - [LLM_CALL] Completed: dev.ts:chunk1, Duration: 10034ms, PromptTokens: 7466, CompletionTokens: 622, Cost: $0.00100
2026-01-18 18:37:33,644 - Knowledge - INFO - Worker kw20 processing /app/data/T0015/307419/b5849in/keystone/packages/core/src/fields/types/file/index.ts
2026-01-18 18:37:33,746 - Knowledge - INFO - Worker kw12 processing /app/data/T0015/307419/b5849in/keystone/packages/core/src/types/core.ts
2026-01-18 18:37:33,874 - Knowledge - INFO - Worker kw14 processing /app/data/T0015/307419/b5849in/keystone/packages/core/src/testing.ts
2026-01-18 18:37:34,006 - Knowledge - INFO - Worker kw8 processing /app/data/T0015/307419/b5849in/keystone/packages/core/src/fields/types/relationship/views/ComboboxSingle.tsx
2026-01-18 18:37:34,334 - Knowledge - INFO - Worker kw15 processing /app/data/T0015/307419/b5849in/keystone/packages/core/src/fields/types/relationship/views/useApolloQuery.ts
2026-01-18 18:37:34,361 - Knowledge - INFO - Async storage completed for 8 embeddings
2026-01-18 18:37:34,452 - Knowledge - INFO - Worker kw13 processing /app/data/T0015/307419/b5849in/keystone/packages/core/src/types/schema/index.ts
2026-01-18 18:37:34,538 - Knowledge - INFO - Fast-tracked /app/data/T0015/307419/b5849in/keystone/packages/core/src/fields/filters/index.ts (ext=.ts, size=38)
2026-01-18 18:37:34,570 - Knowledge - INFO - Async storage completed for 8 embeddings
2026-01-18 18:37:34,624 - Knowledge - INFO - done ingest for /app/data/T0015/307419/b5849in/keystone/packages/core/src/scripts/dev.ts
2026-01-18 18:37:34,624 - Knowledge - INFO - done ingest for /app/data/T0015/307419/b5849in/keystone/packages/cloudinary/src/index.ts
2026-01-18 18:37:34,660 - Knowledge - INFO - [kw3] Queue=636, InProgress=0, PendingWorkers=20/20, Completed=527/1306 (40.4%)
2026-01-18 18:37:34,687 - Knowledge - INFO - Processing batch of 8 files
2026-01-18 18:37:34,707 - Knowledge - INFO - Worker kw20 processing /app/data/T0015/307419/b5849in/keystone/packages/core/src/fields/types/calendarDay/views/index.tsx
2026-01-18 18:37:34,779 - Knowledge - INFO - Fast-tracked /app/data/T0015/307419/b5849in/keystone/packages/core/src/types/core.ts (ext=.ts, size=477)
2026-01-18 18:37:34,872 - Knowledge - INFO - Fast-tracked /app/data/T0015/307419/b5849in/keystone/packages/core/src/testing.ts (ext=.ts, size=496)
2026-01-18 18:37:34,949 - Knowledge - INFO - Worker kw8 processing /app/data/T0015/307419/b5849in/keystone/packages/core/src/fields/types/relationship/views/types.ts
2026-01-18 18:37:35,020 - Knowledge - INFO - Worker kw15 processing /app/data/T0015/307419/b5849in/keystone/packages/core/src/fields/types/relationship/index.ts
2026-01-18 18:37:35,111 - Knowledge - INFO - [kw19] Queue=636, InProgress=0, PendingWorkers=20/20, Completed=534/1306 (40.9%)
2026-01-18 18:37:35,183 - Knowledge - INFO - Fast-tracked /app/data/T0015/307419/b5849in/keystone/packages/core/src/types/schema/index.ts (ext=.ts, size=195)
2026-01-18 18:37:35,310 - Knowledge - INFO - Worker kw17 processing /app/data/T0015/307419/b5849in/keystone/packages/core/src/fields/filters/enum-filter.ts
2026-01-18 18:37:35,604 - Knowledge - INFO - Processing batch of 8 files
2026-01-18 18:37:35,844 - Knowledge - INFO - Batch sizing: calculated=8, max_allowed=10, queue=636, active_workers=20/20
2026-01-18 18:37:35,919 - Knowledge - INFO - process ingested knowledge for /app/data/T0015/307419/b5849in/keystone/packages/auth/src/gql/getBaseAuthSchema.ts
2026-01-18 18:37:36,126 - Knowledge - INFO - Worker kw20 processing /app/data/T0015/307419/b5849in/keystone/packages/core/src/fields/types/calendarDay/index.ts
2026-01-18 18:37:36,312 - Knowledge - INFO - Worker kw12 processing /app/data/T0015/307419/b5849in/keystone/packages/core/src/types/prisma.ts
2026-01-18 18:37:36,331 - Knowledge - INFO - [LLM_CALL] Completed: test-fixtures.skip.ts:chunk1, Duration: 14807ms, PromptTokens: 2358, CompletionTokens: 355, Cost: $0.00038
2026-01-18 18:37:36,457 - Knowledge - INFO - Worker kw14 processing /app/data/T0015/307419/b5849in/keystone/packages/core/src/pkg-dir.ts
2026-01-18 18:37:36,556 - Knowledge - INFO - Fast-tracked /app/data/T0015/307419/b5849in/keystone/packages/core/src/fields/types/relationship/views/types.ts (ext=.ts, size=1146)
2026-01-18 18:37:36,667 - Knowledge - INFO - Worker kw15 processing /app/data/T0015/307419/b5849in/keystone/packages/core/src/fields/types/json/views/index.tsx
2026-01-18 18:37:36,763 - Knowledge - INFO - Batch sizing: calculated=8, max_allowed=10, queue=636, active_workers=20/20
2026-01-18 18:37:36,913 - Knowledge - INFO - Worker kw13 processing /app/data/T0015/307419/b5849in/keystone/packages/core/src/types/schema/legacy-alias.d.ts
2026-01-18 18:37:37,110 - Knowledge - INFO - Worker kw17 processing /app/data/T0015/307419/b5849in/keystone/packages/core/src/fields/types/select/views/SegmentedControl.tsx
2026-01-18 18:37:37,203 - Knowledge - INFO - process ingested knowledge for /app/data/T0015/307419/b5849in/keystone/packages/cloudinary/package.json
2026-01-18 18:37:37,458 - Knowledge - INFO - process ingested knowledge for /app/data/T0015/307419/b5849in/keystone/packages/auth/src/types.ts
2026-01-18 18:37:37,600 - Knowledge - INFO - Worker kw20 processing /app/data/T0015/307419/b5849in/keystone/packages/core/src/fields/types/timestamp/views/utils.ts
2026-01-18 18:37:37,736 - Knowledge - INFO - Fast-tracked /app/data/T0015/307419/b5849in/keystone/packages/core/src/types/prisma.ts (ext=.ts, size=545)
2026-01-18 18:37:37,852 - Knowledge - INFO - done ingest for /app/data/T0015/307419/b5849in/keystone/packages/cloudinary/src/test-fixtures.skip.ts
2026-01-18 18:37:37,868 - Knowledge - INFO - Async storing batch of 8 embeddings
2026-01-18 18:37:38,045 - Knowledge - INFO - Fast-tracked /app/data/T0015/307419/b5849in/keystone/packages/core/src/pkg-dir.ts (ext=.ts, size=175)
2026-01-18 18:37:38,116 - Knowledge - INFO - Worker kw8 processing /app/data/T0015/307419/b5849in/keystone/packages/core/src/fields/types/relationship/views/index.tsx
2026-01-18 18:37:38,255 - Knowledge - INFO - Worker kw15 processing /app/data/T0015/307419/b5849in/keystone/packages/core/src/fields/types/json/index.ts
2026-01-18 18:37:38,358 - Knowledge - INFO - Async storing batch of 8 embeddings
2026-01-18 18:37:38,571 - Knowledge - INFO - Fast-tracked /app/data/T0015/307419/b5849in/keystone/packages/core/src/types/schema/legacy-alias.d.ts (ext=.ts, size=1119)
2026-01-18 18:37:38,667 - Knowledge - INFO - [LLM_CALL] Completed: cli.ts:chunk1, Duration: 17143ms, PromptTokens: 2602, CompletionTokens: 379, Cost: $0.00041
2026-01-18 18:37:38,717 - Knowledge - INFO - Worker kw17 processing /app/data/T0015/307419/b5849in/keystone/packages/core/src/fields/types/select/views/index.tsx
2026-01-18 18:37:38,759 - Knowledge - INFO - process ingested knowledge for /app/data/T0015/307419/b5849in/keystone/packages/cloudinary/views/package.json
2026-01-18 18:37:38,873 - Knowledge - INFO - process ingested knowledge for /app/data/T0015/307419/b5849in/keystone/packages/auth/src/components/Navigation.tsx
2026-01-18 18:37:38,917 - Knowledge - INFO - Fast-tracked /app/data/T0015/307419/b5849in/keystone/packages/core/src/___internal-do-not-use-will-break-in-patch/admin-ui/pages/ListPage/Tag.tsx (small file (2053 bytes))
2026-01-18 18:37:39,047 - Knowledge - INFO - Fast-tracked /app/data/T0015/307419/b5849in/keystone/packages/core/src/fields/types/timestamp/views/utils.ts (ext=.ts, size=386)
2026-01-18 18:37:39,441 - Knowledge - INFO - Worker kw3 processing /app/data/T0015/307419/b5849in/keystone/packages/core/src/fields/types/text/views/index.tsx
2026-01-18 18:37:39,517 - Knowledge - INFO - Worker kw14 processing /app/data/T0015/307419/b5849in/keystone/packages/core/src/fields/non-null-graphql.ts
2026-01-18 18:37:39,612 - Knowledge - INFO - Worker kw8 processing /app/data/T0015/307419/b5849in/keystone/packages/core/src/fields/types/relationship/views/ContextualActions.tsx
2026-01-18 18:37:39,737 - Knowledge - INFO - Worker kw15 processing /app/data/T0015/307419/b5849in/keystone/packages/core/src/fields/types/float/views/index.tsx
2026-01-18 18:37:39,835 - Knowledge - INFO - Worker kw19 processing /app/data/T0015/307419/b5849in/keystone/packages/core/src/fields/types/image/index.ts
2026-01-18 18:37:39,925 - Knowledge - INFO - Worker kw13 processing /app/data/T0015/307419/b5849in/keystone/packages/core/src/types/schema/legacy-alias.js
2026-01-18 18:37:40,005 - Knowledge - INFO - done ingest for /app/data/T0015/307419/b5849in/keystone/packages/core/src/scripts/cli.ts
2026-01-18 18:37:40,006 - Knowledge - INFO - [LLM_CALL] Completed: Errors.tsx:chunk1, Duration: 13133ms, PromptTokens: 2436, CompletionTokens: 304, Cost: $0.00037
2026-01-18 18:37:40,100 - Knowledge - INFO - Worker kw17 processing /app/data/T0015/307419/b5849in/keystone/packages/core/src/fields/types/select/index.ts
2026-01-18 18:37:40,192 - Knowledge - INFO - process ingested knowledge for /app/data/T0015/307419/b5849in/keystone/packages/cloudinary/CHANGELOG.md
2026-01-18 18:37:40,279 - Knowledge - INFO - process ingested knowledge for /app/data/T0015/307419/b5849in/keystone/packages/auth/src/schema.ts
2026-01-18 18:37:40,458 - Knowledge - INFO - Worker kw20 processing /app/data/T0015/307419/b5849in/keystone/packages/core/src/fields/types/timestamp/views/index.tsx
2026-01-18 18:37:40,536 - Knowledge - INFO - Worker kw3 processing /app/data/T0015/307419/b5849in/keystone/packages/core/src/fields/types/text/index.ts
2026-01-18 18:37:40,673 - Knowledge - INFO - Worker kw14 processing /app/data/T0015/307419/b5849in/keystone/packages/core/src/fields/resolve-hooks.ts
2026-01-18 18:37:40,753 - Knowledge - INFO - Worker kw8 processing /app/data/T0015/307419/b5849in/keystone/packages/core/src/fields/types/relationship/views/ComboboxMany.tsx
2026-01-18 18:37:40,824 - Knowledge - INFO - Worker kw15 processing /app/data/T0015/307419/b5849in/keystone/packages/core/src/fields/types/float/index.ts
2026-01-18 18:37:40,901 - Knowledge - INFO - Worker kw19 processing /app/data/T0015/307419/b5849in/keystone/packages/core/src/fields/types/password/views/index.tsx
2026-01-18 18:37:40,993 - Knowledge - INFO - Fast-tracked /app/data/T0015/307419/b5849in/keystone/packages/core/src/types/schema/legacy-alias.js (ext=.js, size=35)
2026-01-18 18:37:41,505 - Knowledge - INFO - done ingest for /app/data/T0015/307419/b5849in/keystone/packages/core/src/admin-ui/components/Errors.tsx
2026-01-18 18:37:41,527 - Knowledge - INFO - [LLM_CALL] Completed: generateAdminUI.ts:chunk1, Duration: 13475ms, PromptTokens: 3294, CompletionTokens: 528, Cost: $0.00054
2026-01-18 18:37:41,650 - Knowledge - INFO - Worker kw17 processing /app/data/T0015/307419/b5849in/keystone/packages/core/src/fields/types/file/views/Field.tsx
2026-01-18 18:37:41,788 - Knowledge - INFO - process ingested knowledge for /app/data/T0015/307419/b5849in/keystone/packages/core/scripts/cli/package.json
2026-01-18 18:37:41,887 - Knowledge - INFO - process ingested knowledge for /app/data/T0015/307419/b5849in/keystone/packages/auth/src/index.ts
2026-01-18 18:37:42,014 - Knowledge - INFO - Worker kw20 processing /app/data/T0015/307419/b5849in/keystone/packages/core/src/fields/types/timestamp/views/__tests__/utils.tsx
2026-01-18 18:37:42,087 - Knowledge - INFO - Worker kw3 processing /app/data/T0015/307419/b5849in/keystone/packages/core/src/fields/types/bigInt/views/index.tsx
2026-01-18 18:37:42,133 - Knowledge - INFO - Async storage completed for 8 embeddings
2026-01-18 18:37:42,159 - Knowledge - INFO - Worker kw14 processing /app/data/T0015/307419/b5849in/keystone/packages/core/src/fields/filters/internal.ts
2026-01-18 18:37:42,248 - Knowledge - INFO - Worker kw8 processing /app/data/T0015/307419/b5849in/keystone/packages/core/src/fields/types/relationship/views/RelationshipTable.tsx
2026-01-18 18:37:42,328 - Knowledge - INFO - Worker kw15 processing /app/data/T0015/307419/b5849in/keystone/packages/core/src/fields/types/integer/views/index.tsx
2026-01-18 18:37:42,444 - Knowledge - INFO - Worker kw19 processing /app/data/T0015/307419/b5849in/keystone/packages/core/src/fields/types/password/index.ts
2026-01-18 18:37:42,543 - Knowledge - INFO - Worker kw13 processing /app/data/T0015/307419/b5849in/keystone/packages/core/src/types/session.ts
2026-01-18 18:37:42,742 - Knowledge - INFO - done ingest for /app/data/T0015/307419/b5849in/keystone/packages/core/src/admin-ui/system/generateAdminUI.ts
2026-01-18 18:37:42,746 - Knowledge - INFO - [LLM_CALL] Completed: esbuild.ts:chunk1, Duration: 17711ms, PromptTokens: 2830, CompletionTokens: 336, Cost: $0.00042
2026-01-18 18:37:42,947 - Knowledge - INFO - process ingested knowledge for /app/data/T0015/307419/b5849in/keystone/packages/core/scripts/package.json
2026-01-18 18:37:43,076 - Knowledge - INFO - process ingested knowledge for /app/data/T0015/307419/b5849in/keystone/packages/auth/src/lib/useFromRedirect.ts
2026-01-18 18:37:43,340 - Knowledge - INFO - Fast-tracked /app/data/T0015/307419/b5849in/keystone/packages/core/src/fields/types/timestamp/views/__tests__/utils.tsx (ext=.tsx, size=670)
2026-01-18 18:37:43,343 - Knowledge - INFO - Worker kw3 processing /app/data/T0015/307419/b5849in/keystone/packages/core/src/fields/types/bigInt/index.ts
2026-01-18 18:37:43,610 - Knowledge - INFO - Worker kw14 processing /app/data/T0015/307419/b5849in/keystone/packages/core/src/fields/filters/providers/postgresql.ts
2026-01-18 18:37:43,870 - Knowledge - INFO - Fast-tracked /app/data/T0015/307419/b5849in/keystone/packages/core/src/types/config/fields.ts (small file (2847 bytes))
2026-01-18 18:37:43,904 - Knowledge - INFO - Worker kw15 processing /app/data/T0015/307419/b5849in/keystone/packages/core/src/fields/types/integer/index.ts
2026-01-18 18:37:44,013 - Knowledge - INFO - Worker kw19 processing /app/data/T0015/307419/b5849in/keystone/packages/core/src/fields/types/multiselect/views/index.tsx
2026-01-18 18:37:44,103 - Knowledge - INFO - Fast-tracked /app/data/T0015/307419/b5849in/keystone/packages/core/src/types/session.ts (ext=.ts, size=878)
2026-01-18 18:37:44,311 - Knowledge - INFO - done ingest for /app/data/T0015/307419/b5849in/keystone/packages/core/src/scripts/esbuild.ts
2026-01-18 18:37:44,312 - Knowledge - INFO - [LLM_CALL] Completed: context.tsx:chunk1, Duration: 22788ms, PromptTokens: 4802, CompletionTokens: 516, Cost: $0.00069
2026-01-18 18:37:44,430 - Knowledge - INFO - process ingested knowledge for /app/data/T0015/307419/b5849in/keystone/packages/core/src/scripts/telemetry.ts
2026-01-18 18:37:44,553 - Knowledge - INFO - process ingested knowledge for /app/data/T0015/307419/b5849in/keystone/packages/auth/src/templates/init.ts
2026-01-18 18:37:44,634 - Knowledge - INFO - Worker kw20 processing /app/data/T0015/307419/b5849in/keystone/packages/core/src/fields/types/timestamp/views/__tests__/index.tsx
2026-01-18 18:37:44,730 - Knowledge - INFO - Worker kw3 processing /app/data/T0015/307419/b5849in/keystone/packages/core/src/fields/types/image/internal-utils.ts
2026-01-18 18:37:45,123 - Knowledge - INFO - Worker kw19 processing /app/data/T0015/307419/b5849in/keystone/packages/core/src/fields/types/multiselect/index.ts
2026-01-18 18:37:45,241 - Knowledge - INFO - Worker kw13 processing /app/data/T0015/307419/b5849in/keystone/packages/core/src/types/index.ts
2026-01-18 18:37:45,646 - Knowledge - INFO - done ingest for /app/data/T0015/307419/b5849in/keystone/packages/core/src/admin-ui/context.tsx
2026-01-18 18:37:45,769 - Knowledge - INFO - process ingested knowledge for /app/data/T0015/307419/b5849in/keystone/packages/core/src/scripts/dev.ts
2026-01-18 18:37:45,876 - Knowledge - INFO - process ingested knowledge for /app/data/T0015/307419/b5849in/keystone/packages/auth/src/templates/signin.ts
2026-01-18 18:37:45,896 - Knowledge - INFO - [LLM_CALL] Completed: migrate.ts:chunk1, Duration: 26065ms, PromptTokens: 3992, CompletionTokens: 567, Cost: $0.00063
2026-01-18 18:37:45,964 - Knowledge - INFO - Fast-tracked /app/data/T0015/307419/b5849in/keystone/packages/core/src/fields/types/timestamp/views/__tests__/index.tsx (ext=.tsx, size=1448)
2026-01-18 18:37:46,056 - Knowledge - INFO - Fast-tracked /app/data/T0015/307419/b5849in/keystone/packages/core/src/fields/types/image/internal-utils.ts (ext=.ts, size=1431)
2026-01-18 18:37:46,242 - Knowledge - INFO - Worker kw19 processing /app/data/T0015/307419/b5849in/keystone/packages/core/src/fields/types/virtual/views/index.tsx
2026-01-18 18:37:46,557 - Knowledge - INFO - Fast-tracked /app/data/T0015/307419/b5849in/keystone/packages/core/src/types/index.ts (ext=.ts, size=211)
2026-01-18 18:37:46,987 - Knowledge - INFO - process ingested knowledge for /app/data/T0015/307419/b5849in/keystone/packages/core/src/scripts/utils.ts
2026-01-18 18:37:47,364 - Knowledge - INFO - done ingest for /app/data/T0015/307419/b5849in/keystone/packages/core/src/scripts/migrate.ts
2026-01-18 18:37:47,366 - Knowledge - INFO - Processing batch of 8 files
2026-01-18 18:37:47,582 - Knowledge - INFO - Worker kw3 processing /app/data/T0015/307419/b5849in/keystone/packages/core/src/fields/types/image/utils.ts
2026-01-18 18:37:47,705 - Knowledge - INFO - Fast-tracked /app/data/T0015/307419/b5849in/keystone/packages/core/src/fields/types/virtual/views/index.tsx (ext=.tsx, size=1587)
2026-01-18 18:37:47,959 - Knowledge - INFO - [LLM_CALL] Completed: PageContainer.tsx:chunk1, Duration: 10083ms, PromptTokens: 2628, CompletionTokens: 381, Cost: $0.00042
2026-01-18 18:37:48,142 - Knowledge - INFO - process ingested knowledge for /app/data/T0015/307419/b5849in/keystone/packages/auth/src/templates/config.ts
2026-01-18 18:37:48,223 - Knowledge - INFO - Fast-tracked /app/data/T0015/307419/b5849in/keystone/packages/core/src/fields/types/image/utils.ts (ext=.ts, size=81)
2026-01-18 18:37:48,306 - Knowledge - INFO - Worker kw19 processing /app/data/T0015/307419/b5849in/keystone/packages/core/src/fields/types/virtual/index.ts
2026-01-18 18:37:48,384 - Knowledge - INFO - done ingest for /app/data/T0015/307419/b5849in/keystone/packages/core/src/admin-ui/components/PageContainer.tsx
2026-01-18 18:37:48,583 - Knowledge - INFO - Worker kw3 processing /app/data/T0015/307419/b5849in/keystone/packages/core/src/fields/types/image/views/Field.tsx
2026-01-18 18:37:48,596 - Knowledge - INFO - process ingested knowledge for /app/data/T0015/307419/b5849in/keystone/packages/auth/package.json
2026-01-18 18:37:48,617 - Knowledge - INFO - Processing batch of 8 files
2026-01-18 18:37:48,662 - Knowledge - INFO - Worker kw19 processing /app/data/T0015/307419/b5849in/keystone/packages/core/src/fields/types/bytes/views/index.tsx
2026-01-18 18:37:48,860 - Knowledge - INFO - Worker kw3 processing /app/data/T0015/307419/b5849in/keystone/packages/core/src/fields/types/image/views/index.tsx
2026-01-18 18:37:48,956 - Knowledge - INFO - [LLM_CALL] Completed: WelcomeDialog.tsx:chunk1, Duration: 23921ms, PromptTokens: 2630, CompletionTokens: 344, Cost: $0.00040
2026-01-18 18:37:49,044 - Knowledge - INFO - process ingested knowledge for /app/data/T0015/307419/b5849in/keystone/packages/core/src/admin-ui/index.tsx
2026-01-18 18:37:49,052 - Knowledge - INFO - process ingested knowledge for /app/data/T0015/307419/b5849in/keystone/packages/auth/components/Navigation/package.json
2026-01-18 18:37:49,312 - Knowledge - INFO - done ingest for /app/data/T0015/307419/b5849in/keystone/packages/core/src/admin-ui/components/WelcomeDialog.tsx
2026-01-18 18:37:49,315 - Knowledge - INFO - [WEBSOCKET] Sent: Type=progress_update, Size: 294, Duration: 0ms
2026-01-18 18:37:49,402 - Knowledge - INFO - process ingested knowledge for /app/data/T0015/307419/b5849in/keystone/packages/core/src/admin-ui/system/index.ts
2026-01-18 18:37:49,523 - Knowledge - INFO - process ingested knowledge for /app/data/T0015/307419/b5849in/keystone/packages/auth/README.md
2026-01-18 18:37:49,878 - Knowledge - INFO - Processing batch of 8 files
2026-01-18 18:37:49,892 - Knowledge - INFO - [kw1] Queue=620, InProgress=0, PendingWorkers=20/20, Completed=572/1306 (43.8%)
2026-01-18 18:37:49,912 - Knowledge - INFO - [WEBSOCKET] Sent: Type=unknown, Size: ?, Duration: 597ms
2026-01-18 18:37:49,976 - Knowledge - INFO - process ingested knowledge for /app/data/T0015/307419/b5849in/keystone/packages/core/src/admin-ui/system/generateAdminUI.ts
2026-01-18 18:37:50,047 - Knowledge - INFO - process ingested knowledge for /app/data/T0015/307419/b5849in/keystone/packages/auth/CHANGELOG.md
2026-01-18 18:37:50,079 - Knowledge - INFO - Async storage completed for 8 embeddings
2026-01-18 18:37:50,161 - Knowledge - INFO - process ingested knowledge for /app/data/T0015/307419/b5849in/keystone/packages/core/src/admin-ui/image.tsx
2026-01-18 18:37:50,252 - Knowledge - INFO - Batch sizing: calculated=8, max_allowed=10, queue=620, active_workers=20/20
2026-01-18 18:37:50,330 - Knowledge - INFO - Progress: 43.7% | Files: 572/1306 | Rate: 2.33 files/sec | Queue: 620
2026-01-18 18:37:50,330 - Knowledge - INFO - [LLM_CALL] Completed: Navigation.tsx:chunk1, Duration: 19311ms, PromptTokens: 3374, CompletionTokens: 631, Cost: $0.00059
2026-01-18 18:37:50,406 - Knowledge - INFO - process ingested knowledge for /app/data/T0015/307419/b5849in/keystone/packages/core/src/admin-ui/templates/item.tsx
2026-01-18 18:37:50,477 - Knowledge - INFO - process ingested knowledge for /app/data/T0015/307419/b5849in/keystone/packages/cloudinary/src/views/index.tsx
2026-01-18 18:37:50,660 - Knowledge - INFO - process ingested knowledge for /app/data/T0015/307419/b5849in/keystone/packages/core/src/admin-ui/apollo.tsx
2026-01-18 18:37:50,830 - Knowledge - INFO - [kw7] Queue=612, InProgress=0, PendingWorkers=20/20, Completed=572/1306 (43.8%)
2026-01-18 18:37:50,920 - Knowledge - INFO - done ingest for /app/data/T0015/307419/b5849in/keystone/packages/core/src/admin-ui/components/Navigation.tsx
2026-01-18 18:37:50,921 - Knowledge - INFO - Async storing batch of 8 embeddings
2026-01-18 18:37:50,959 - Knowledge - INFO - Processing batch of 8 files
2026-01-18 18:37:51,009 - Knowledge - INFO - process ingested knowledge for /app/data/T0015/307419/b5849in/keystone/packages/core/src/admin-ui/templates/app.ts
2026-01-18 18:37:51,079 - Knowledge - INFO - process ingested knowledge for /app/data/T0015/307419/b5849in/keystone/packages/cloudinary/src/test-fixtures.skip.ts
2026-01-18 18:37:51,190 - Knowledge - INFO - process ingested knowledge for /app/data/T0015/307419/b5849in/keystone/packages/core/src/admin-ui/context.tsx
2026-01-18 18:37:51,273 - Knowledge - INFO - Batch sizing: calculated=8, max_allowed=10, queue=612, active_workers=20/20
2026-01-18 18:37:51,426 - Knowledge - INFO - Processing batch of 8 files
2026-01-18 18:37:51,452 - Knowledge - INFO - Worker kw1 processing /app/data/T0015/307419/b5849in/keystone/packages/core/src/fields/types/bytes/index.ts
2026-01-18 18:37:51,539 - Knowledge - INFO - process ingested knowledge for /app/data/T0015/307419/b5849in/keystone/packages/core/src/scripts/migrate.ts
2026-01-18 18:37:51,651 - Knowledge - INFO - process ingested knowledge for /app/data/T0015/307419/b5849in/keystone/packages/core/src/admin-ui/templates/home.ts
2026-01-18 18:37:51,786 - Knowledge - INFO - process ingested knowledge for /app/data/T0015/307419/b5849in/keystone/packages/cloudinary/src/index.ts
2026-01-18 18:37:51,868 - Knowledge - INFO - process ingested knowledge for /app/data/T0015/307419/b5849in/keystone/packages/core/src/admin-ui/components/CellContainer.tsx
2026-01-18 18:37:51,981 - Knowledge - INFO - Async storing batch of 8 embeddings
2026-01-18 18:37:52,084 - Knowledge - INFO - process ingested knowledge for /app/data/T0015/307419/b5849in/keystone/packages/core/src/admin-ui/components/Logo.tsx
2026-01-18 18:37:52,186 - Knowledge - INFO - Worker kw1 processing /app/data/T0015/307419/b5849in/keystone/packages/core/src/fields/types/checkbox/views/index.tsx
2026-01-18 18:37:52,257 - Knowledge - INFO - process ingested knowledge for /app/data/T0015/307419/b5849in/keystone/packages/core/src/scripts/prisma.ts
2026-01-18 18:37:52,333 - Knowledge - INFO - process ingested knowledge for /app/data/T0015/307419/b5849in/keystone/packages/core/src/admin-ui/templates/no-access.ts
2026-01-18 18:37:52,621 - Knowledge - INFO - process ingested knowledge for /app/data/T0015/307419/b5849in/keystone/packages/core/src/admin-ui/components/CreateItemDialog.tsx
2026-01-18 18:37:52,648 - Knowledge - INFO - Worker kw7 processing /app/data/T0015/307419/b5849in/keystone/packages/core/src/lib/migrations.ts
2026-01-18 18:37:52,756 - Knowledge - INFO - process ingested knowledge for /app/data/T0015/307419/b5849in/keystone/packages/core/src/admin-ui/components/NullableFieldWrapper.tsx
2026-01-18 18:37:52,881 - Knowledge - INFO - Worker kw1 processing /app/data/T0015/307419/b5849in/keystone/packages/core/src/fields/types/checkbox/index.ts
2026-01-18 18:37:52,981 - Knowledge - INFO - process ingested knowledge for /app/data/T0015/307419/b5849in/keystone/packages/core/src/scripts/build.ts
2026-01-18 18:37:53,097 - Knowledge - INFO - process ingested knowledge for /app/data/T0015/307419/b5849in/keystone/packages/core/src/admin-ui/templates/list.tsx
2026-01-18 18:37:53,121 - Knowledge - INFO - process ingested knowledge for /app/data/T0015/307419/b5849in/keystone/packages/core/src/admin-ui/components/Container.tsx
2026-01-18 18:37:53,223 - Knowledge - INFO - Worker kw7 processing /app/data/T0015/307419/b5849in/keystone/packages/core/src/lib/admin-meta.ts
2026-01-18 18:37:53,326 - Knowledge - INFO - process ingested knowledge for /app/data/T0015/307419/b5849in/keystone/packages/core/src/admin-ui/components/WelcomeDialog.tsx
2026-01-18 18:37:53,345 - Knowledge - INFO - [kw2] Queue=604, InProgress=0, PendingWorkers=20/20, Completed=582/1306 (44.6%)
2026-01-18 18:37:53,401 - Knowledge - INFO - Worker kw1 processing /app/data/T0015/307419/b5849in/keystone/packages/core/src/fields/types/decimal/views/index.tsx
2026-01-18 18:37:53,475 - Knowledge - INFO - process ingested knowledge for /app/data/T0015/307419/b5849in/keystone/packages/core/src/scripts/cli.ts
2026-01-18 18:37:53,865 - Knowledge - INFO - Worker kw7 processing /app/data/T0015/307419/b5849in/keystone/packages/core/src/lib/prompts.ts
2026-01-18 18:37:54,124 - Knowledge - INFO - process ingested knowledge for /app/data/T0015/307419/b5849in/keystone/packages/core/src/admin-ui/components/GraphQLErrorNotice.tsx
2026-01-18 18:37:54,124 - Knowledge - INFO - process ingested knowledge for /app/data/T0015/307419/b5849in/keystone/packages/core/src/admin-ui/components/Navigation.tsx
2026-01-18 18:37:54,131 - Knowledge - INFO - Batch sizing: calculated=8, max_allowed=10, queue=604, active_workers=20/20
2026-01-18 18:37:54,199 - Knowledge - INFO - Worker kw1 processing /app/data/T0015/307419/b5849in/keystone/packages/core/src/fields/types/decimal/index.ts
2026-01-18 18:37:54,366 - Knowledge - INFO - process ingested knowledge for /app/data/T0015/307419/b5849in/keystone/packages/core/src/scripts/esbuild.ts
2026-01-18 18:37:54,426 - Knowledge - INFO - Fast-tracked /app/data/T0015/307419/b5849in/keystone/packages/core/src/lib/prompts.ts (ext=.ts, size=695)
2026-01-18 18:37:54,573 - Knowledge - INFO - process ingested knowledge for /app/data/T0015/307419/b5849in/keystone/packages/core/src/admin-ui/components/Errors.tsx
2026-01-18 18:37:54,594 - Knowledge - INFO - process ingested knowledge for /app/data/T0015/307419/b5849in/keystone/packages/core/src/admin-ui/components/EmptyState.tsx
2026-01-18 18:37:54,713 - Knowledge - INFO - Async storing batch of 8 embeddings
2026-01-18 18:37:54,798 - Knowledge - INFO - Worker kw1 processing /app/data/T0015/307419/b5849in/keystone/packages/core/src/fields/index.ts
2026-01-18 18:37:54,979 - Knowledge - INFO - process ingested knowledge for /app/data/T0015/307419/b5849in/keystone/packages/core/src/scripts/index.ts
2026-01-18 18:37:54,981 - Knowledge - INFO - Worker kw7 processing /app/data/T0015/307419/b5849in/keystone/packages/core/src/lib/system.ts
2026-01-18 18:37:55,015 - Knowledge - INFO - [kw10] Queue=596, InProgress=0, PendingWorkers=20/20, Completed=582/1306 (44.6%)
2026-01-18 18:37:55,191 - Knowledge - INFO - process ingested knowledge for /app/data/T0015/307419/b5849in/keystone/packages/core/src/admin-ui/components/PageContainer.tsx
2026-01-18 18:37:55,240 - Knowledge - INFO - Worker kw2 processing /app/data/T0015/307419/b5849in/keystone/packages/core/src/lib/core/prisma-schema-printer.ts
2026-01-18 18:37:55,375 - Knowledge - INFO - Fast-tracked /app/data/T0015/307419/b5849in/keystone/packages/core/src/fields/index.ts (ext=.ts, size=1700)
2026-01-18 18:37:55,634 - Knowledge - INFO - Worker kw7 processing /app/data/T0015/307419/b5849in/keystone/packages/core/src/lib/utils.ts
2026-01-18 18:37:55,739 - Knowledge - INFO - Batch sizing: calculated=8, max_allowed=10, queue=596, active_workers=20/20
2026-01-18 18:37:55,836 - Knowledge - INFO - process ingested knowledge for /app/data/T0015/307419/b5849in/keystone/packages/core/src/scripts/start.ts
2026-01-18 18:37:55,855 - Knowledge - INFO - process ingested knowledge for /app/data/T0015/307419/b5849in/keystone/packages/core/src/admin-ui/components/index.ts
2026-01-18 18:37:56,043 - Knowledge - INFO - Worker kw2 processing /app/data/T0015/307419/b5849in/keystone/packages/core/src/lib/core/where-inputs.ts
2026-01-18 18:37:56,143 - Knowledge - INFO - Worker kw1 processing /app/data/T0015/307419/b5849in/keystone/packages/core/src/lib/telemetry.ts
2026-01-18 18:37:56,347 - Knowledge - INFO - Fast-tracked /app/data/T0015/307419/b5849in/keystone/packages/core/src/lib/utils.ts (ext=.ts, size=656)
2026-01-18 18:37:56,473 - Knowledge - INFO - Async storing batch of 8 embeddings
2026-01-18 18:37:56,834 - Knowledge - INFO - Worker kw2 processing /app/data/T0015/307419/b5849in/keystone/packages/core/src/lib/core/mutations/nested-mutation-one-input-resolvers.ts
2026-01-18 18:37:56,909 - Knowledge - INFO - process ingested knowledge for /app/data/T0015/307419/b5849in/keystone/packages/core/src/graphql-ts.ts
2026-01-18 18:37:56,923 - Knowledge - INFO - process ingested knowledge for /app/data/T0015/307419/b5849in/keystone/packages/core/src/admin-ui/components/CreateButtonLink.tsx
2026-01-18 18:37:56,944 - Knowledge - INFO - Worker kw1 processing /app/data/T0015/307419/b5849in/keystone/packages/core/src/lib/graphql.ts
2026-01-18 18:37:57,013 - Knowledge - INFO - [LLM_CALL] Completed: common.tsx:chunk1, Duration: 28719ms, PromptTokens: 5192, CompletionTokens: 378, Cost: $0.00067
2026-01-18 18:37:57,033 - Knowledge - INFO - Worker kw7 processing /app/data/T0015/307419/b5849in/keystone/packages/core/src/lib/admin-meta-graphql.ts
2026-01-18 18:37:57,137 - Knowledge - INFO - Worker kw10 processing /app/data/T0015/307419/b5849in/keystone/packages/core/src/lib/core/queries/resolvers.ts
2026-01-18 18:37:57,215 - Knowledge - INFO - Fast-tracked /app/data/T0015/307419/b5849in/keystone/packages/core/src/fields/resolve-hooks.ts (small file (2023 bytes))
2026-01-18 18:37:57,220 - Knowledge - INFO - Worker kw2 processing /app/data/T0015/307419/b5849in/keystone/packages/core/src/lib/core/mutations/index.ts
2026-01-18 18:37:57,651 - Knowledge - INFO - done ingest for /app/data/T0015/307419/b5849in/keystone/packages/core/src/___internal-do-not-use-will-break-in-patch/admin-ui/pages/ItemPage/common.tsx
2026-01-18 18:37:57,717 - Knowledge - INFO - [kw16] Queue=588, InProgress=0, PendingWorkers=20/20, Completed=582/1306 (44.6%)
2026-01-18 18:37:57,734 - Knowledge - INFO - Worker kw7 processing /app/data/T0015/307419/b5849in/keystone/packages/core/src/lib/otel.ts
2026-01-18 18:37:57,825 - Knowledge - INFO - Worker kw10 processing /app/data/T0015/307419/b5849in/keystone/packages/core/src/lib/core/queries/index.ts
2026-01-18 18:37:57,915 - Knowledge - INFO - Fast-tracked /app/data/T0015/307419/b5849in/keystone/packages/core/src/fields/filters/internal.ts (small file (2273 bytes))
2026-01-18 18:37:57,989 - Knowledge - INFO - Worker kw2 processing /app/data/T0015/307419/b5849in/keystone/packages/core/src/lib/core/mutations/nested-mutation-many-input-resolvers.ts
2026-01-18 18:37:58,271 - Knowledge - INFO - Batch sizing: calculated=8, max_allowed=10, queue=588, active_workers=20/20
2026-01-18 18:37:58,357 - Knowledge - INFO - Fast-tracked /app/data/T0015/307419/b5849in/keystone/packages/core/src/lib/otel.ts (ext=.ts, size=1217)
2026-01-18 18:37:58,449 - Knowledge - INFO - Fast-tracked /app/data/T0015/307419/b5849in/keystone/packages/core/src/lib/core/queries/index.ts (ext=.ts, size=1823)
2026-01-18 18:37:58,631 - Knowledge - INFO - [LLM_CALL] Completed: index.tsx:chunk1, Duration: 9315ms, PromptTokens: 7574, CompletionTokens: 613, Cost: $0.00100
2026-01-18 18:37:58,639 - Knowledge - INFO - Worker kw2 processing /app/data/T0015/307419/b5849in/keystone/packages/core/src/lib/core/initialise-lists.ts
2026-01-18 18:37:58,804 - Knowledge - INFO - Worker kw7 processing /app/data/T0015/307419/b5849in/keystone/packages/core/src/lib/coerceAndValidateForGraphQLInput.ts
2026-01-18 18:37:58,883 - Knowledge - INFO - Worker kw10 processing /app/data/T0015/307419/b5849in/keystone/packages/core/src/lib/core/queries/output-field.ts
2026-01-18 18:37:58,962 - Knowledge - INFO - done ingest for /app/data/T0015/307419/b5849in/keystone/packages/core/src/___internal-do-not-use-will-break-in-patch/admin-ui/pages/ItemPage/index.tsx
2026-01-18 18:37:58,963 - Knowledge - INFO - [kw18] Queue=580, InProgress=0, PendingWorkers=20/20, Completed=582/1306 (44.6%)
2026-01-18 18:37:58,963 - Knowledge - INFO - Async storing batch of 8 embeddings
2026-01-18 18:37:58,998 - Knowledge - INFO - [kw5] Queue=580, InProgress=0, PendingWorkers=20/20, Completed=582/1306 (44.6%)
2026-01-18 18:37:59,050 - Knowledge - INFO - Worker kw2 processing /app/data/T0015/307419/b5849in/keystone/packages/core/src/lib/core/utils.ts
2026-01-18 18:37:59,124 - Knowledge - INFO - Fast-tracked /app/data/T0015/307419/b5849in/keystone/packages/core/src/lib/coerceAndValidateForGraphQLInput.ts (ext=.ts, size=994)
2026-01-18 18:37:59,212 - Knowledge - INFO - Worker kw10 processing /app/data/T0015/307419/b5849in/keystone/packages/core/src/lib/core/field-assertions.ts
2026-01-18 18:37:59,381 - Knowledge - INFO - done ingest for /app/data/T0015/307419/b5849in/keystone/packages/core/src/___internal-do-not-use-will-break-in-patch/admin-ui/pages/HomePage/index.tsx
2026-01-18 18:37:59,412 - Knowledge - INFO - Batch sizing: calculated=8, max_allowed=10, queue=580, active_workers=20/20
2026-01-18 18:37:59,490 - Knowledge - INFO - Worker kw16 processing /app/data/T0015/307419/b5849in/keystone/packages/core/src/lib/context/graphql.ts
2026-01-18 18:37:59,567 - Knowledge - INFO - Batch sizing: calculated=8, max_allowed=10, queue=580, active_workers=20/20
2026-01-18 18:37:59,654 - Knowledge - INFO - Worker kw2 processing /app/data/T0015/307419/b5849in/keystone/packages/core/src/lib/core/graphql-errors.ts
2026-01-18 18:37:59,694 - Knowledge - INFO - Async storage completed for 8 embeddings
2026-01-18 18:37:59,751 - Knowledge - INFO - Fast-tracked /app/data/T0015/307419/b5849in/keystone/packages/core/src/lib/migrations.ts (small file (2399 bytes))
2026-01-18 18:37:59,845 - Knowledge - INFO - Worker kw10 processing /app/data/T0015/307419/b5849in/keystone/packages/core/src/lib/core/hooks.ts
2026-01-18 18:38:00,016 - Knowledge - INFO - Processing batch of 8 files
2026-01-18 18:38:00,052 - Knowledge - INFO - Async storing batch of 8 embeddings
2026-01-18 18:38:00,141 - Knowledge - INFO - Worker kw16 processing /app/data/T0015/307419/b5849in/keystone/packages/core/src/lib/context/createContext.ts
2026-01-18 18:38:00,221 - Knowledge - INFO - Async storing batch of 8 embeddings
2026-01-18 18:38:00,658 - Knowledge - INFO - Worker kw10 processing /app/data/T0015/307419/b5849in/keystone/packages/core/src/lib/core/access-control.ts
2026-01-18 18:38:00,736 - Knowledge - INFO - process ingested knowledge for /app/data/T0015/307419/b5849in/keystone/packages/core/src/admin-ui/templates/create-item.ts
2026-01-18 18:38:00,832 - Knowledge - INFO - Worker kw18 processing /app/data/T0015/307419/b5849in/keystone/packages/core/static/dev-loading.html
2026-01-18 18:38:00,919 - Knowledge - INFO - Worker kw16 processing /app/data/T0015/307419/b5849in/keystone/packages/core/src/lib/context/api.ts
2026-01-18 18:38:01,038 - Knowledge - INFO - Worker kw5 processing /app/data/T0015/307419/b5849in/keystone/packages/core/session/package.json
2026-01-18 18:38:01,167 - Knowledge - INFO - Worker kw10 processing /app/data/T0015/307419/b5849in/keystone/packages/core/src/lib/core/filter-order-access.ts
2026-01-18 18:38:01,251 - Knowledge - INFO - process ingested knowledge for /app/data/T0015/307419/b5849in/keystone/packages/core/src/admin-ui/templates/index.ts
2026-01-18 18:38:01,378 - Knowledge - INFO - Worker kw18 processing /app/data/T0015/307419/b5849in/keystone/packages/core/static/admin-error.html
2026-01-18 18:38:01,456 - Knowledge - INFO - Worker kw16 processing /app/data/T0015/307419/b5849in/keystone/packages/core/src/lib/id-field.ts
2026-01-18 18:38:01,576 - Knowledge - INFO - Fast-tracked /app/data/T0015/307419/b5849in/keystone/packages/core/session/package.json (ext=.json, size=103)
2026-01-18 18:38:01,646 - Knowledge - INFO - Fast-tracked /app/data/T0015/307419/b5849in/keystone/packages/core/src/lib/core/filter-order-access.ts (ext=.ts, size=1701)
2026-01-18 18:38:01,767 - Knowledge - INFO - process ingested knowledge for /app/data/T0015/307419/b5849in/keystone/packages/core/src/admin-ui/templates/next-config.ts
2026-01-18 18:38:01,887 - Knowledge - INFO - Fast-tracked /app/data/T0015/307419/b5849in/keystone/packages/core/static/admin-error.html (ext=.html, size=1388)
2026-01-18 18:38:01,971 - Knowledge - INFO - Worker kw16 processing /app/data/T0015/307419/b5849in/keystone/packages/core/src/lib/middleware.ts
2026-01-18 18:38:02,080 - Knowledge - INFO - Worker kw5 processing /app/data/T0015/307419/b5849in/keystone/packages/core/package.json
2026-01-18 18:38:02,184 - Knowledge - INFO - Worker kw10 processing /app/data/T0015/307419/b5849in/keystone/packages/core/src/lib/core/resolve-relationships.ts
2026-01-18 18:38:02,263 - Knowledge - INFO - process ingested knowledge for /app/data/T0015/307419/b5849in/keystone/packages/core/src/___internal-do-not-use-will-break-in-patch/admin-ui/pages/CreateItemPage/index.tsx
2026-01-18 18:38:02,342 - Knowledge - INFO - Worker kw18 processing /app/data/T0015/307419/b5849in/keystone/packages/core/admin-ui/components/package.json
2026-01-18 18:38:02,428 - Knowledge - INFO - Worker kw16 processing /app/data/T0015/307419/b5849in/keystone/packages/core/src/lib/typescript-schema-printer.ts
2026-01-18 18:38:02,525 - Knowledge - INFO - Fast-tracked /app/data/T0015/307419/b5849in/keystone/packages/core/package.json (ext=.json, size=19155)
2026-01-18 18:38:02,711 - Knowledge - INFO - process ingested knowledge for /app/data/T0015/307419/b5849in/keystone/packages/core/src/___internal-do-not-use-will-break-in-patch/admin-ui/pages/NoAccessPage/index.tsx
2026-01-18 18:38:02,792 - Knowledge - INFO - Fast-tracked /app/data/T0015/307419/b5849in/keystone/packages/core/admin-ui/components/package.json (ext=.json, size=127)
2026-01-18 18:38:02,859 - Knowledge - INFO - Worker kw16 processing /app/data/T0015/307419/b5849in/keystone/packages/core/src/lib/express.ts
2026-01-18 18:38:02,964 - Knowledge - INFO - Worker kw5 processing /app/data/T0015/307419/b5849in/keystone/packages/core/access/package.json
2026-01-18 18:38:03,056 - Knowledge - INFO - process ingested knowledge for /app/data/T0015/307419/b5849in/keystone/packages/core/src/___internal-do-not-use-will-break-in-patch/admin-ui/pages/ItemPage/common.tsx
2026-01-18 18:38:03,131 - Knowledge - INFO - Worker kw18 processing /app/data/T0015/307419/b5849in/keystone/packages/core/admin-ui/router/package.json
2026-01-18 18:38:03,250 - Knowledge - INFO - Worker kw16 processing /app/data/T0015/307419/b5849in/keystone/packages/core/src/access.ts
2026-01-18 18:38:03,334 - Knowledge - INFO - Fast-tracked /app/data/T0015/307419/b5849in/keystone/packages/core/access/package.json (ext=.json, size=101)
2026-01-18 18:38:03,443 - Knowledge - INFO - process ingested knowledge for /app/data/T0015/307419/b5849in/keystone/packages/core/src/___internal-do-not-use-will-break-in-patch/admin-ui/pages/ItemPage/index.tsx
2026-01-18 18:38:03,501 - Knowledge - INFO - Async storage completed for 8 embeddings
2026-01-18 18:38:03,532 - Knowledge - INFO - Fast-tracked /app/data/T0015/307419/b5849in/keystone/packages/core/admin-ui/router/package.json (ext=.json, size=119)
2026-01-18 18:38:03,623 - Knowledge - INFO - Fast-tracked /app/data/T0015/307419/b5849in/keystone/packages/core/src/access.ts (ext=.ts, size=456)
2026-01-18 18:38:03,711 - Knowledge - INFO - Worker kw5 processing /app/data/T0015/307419/b5849in/keystone/packages/core/___internal-do-not-use-will-break-in-patch/admin-ui/pages/CreateItemPage/package.json
2026-01-18 18:38:03,820 - Knowledge - INFO - process ingested knowledge for /app/data/T0015/307419/b5849in/keystone/packages/core/src/___internal-do-not-use-will-break-in-patch/admin-ui/pages/HomePage/index.tsx
2026-01-18 18:38:04,019 - Knowledge - INFO - Worker kw18 processing /app/data/T0015/307419/b5849in/keystone/packages/core/admin-ui/utils/package.json
2026-01-18 18:38:04,198 - Knowledge - INFO - Fast-tracked /app/data/T0015/307419/b5849in/keystone/packages/core/___internal-do-not-use-will-break-in-patch/admin-ui/pages/CreateItemPage/package.json (ext=.json, size=233)
2026-01-18 18:38:04,368 - Knowledge - INFO - Fast-tracked /app/data/T0015/307419/b5849in/keystone/packages/core/admin-ui/utils/package.json (ext=.json, size=117)
2026-01-18 18:38:04,460 - Knowledge - INFO - Worker kw5 processing /app/data/T0015/307419/b5849in/keystone/packages/core/___internal-do-not-use-will-break-in-patch/admin-ui/pages/NoAccessPage/package.json
2026-01-18 18:38:04,558 - Knowledge - INFO - Worker kw18 processing /app/data/T0015/307419/b5849in/keystone/packages/core/admin-ui/context/package.json
2026-01-18 18:38:04,639 - Knowledge - INFO - Fast-tracked /app/data/T0015/307419/b5849in/keystone/packages/core/___internal-do-not-use-will-break-in-patch/admin-ui/pages/NoAccessPage/package.json (ext=.json, size=229)
2026-01-18 18:38:04,808 - Knowledge - INFO - Fast-tracked /app/data/T0015/307419/b5849in/keystone/packages/core/src/fields/types/json/views/index.tsx (small file (2137 bytes))
2026-01-18 18:38:04,814 - Knowledge - INFO - Fast-tracked /app/data/T0015/307419/b5849in/keystone/packages/core/admin-ui/context/package.json (ext=.json, size=121)
2026-01-18 18:38:04,892 - Knowledge - INFO - Worker kw5 processing /app/data/T0015/307419/b5849in/keystone/packages/core/___internal-do-not-use-will-break-in-patch/admin-ui/pages/ItemPage/package.json
2026-01-18 18:38:05,069 - Knowledge - INFO - Fast-tracked /app/data/T0015/307419/b5849in/keystone/packages/core/src/fields/types/json/index.ts (small file (2150 bytes))
2026-01-18 18:38:05,192 - Knowledge - INFO - Worker kw18 processing /app/data/T0015/307419/b5849in/keystone/packages/core/admin-ui/image/package.json
2026-01-18 18:38:05,336 - Knowledge - INFO - Fast-tracked /app/data/T0015/307419/b5849in/keystone/packages/core/___internal-do-not-use-will-break-in-patch/admin-ui/pages/ItemPage/package.json (ext=.json, size=221)
2026-01-18 18:38:05,541 - Knowledge - INFO - Fast-tracked /app/data/T0015/307419/b5849in/keystone/packages/core/admin-ui/image/package.json (ext=.json, size=117)
2026-01-18 18:38:05,617 - Knowledge - INFO - Worker kw5 processing /app/data/T0015/307419/b5849in/keystone/packages/core/___internal-do-not-use-will-break-in-patch/admin-ui/pages/HomePage/package.json
2026-01-18 18:38:05,845 - Knowledge - INFO - Worker kw18 processing /app/data/T0015/307419/b5849in/keystone/packages/core/admin-ui/apollo/package.json
2026-01-18 18:38:05,969 - Knowledge - INFO - Fast-tracked /app/data/T0015/307419/b5849in/keystone/packages/core/___internal-do-not-use-will-break-in-patch/admin-ui/pages/HomePage/package.json (ext=.json, size=221)
2026-01-18 18:38:06,010 - Knowledge - INFO - [LLM_CALL] Completed: scalars.ts:chunk1, Duration: 18096ms, PromptTokens: 4872, CompletionTokens: 450, Cost: $0.00067
2026-01-18 18:38:06,099 - Knowledge - INFO - Fast-tracked /app/data/T0015/307419/b5849in/keystone/packages/core/admin-ui/apollo/package.json (ext=.json, size=119)
2026-01-18 18:38:06,167 - Knowledge - INFO - Worker kw5 processing /app/data/T0015/307419/b5849in/keystone/packages/core/___internal-do-not-use-will-break-in-patch/admin-ui/pages/App/package.json
2026-01-18 18:38:06,308 - Knowledge - INFO - done ingest for /app/data/T0015/307419/b5849in/keystone/packages/core/src/types/schema/scalars.ts
2026-01-18 18:38:06,308 - Knowledge - INFO - [kw4] Queue=564, InProgress=0, PendingWorkers=20/20, Completed=590/1306 (45.2%)
2026-01-18 18:38:06,542 - Knowledge - INFO - Fast-tracked /app/data/T0015/307419/b5849in/keystone/packages/core/___internal-do-not-use-will-break-in-patch/admin-ui/pages/App/package.json (ext=.json, size=211)
2026-01-18 18:38:06,667 - Knowledge - INFO - Processing batch of 8 files
2026-01-18 18:38:06,698 - Knowledge - INFO - Batch sizing: calculated=8, max_allowed=10, queue=564, active_workers=20/20
2026-01-18 18:38:06,802 - Knowledge - INFO - Async storage completed for 8 embeddings
2026-01-18 18:38:06,880 - Knowledge - INFO - process ingested knowledge for /app/data/T0015/307419/b5849in/keystone/packages/core/src/types/schema/g.ts
2026-01-18 18:38:07,000 - Knowledge - INFO - Async storing batch of 8 embeddings
2026-01-18 18:38:07,110 - Knowledge - INFO - Processing batch of 8 files
2026-01-18 18:38:07,190 - Knowledge - INFO - process ingested knowledge for /app/data/T0015/307419/b5849in/keystone/packages/core/src/types/schema/scalars.ts
2026-01-18 18:38:07,271 - Knowledge - INFO - Worker kw4 processing /app/data/T0015/307419/b5849in/keystone/packages/core/___internal-do-not-use-will-break-in-patch/admin-ui/pages/ListPage/package.json
2026-01-18 18:38:07,348 - Knowledge - INFO - process ingested knowledge for /app/data/T0015/307419/b5849in/keystone/packages/core/session/package.json
2026-01-18 18:38:07,402 - Knowledge - INFO - Async storage completed for 8 embeddings
2026-01-18 18:38:07,460 - Knowledge - INFO - process ingested knowledge for /app/data/T0015/307419/b5849in/keystone/packages/core/src/types/schema/gWithContext.ts
2026-01-18 18:38:07,574 - Knowledge - INFO - Fast-tracked /app/data/T0015/307419/b5849in/keystone/packages/core/___internal-do-not-use-will-break-in-patch/admin-ui/pages/ListPage/package.json (ext=.json, size=221)
2026-01-18 18:38:07,649 - Knowledge - INFO - process ingested knowledge for /app/data/T0015/307419/b5849in/keystone/packages/core/package.json
2026-01-18 18:38:07,813 - Knowledge - INFO - process ingested knowledge for /app/data/T0015/307419/b5849in/keystone/packages/core/src/types/schema/index.ts
2026-01-18 18:38:07,884 - Knowledge - INFO - Worker kw4 processing /app/data/T0015/307419/b5849in/keystone/packages/core/___internal-do-not-use-will-break-in-patch/admin-ui/next-config/package.json
2026-01-18 18:38:08,024 - Knowledge - INFO - process ingested knowledge for /app/data/T0015/307419/b5849in/keystone/packages/core/access/package.json
2026-01-18 18:38:08,212 - Knowledge - INFO - process ingested knowledge for /app/data/T0015/307419/b5849in/keystone/packages/core/src/types/schema/legacy-alias.d.ts
2026-01-18 18:38:08,292 - Knowledge - INFO - Fast-tracked /app/data/T0015/307419/b5849in/keystone/packages/core/___internal-do-not-use-will-break-in-patch/admin-ui/next-config/package.json (ext=.json, size=215)
2026-01-18 18:38:08,394 - Knowledge - INFO - process ingested knowledge for /app/data/T0015/307419/b5849in/keystone/packages/core/___internal-do-not-use-will-break-in-patch/admin-ui/pages/CreateItemPage/package.json
2026-01-18 18:38:08,462 - Knowledge - INFO - process ingested knowledge for /app/data/T0015/307419/b5849in/keystone/packages/core/src/types/schema/legacy-alias.js
2026-01-18 18:38:08,555 - Knowledge - INFO - Worker kw4 processing /app/data/T0015/307419/b5849in/keystone/packages/core/___internal-do-not-use-will-break-in-patch/admin-ui/id-field-view/package.json
2026-01-18 18:38:08,638 - Knowledge - INFO - process ingested knowledge for /app/data/T0015/307419/b5849in/keystone/packages/core/___internal-do-not-use-will-break-in-patch/admin-ui/pages/NoAccessPage/package.json
2026-01-18 18:38:08,717 - Knowledge - INFO - process ingested knowledge for /app/data/T0015/307419/b5849in/keystone/packages/core/src/types/session.ts
2026-01-18 18:38:08,797 - Knowledge - INFO - Fast-tracked /app/data/T0015/307419/b5849in/keystone/packages/core/___internal-do-not-use-will-break-in-patch/admin-ui/id-field-view/package.json (ext=.json, size=219)
2026-01-18 18:38:08,872 - Knowledge - INFO - process ingested knowledge for /app/data/T0015/307419/b5849in/keystone/packages/core/___internal-do-not-use-will-break-in-patch/admin-ui/pages/ItemPage/package.json
2026-01-18 18:38:08,955 - Knowledge - INFO - process ingested knowledge for /app/data/T0015/307419/b5849in/keystone/packages/core/src/types/index.ts
2026-01-18 18:38:09,032 - Knowledge - INFO - Worker kw4 processing /app/data/T0015/307419/b5849in/keystone/packages/core/___internal-do-not-use-will-break-in-patch/artifacts/package.json
2026-01-18 18:38:09,106 - Knowledge - INFO - process ingested knowledge for /app/data/T0015/307419/b5849in/keystone/packages/core/___internal-do-not-use-will-break-in-patch/admin-ui/pages/HomePage/package.json
2026-01-18 18:38:09,328 - Knowledge - INFO - Fast-tracked /app/data/T0015/307419/b5849in/keystone/packages/core/___internal-do-not-use-will-break-in-patch/artifacts/package.json (ext=.json, size=193)
2026-01-18 18:38:09,433 - Knowledge - INFO - process ingested knowledge for /app/data/T0015/307419/b5849in/keystone/packages/core/___internal-do-not-use-will-break-in-patch/admin-ui/pages/App/package.json
2026-01-18 18:38:09,517 - Knowledge - INFO - Worker kw4 processing /app/data/T0015/307419/b5849in/keystone/packages/core/testing/package.json
2026-01-18 18:38:09,732 - Knowledge - INFO - Fast-tracked /app/data/T0015/307419/b5849in/keystone/packages/core/testing/package.json (ext=.json, size=103)
2026-01-18 18:38:09,976 - Knowledge - INFO - Worker kw4 processing /app/data/T0015/307419/b5849in/keystone/packages/core/schema/package.json
2026-01-18 18:38:10,152 - Knowledge - INFO - Fast-tracked /app/data/T0015/307419/b5849in/keystone/packages/core/src/fields/filters/enum-filter.ts (small file (2485 bytes))
2026-01-18 18:38:10,202 - Knowledge - INFO - Fast-tracked /app/data/T0015/307419/b5849in/keystone/packages/core/schema/package.json (ext=.json, size=101)
2026-01-18 18:38:10,323 - Knowledge - INFO - Fast-tracked /app/data/T0015/307419/b5849in/keystone/packages/core/src/fields/types/select/views/SegmentedControl.tsx (small file (2345 bytes))
2026-01-18 18:38:10,415 - Knowledge - INFO - Worker kw4 processing /app/data/T0015/307419/b5849in/keystone/packages/core/tsconfig.json
2026-01-18 18:38:10,601 - Knowledge - INFO - Fast-tracked /app/data/T0015/307419/b5849in/keystone/packages/core/tsconfig.json (ext=.json, size=517)
2026-01-18 18:38:10,785 - Knowledge - INFO - Worker kw4 processing /app/data/T0015/307419/b5849in/keystone/packages/core/system/package.json
2026-01-18 18:38:10,971 - Knowledge - INFO - Fast-tracked /app/data/T0015/307419/b5849in/keystone/packages/core/system/package.json (ext=.json, size=101)
2026-01-18 18:38:11,123 - Knowledge - INFO - Async storage completed for 8 embeddings
2026-01-18 18:38:11,149 - Knowledge - INFO - [WEBSOCKET] Sent: Type=progress_update, Size: 293, Duration: 4ms
2026-01-18 18:38:11,421 - Knowledge - INFO - Processing batch of 8 files
2026-01-18 18:38:11,422 - Knowledge - INFO - [WEBSOCKET] Sent: Type=unknown, Size: ?, Duration: 278ms
2026-01-18 18:38:11,703 - Knowledge - INFO - process ingested knowledge for /app/data/T0015/307419/b5849in/keystone/packages/core/___internal-do-not-use-will-break-in-patch/admin-ui/pages/ListPage/package.json
2026-01-18 18:38:11,972 - Knowledge - INFO - Progress: 46.4% | Files: 614/1306 | Rate: 2.30 files/sec | Queue: 556
2026-01-18 18:38:11,985 - Knowledge - INFO - [kw5] Queue=556, InProgress=0, PendingWorkers=20/20, Completed=614/1306 (47.0%)
2026-01-18 18:38:12,079 - Knowledge - INFO - process ingested knowledge for /app/data/T0015/307419/b5849in/keystone/packages/core/___internal-do-not-use-will-break-in-patch/admin-ui/next-config/package.json
2026-01-18 18:38:12,219 - Knowledge - INFO - [kw13] Queue=556, InProgress=0, PendingWorkers=20/20, Completed=614/1306 (47.0%)
2026-01-18 18:38:12,315 - Knowledge - INFO - Batch sizing: calculated=8, max_allowed=10, queue=556, active_workers=20/20
2026-01-18 18:38:12,325 - Knowledge - INFO - [LLM_CALL] Completed: admin-meta-graphql.ts:chunk1, Duration: 46142ms, PromptTokens: 2068, CompletionTokens: 238, Cost: $0.00030
2026-01-18 18:38:12,778 - Knowledge - INFO - process ingested knowledge for /app/data/T0015/307419/b5849in/keystone/packages/core/___internal-do-not-use-will-break-in-patch/admin-ui/id-field-view/package.json
2026-01-18 18:38:12,904 - Knowledge - INFO - Batch sizing: calculated=8, max_allowed=10, queue=556, active_workers=20/20
2026-01-18 18:38:13,130 - Knowledge - INFO - done ingest for /app/data/T0015/307419/b5849in/keystone/packages/core/src/admin-ui/admin-meta-graphql.ts
2026-01-18 18:38:13,132 - Knowledge - INFO - [LLM_CALL] Completed: non-null-graphql.ts:chunk1, Duration: 27461ms, PromptTokens: 2458, CompletionTokens: 348, Cost: $0.00039
2026-01-18 18:38:13,132 - Knowledge - INFO - Async storing batch of 8 embeddings
2026-01-18 18:38:13,212 - Knowledge - INFO - Fast-tracked /app/data/T0015/307419/b5849in/keystone/packages/core/src/fields/types/checkbox/views/index.tsx (small file (2794 bytes))
2026-01-18 18:38:13,256 - Knowledge - INFO - process ingested knowledge for /app/data/T0015/307419/b5849in/keystone/packages/core/___internal-do-not-use-will-break-in-patch/artifacts/package.json
2026-01-18 18:38:13,577 - Knowledge - INFO - done ingest for /app/data/T0015/307419/b5849in/keystone/packages/core/src/fields/non-null-graphql.ts
2026-01-18 18:38:13,578 - Knowledge - INFO - Async storing batch of 8 embeddings
2026-01-18 18:38:13,687 - Knowledge - INFO - Worker kw5 processing /app/data/T0015/307419/b5849in/keystone/packages/core/context/package.json
2026-01-18 18:38:13,862 - Knowledge - INFO - Fast-tracked /app/data/T0015/307419/b5849in/keystone/packages/core/src/fields/types/checkbox/index.ts (small file (2406 bytes))
2026-01-18 18:38:13,954 - Knowledge - INFO - process ingested knowledge for /app/data/T0015/307419/b5849in/keystone/packages/core/testing/package.json
2026-01-18 18:38:14,083 - Knowledge - INFO - [LLM_CALL] Completed: Fields.tsx:chunk1, Duration: 40626ms, PromptTokens: 4662, CompletionTokens: 430, Cost: $0.00064
2026-01-18 18:38:14,217 - Knowledge - INFO - Worker kw13 processing /app/data/T0015/307419/b5849in/keystone/packages/core/fields/types/file/utils/package.json
2026-01-18 18:38:14,325 - Knowledge - INFO - Fast-tracked /app/data/T0015/307419/b5849in/keystone/packages/core/context/package.json (ext=.json, size=103)
2026-01-18 18:38:14,506 - Knowledge - INFO - process ingested knowledge for /app/data/T0015/307419/b5849in/keystone/packages/core/schema/package.json
2026-01-18 18:38:14,582 - Knowledge - INFO - done ingest for /app/data/T0015/307419/b5849in/keystone/packages/core/src/admin-ui/utils/Fields.tsx
2026-01-18 18:38:14,583 - Knowledge - INFO - [LLM_CALL] Completed: postgresql.ts:chunk1, Duration: 16015ms, PromptTokens: 9474, CompletionTokens: 281, Cost: $0.00106
2026-01-18 18:38:14,694 - Knowledge - INFO - Fast-tracked /app/data/T0015/307419/b5849in/keystone/packages/core/fields/types/file/utils/package.json (ext=.json, size=135)
2026-01-18 18:38:14,778 - Knowledge - INFO - Worker kw5 processing /app/data/T0015/307419/b5849in/keystone/packages/core/types/package.json
2026-01-18 18:38:14,858 - Knowledge - INFO - process ingested knowledge for /app/data/T0015/307419/b5849in/keystone/packages/core/tsconfig.json
2026-01-18 18:38:15,127 - Knowledge - INFO - done ingest for /app/data/T0015/307419/b5849in/keystone/packages/core/src/fields/filters/providers/postgresql.ts
2026-01-18 18:38:15,230 - Knowledge - INFO - Worker kw13 processing /app/data/T0015/307419/b5849in/keystone/packages/core/fields/types/calendarDay/views/package.json
2026-01-18 18:38:15,462 - Knowledge - INFO - Fast-tracked /app/data/T0015/307419/b5849in/keystone/packages/core/types/package.json (ext=.json, size=99)
2026-01-18 18:38:15,539 - Knowledge - INFO - process ingested knowledge for /app/data/T0015/307419/b5849in/keystone/packages/core/system/package.json
2026-01-18 18:38:15,831 - Knowledge - INFO - Fast-tracked /app/data/T0015/307419/b5849in/keystone/packages/core/fields/types/calendarDay/views/package.json (ext=.json, size=149)
2026-01-18 18:38:15,880 - Knowledge - INFO - [LLM_CALL] Completed: useCreateItem.ts:chunk1, Duration: 24558ms, PromptTokens: 3282, CompletionTokens: 419, Cost: $0.00050
2026-01-18 18:38:15,959 - Knowledge - INFO - Worker kw5 processing /app/data/T0015/307419/b5849in/keystone/packages/core/README.md
2026-01-18 18:38:16,189 - Knowledge - INFO - Worker kw13 processing /app/data/T0015/307419/b5849in/keystone/packages/core/fields/types/timestamp/views/package.json
2026-01-18 18:38:16,305 - Knowledge - INFO - done ingest for /app/data/T0015/307419/b5849in/keystone/packages/core/src/admin-ui/utils/useCreateItem.ts
2026-01-18 18:38:16,386 - Knowledge - INFO - Fast-tracked /app/data/T0015/307419/b5849in/keystone/packages/core/README.md (ext=.md, size=354)
2026-01-18 18:38:16,481 - Knowledge - INFO - Fast-tracked /app/data/T0015/307419/b5849in/keystone/packages/core/fields/types/timestamp/views/package.json (ext=.json, size=145)
2026-01-18 18:38:16,510 - Knowledge - INFO - Processing batch of 8 files
2026-01-18 18:38:16,667 - Knowledge - INFO - Worker kw5 processing /app/data/T0015/307419/b5849in/keystone/packages/core/graphql-ts/package.json
2026-01-18 18:38:16,723 - Knowledge - INFO - [LLM_CALL] Completed: utils.tsx:chunk1, Duration: 33980ms, PromptTokens: 2748, CompletionTokens: 475, Cost: $0.00046
2026-01-18 18:38:16,786 - Knowledge - INFO - Worker kw13 processing /app/data/T0015/307419/b5849in/keystone/packages/core/fields/types/relationship/views/package.json
2026-01-18 18:38:16,891 - Knowledge - INFO - process ingested knowledge for /app/data/T0015/307419/b5849in/keystone/packages/core/src/types/type-tests.ts
2026-01-18 18:38:16,987 - Knowledge - INFO - Fast-tracked /app/data/T0015/307419/b5849in/keystone/packages/core/graphql-ts/package.json (ext=.json, size=109)
2026-01-18 18:38:17,068 - Knowledge - INFO - done ingest for /app/data/T0015/307419/b5849in/keystone/packages/core/src/admin-ui/utils/utils.tsx
2026-01-18 18:38:17,150 - Knowledge - INFO - Fast-tracked /app/data/T0015/307419/b5849in/keystone/packages/core/fields/types/relationship/views/package.json (ext=.json, size=151)
2026-01-18 18:38:17,231 - Knowledge - INFO - [kw4] Queue=540, InProgress=0, PendingWorkers=20/20, Completed=622/1306 (47.6%)
2026-01-18 18:38:17,240 - Knowledge - INFO - process ingested knowledge for /app/data/T0015/307419/b5849in/keystone/packages/core/src/index.ts
2026-01-18 18:38:17,355 - Knowledge - INFO - Worker kw5 processing /app/data/T0015/307419/b5849in/keystone/packages/core/tests/telemetry.test.ts
2026-01-18 18:38:17,539 - Knowledge - INFO - Processing batch of 8 files
2026-01-18 18:38:17,562 - Knowledge - INFO - Worker kw13 processing /app/data/T0015/307419/b5849in/keystone/packages/core/fields/types/relationship/views/RelationshipSelect/package.json
2026-01-18 18:38:17,645 - Knowledge - INFO - Batch sizing: calculated=8, max_allowed=10, queue=540, active_workers=20/20
2026-01-18 18:38:17,734 - Knowledge - INFO - process ingested knowledge for /app/data/T0015/307419/b5849in/keystone/packages/core/src/testing.ts
2026-01-18 18:38:17,840 - Knowledge - INFO - Fast-tracked /app/data/T0015/307419/b5849in/keystone/packages/core/tests/telemetry.test.ts (ext=.ts, size=10639)
2026-01-18 18:38:17,920 - Knowledge - INFO - process ingested knowledge for /app/data/T0015/307419/b5849in/keystone/packages/core/src/admin-ui/components/InlineCode.tsx
2026-01-18 18:38:18,009 - Knowledge - INFO - Fast-tracked /app/data/T0015/307419/b5849in/keystone/packages/core/fields/types/relationship/views/RelationshipSelect/package.json (ext=.json, size=189)
2026-01-18 18:38:18,118 - Knowledge - INFO - Async storing batch of 8 embeddings
2026-01-18 18:38:18,151 - Knowledge - INFO - Async storage completed for 8 embeddings
2026-01-18 18:38:18,202 - Knowledge - INFO - process ingested knowledge for /app/data/T0015/307419/b5849in/keystone/packages/core/src/pkg-dir.ts
2026-01-18 18:38:18,293 - Knowledge - INFO - Worker kw5 processing /app/data/T0015/307419/b5849in/keystone/packages/core/fields/package.json
2026-01-18 18:38:18,371 - Knowledge - INFO - process ingested knowledge for /app/data/T0015/307419/b5849in/keystone/packages/core/src/admin-ui/admin-meta-graphql.ts
2026-01-18 18:38:18,466 - Knowledge - INFO - Worker kw13 processing /app/data/T0015/307419/b5849in/keystone/packages/core/fields/types/json/views/package.json
2026-01-18 18:38:18,545 - Knowledge - INFO - Worker kw4 processing /app/data/T0015/307419/b5849in/keystone/packages/core/fields/types/text/views/package.json
2026-01-18 18:38:18,703 - Knowledge - INFO - process ingested knowledge for /app/data/T0015/307419/b5849in/keystone/packages/core/src/fields/non-null-graphql.ts
2026-01-18 18:38:18,834 - Knowledge - INFO - Fast-tracked /app/data/T0015/307419/b5849in/keystone/packages/core/fields/package.json (ext=.json, size=101)
2026-01-18 18:38:18,950 - Knowledge - INFO - process ingested knowledge for /app/data/T0015/307419/b5849in/keystone/packages/core/src/admin-ui/router.tsx
2026-01-18 18:38:19,043 - Knowledge - INFO - Fast-tracked /app/data/T0015/307419/b5849in/keystone/packages/core/fields/types/json/views/package.json (ext=.json, size=135)
2026-01-18 18:38:19,164 - Knowledge - INFO - Fast-tracked /app/data/T0015/307419/b5849in/keystone/packages/core/fields/types/text/views/package.json (ext=.json, size=135)
2026-01-18 18:38:19,242 - Knowledge - INFO - process ingested knowledge for /app/data/T0015/307419/b5849in/keystone/packages/core/src/fields/resolve-hooks.ts
2026-01-18 18:38:19,332 - Knowledge - INFO - Worker kw5 processing /app/data/T0015/307419/b5849in/keystone/packages/core/fields/types/select/views/package.json
2026-01-18 18:38:19,435 - Knowledge - INFO - process ingested knowledge for /app/data/T0015/307419/b5849in/keystone/packages/core/src/admin-ui/utils/Fields.tsx
2026-01-18 18:38:19,554 - Knowledge - INFO - Worker kw13 processing /app/data/T0015/307419/b5849in/keystone/packages/core/fields/types/float/views/package.json
2026-01-18 18:38:19,645 - Knowledge - INFO - Worker kw4 processing /app/data/T0015/307419/b5849in/keystone/packages/core/fields/types/bigInt/views/package.json
2026-01-18 18:38:19,724 - Knowledge - INFO - process ingested knowledge for /app/data/T0015/307419/b5849in/keystone/packages/core/src/fields/filters/internal.ts
2026-01-18 18:38:19,816 - Knowledge - INFO - Fast-tracked /app/data/T0015/307419/b5849in/keystone/packages/core/fields/types/select/views/package.json (ext=.json, size=139)
2026-01-18 18:38:19,904 - Knowledge - INFO - process ingested knowledge for /app/data/T0015/307419/b5849in/keystone/packages/core/src/admin-ui/utils/utils.tsx
2026-01-18 18:38:20,009 - Knowledge - INFO - Fast-tracked /app/data/T0015/307419/b5849in/keystone/packages/core/fields/types/float/views/package.json (ext=.json, size=137)
2026-01-18 18:38:20,098 - Knowledge - INFO - Fast-tracked /app/data/T0015/307419/b5849in/keystone/packages/core/fields/types/bigInt/views/package.json (ext=.json, size=139)
2026-01-18 18:38:20,204 - Knowledge - INFO - process ingested knowledge for /app/data/T0015/307419/b5849in/keystone/packages/core/src/fields/filters/providers/postgresql.ts
2026-01-18 18:38:20,280 - Knowledge - INFO - Worker kw5 processing /app/data/T0015/307419/b5849in/keystone/packages/core/fields/types/file/views/package.json
2026-01-18 18:38:20,373 - Knowledge - INFO - process ingested knowledge for /app/data/T0015/307419/b5849in/keystone/packages/core/src/admin-ui/utils/usePreventNavigation.tsx
2026-01-18 18:38:20,423 - Knowledge - INFO - [LLM_CALL] Completed: dev-loading.html:chunk1, Duration: 13971ms, PromptTokens: 2724, CompletionTokens: 59, Cost: $0.00030
2026-01-18 18:38:20,483 - Knowledge - INFO - Worker kw13 processing /app/data/T0015/307419/b5849in/keystone/packages/core/fields/types/integer/views/package.json
2026-01-18 18:38:20,580 - Knowledge - INFO - Worker kw4 processing /app/data/T0015/307419/b5849in/keystone/packages/core/fields/types/image/views/package.json
2026-01-18 18:38:20,754 - Knowledge - INFO - Fast-tracked /app/data/T0015/307419/b5849in/keystone/packages/core/fields/types/file/views/package.json (ext=.json, size=135)
2026-01-18 18:38:20,882 - Knowledge - INFO - process ingested knowledge for /app/data/T0015/307419/b5849in/keystone/packages/core/src/admin-ui/utils/useCreateItem.ts
2026-01-18 18:38:20,962 - Knowledge - INFO - done ingest for /app/data/T0015/307419/b5849in/keystone/packages/core/static/dev-loading.html
2026-01-18 18:38:21,050 - Knowledge - INFO - Fast-tracked /app/data/T0015/307419/b5849in/keystone/packages/core/fields/types/integer/views/package.json (ext=.json, size=141)
2026-01-18 18:38:21,157 - Knowledge - INFO - Fast-tracked /app/data/T0015/307419/b5849in/keystone/packages/core/fields/types/image/views/package.json (ext=.json, size=137)
2026-01-18 18:38:21,251 - Knowledge - INFO - Async storage completed for 8 embeddings
2026-01-18 18:38:21,368 - Knowledge - INFO - process ingested knowledge for /app/data/T0015/307419/b5849in/keystone/packages/core/src/admin-ui/utils/index.ts
2026-01-18 18:38:21,512 - Knowledge - INFO - Processing batch of 8 files
2026-01-18 18:38:21,536 - Knowledge - INFO - [WEBSOCKET] Sent: Type=progress_update, Size: 293, Duration: 0ms
2026-01-18 18:38:21,542 - Knowledge - INFO - Async storage completed for 8 embeddings
2026-01-18 18:38:21,620 - Knowledge - INFO - Worker kw4 processing /app/data/T0015/307419/b5849in/keystone/packages/core/fields/types/image/utils/package.json
2026-01-18 18:38:21,662 - Knowledge - INFO - Async storage completed for 8 embeddings
2026-01-18 18:38:21,922 - Knowledge - INFO - process ingested knowledge for /app/data/T0015/307419/b5849in/keystone/packages/core/static/dev-loading.html
2026-01-18 18:38:22,001 - Knowledge - INFO - [WEBSOCKET] Sent: Type=unknown, Size: ?, Duration: 465ms
2026-01-18 18:38:22,173 - Knowledge - INFO - Fast-tracked /app/data/T0015/307419/b5849in/keystone/packages/core/fields/types/image/utils/package.json (ext=.json, size=137)
2026-01-18 18:38:22,420 - Knowledge - INFO - process ingested knowledge for /app/data/T0015/307419/b5849in/keystone/packages/core/static/admin-error.html
2026-01-18 18:38:22,478 - Knowledge - INFO - Progress: 48.9% | Files: 651/1306 | Rate: 2.35 files/sec | Queue: 532
2026-01-18 18:38:22,479 - Knowledge - INFO - Processing batch of 8 files
2026-01-18 18:38:22,500 - Knowledge - INFO - Processing batch of 8 files
2026-01-18 18:38:22,584 - Knowledge - INFO - Worker kw4 processing /app/data/T0015/307419/b5849in/keystone/packages/core/fields/types/password/package.json
2026-01-18 18:38:22,625 - Knowledge - INFO - [kw11] Queue=532, InProgress=0, PendingWorkers=20/20, Completed=654/1306 (50.1%)
2026-01-18 18:38:22,686 - Knowledge - INFO - process ingested knowledge for /app/data/T0015/307419/b5849in/keystone/packages/core/admin-ui/components/package.json
2026-01-18 18:38:22,771 - Knowledge - INFO - [kw14] Queue=532, InProgress=0, PendingWorkers=20/20, Completed=654/1306 (50.1%)
2026-01-18 18:38:22,858 - Knowledge - INFO - process ingested knowledge for /app/data/T0015/307419/b5849in/keystone/packages/core/fields/types/file/utils/package.json
2026-01-18 18:38:22,944 - Knowledge - INFO - process ingested knowledge for /app/data/T0015/307419/b5849in/keystone/packages/core/context/package.json
2026-01-18 18:38:23,052 - Knowledge - INFO - Fast-tracked /app/data/T0015/307419/b5849in/keystone/packages/core/fields/types/password/package.json (ext=.json, size=131)
2026-01-18 18:38:23,126 - Knowledge - INFO - Batch sizing: calculated=8, max_allowed=10, queue=532, active_workers=20/20
2026-01-18 18:38:23,212 - Knowledge - INFO - process ingested knowledge for /app/data/T0015/307419/b5849in/keystone/packages/core/admin-ui/router/package.json
2026-01-18 18:38:23,324 - Knowledge - INFO - Batch sizing: calculated=8, max_allowed=10, queue=532, active_workers=20/20
2026-01-18 18:38:23,414 - Knowledge - INFO - process ingested knowledge for /app/data/T0015/307419/b5849in/keystone/packages/core/fields/types/calendarDay/views/package.json
2026-01-18 18:38:23,487 - Knowledge - INFO - process ingested knowledge for /app/data/T0015/307419/b5849in/keystone/packages/core/types/package.json
2026-01-18 18:38:23,588 - Knowledge - INFO - Worker kw4 processing /app/data/T0015/307419/b5849in/keystone/packages/core/fields/types/password/views/package.json
2026-01-18 18:38:23,696 - Knowledge - INFO - Async storing batch of 8 embeddings
2026-01-18 18:38:23,779 - Knowledge - INFO - process ingested knowledge for /app/data/T0015/307419/b5849in/keystone/packages/core/admin-ui/utils/package.json
2026-01-18 18:38:23,869 - Knowledge - INFO - Async storing batch of 8 embeddings
2026-01-18 18:38:23,945 - Knowledge - INFO - process ingested knowledge for /app/data/T0015/307419/b5849in/keystone/packages/core/fields/types/timestamp/views/package.json
2026-01-18 18:38:24,031 - Knowledge - INFO - process ingested knowledge for /app/data/T0015/307419/b5849in/keystone/packages/core/README.md
2026-01-18 18:38:24,123 - Knowledge - INFO - Fast-tracked /app/data/T0015/307419/b5849in/keystone/packages/core/fields/types/password/views/package.json (ext=.json, size=143)
2026-01-18 18:38:24,233 - Knowledge - INFO - Worker kw11 processing /app/data/T0015/307419/b5849in/keystone/packages/core/fields/types/bytes/package.json
2026-01-18 18:38:24,334 - Knowledge - INFO - process ingested knowledge for /app/data/T0015/307419/b5849in/keystone/packages/core/admin-ui/context/package.json
2026-01-18 18:38:24,436 - Knowledge - INFO - Worker kw14 processing /app/data/T0015/307419/b5849in/keystone/packages/fields-document/src/validation.test.tsx
2026-01-18 18:38:24,512 - Knowledge - INFO - process ingested knowledge for /app/data/T0015/307419/b5849in/keystone/packages/core/fields/types/relationship/views/package.json
2026-01-18 18:38:24,603 - Knowledge - INFO - process ingested knowledge for /app/data/T0015/307419/b5849in/keystone/packages/core/graphql-ts/package.json
2026-01-18 18:38:24,710 - Knowledge - INFO - Worker kw4 processing /app/data/T0015/307419/b5849in/keystone/packages/core/fields/types/multiselect/views/package.json
2026-01-18 18:38:24,819 - Knowledge - INFO - Fast-tracked /app/data/T0015/307419/b5849in/keystone/packages/core/fields/types/bytes/package.json (ext=.json, size=125)
2026-01-18 18:38:24,900 - Knowledge - INFO - process ingested knowledge for /app/data/T0015/307419/b5849in/keystone/packages/core/admin-ui/image/package.json
2026-01-18 18:38:25,015 - Knowledge - INFO - Fast-tracked /app/data/T0015/307419/b5849in/keystone/packages/fields-document/src/validation.test.tsx (ext=.tsx, size=12011)
2026-01-18 18:38:25,089 - Knowledge - INFO - process ingested knowledge for /app/data/T0015/307419/b5849in/keystone/packages/core/fields/types/relationship/views/RelationshipSelect/package.json
2026-01-18 18:38:25,266 - Knowledge - INFO - process ingested knowledge for /app/data/T0015/307419/b5849in/keystone/packages/core/tests/telemetry.test.ts
2026-01-18 18:38:25,385 - Knowledge - INFO - Fast-tracked /app/data/T0015/307419/b5849in/keystone/packages/core/fields/types/multiselect/views/package.json (ext=.json, size=149)
2026-01-18 18:38:25,475 - Knowledge - INFO - Worker kw11 processing /app/data/T0015/307419/b5849in/keystone/packages/core/fields/types/bytes/views/package.json
2026-01-18 18:38:25,583 - Knowledge - INFO - process ingested knowledge for /app/data/T0015/307419/b5849in/keystone/packages/core/admin-ui/apollo/package.json
2026-01-18 18:38:25,670 - Knowledge - INFO - Worker kw14 processing /app/data/T0015/307419/b5849in/keystone/packages/fields-document/src/DocumentEditor/insert-menu-shared.ts
2026-01-18 18:38:25,754 - Knowledge - INFO - process ingested knowledge for /app/data/T0015/307419/b5849in/keystone/packages/core/fields/types/json/views/package.json
2026-01-18 18:38:25,830 - Knowledge - INFO - process ingested knowledge for /app/data/T0015/307419/b5849in/keystone/packages/core/fields/package.json
2026-01-18 18:38:25,919 - Knowledge - INFO - Worker kw4 processing /app/data/T0015/307419/b5849in/keystone/packages/core/fields/types/virtual/views/package.json
2026-01-18 18:38:26,020 - Knowledge - INFO - Fast-tracked /app/data/T0015/307419/b5849in/keystone/packages/core/fields/types/bytes/views/package.json (ext=.json, size=137)
2026-01-18 18:38:26,184 - Knowledge - INFO - Worker kw14 processing /app/data/T0015/307419/b5849in/keystone/packages/fields-document/src/DocumentEditor/code-block.tsx
2026-01-18 18:38:26,292 - Knowledge - INFO - process ingested knowledge for /app/data/T0015/307419/b5849in/keystone/packages/core/fields/types/float/views/package.json
2026-01-18 18:38:26,439 - Knowledge - INFO - process ingested knowledge for /app/data/T0015/307419/b5849in/keystone/packages/core/fields/types/select/views/package.json
2026-01-18 18:38:26,450 - Knowledge - INFO - Fast-tracked /app/data/T0015/307419/b5849in/keystone/packages/core/fields/types/virtual/views/package.json (ext=.json, size=141)
2026-01-18 18:38:26,525 - Knowledge - INFO - Worker kw11 processing /app/data/T0015/307419/b5849in/keystone/packages/core/fields/types/checkbox/views/package.json
2026-01-18 18:38:26,624 - Knowledge - INFO - Fast-tracked /app/data/T0015/307419/b5849in/keystone/packages/fields-document/src/DocumentEditor/code-block.tsx (ext=.tsx, size=1353)
2026-01-18 18:38:26,747 - Knowledge - INFO - process ingested knowledge for /app/data/T0015/307419/b5849in/keystone/packages/core/fields/types/integer/views/package.json
2026-01-18 18:38:26,808 - Knowledge - INFO - process ingested knowledge for /app/data/T0015/307419/b5849in/keystone/packages/core/fields/types/file/views/package.json
2026-01-18 18:38:26,929 - Knowledge - INFO - Async storage completed for 8 embeddings
2026-01-18 18:38:27,065 - Knowledge - INFO - Fast-tracked /app/data/T0015/307419/b5849in/keystone/packages/core/fields/types/checkbox/views/package.json (ext=.json, size=143)
2026-01-18 18:38:27,133 - Knowledge - INFO - Worker kw14 processing /app/data/T0015/307419/b5849in/keystone/packages/fields-document/src/DocumentEditor/editor-shared.ts
2026-01-18 18:38:27,500 - Knowledge - INFO - Worker kw11 processing /app/data/T0015/307419/b5849in/keystone/packages/core/fields/types/decimal/views/package.json
2026-01-18 18:38:27,604 - Knowledge - INFO - Worker kw14 processing /app/data/T0015/307419/b5849in/keystone/packages/fields-document/src/DocumentEditor/divider-shared.ts
2026-01-18 18:38:27,694 - Knowledge - INFO - Fast-tracked /app/data/T0015/307419/b5849in/keystone/packages/core/fields/types/decimal/views/package.json (ext=.json, size=141)
2026-01-18 18:38:27,810 - Knowledge - INFO - Fast-tracked /app/data/T0015/307419/b5849in/keystone/packages/fields-document/src/DocumentEditor/divider-shared.ts (ext=.ts, size=557)
2026-01-18 18:38:27,858 - Knowledge - INFO - [kw18] Queue=516, InProgress=0, PendingWorkers=20/20, Completed=656/1306 (50.2%)
2026-01-18 18:38:27,858 - Knowledge - INFO - Processing batch of 8 files
2026-01-18 18:38:27,934 - Knowledge - INFO - Worker kw11 processing /app/data/T0015/307419/b5849in/keystone/packages/core/CHANGELOG.md
2026-01-18 18:38:28,016 - Knowledge - INFO - Worker kw14 processing /app/data/T0015/307419/b5849in/keystone/packages/fields-document/src/DocumentEditor/slate-types.ts
2026-01-18 18:38:28,099 - Knowledge - INFO - Batch sizing: calculated=8, max_allowed=10, queue=516, active_workers=20/20
2026-01-18 18:38:28,177 - Knowledge - INFO - process ingested knowledge for /app/data/T0015/307419/b5849in/keystone/packages/core/fields/types/text/views/package.json
2026-01-18 18:38:28,297 - Knowledge - INFO - Fast-tracked /app/data/T0015/307419/b5849in/keystone/packages/core/CHANGELOG.md (ext=.md, size=334880)
2026-01-18 18:38:28,468 - Knowledge - INFO - Worker kw14 processing /app/data/T0015/307419/b5849in/keystone/packages/fields-document/src/DocumentEditor/Toolbar.tsx
2026-01-18 18:38:28,747 - Knowledge - INFO - process ingested knowledge for /app/data/T0015/307419/b5849in/keystone/packages/core/fields/types/bigInt/views/package.json
2026-01-18 18:38:28,748 - Knowledge - INFO - Async storing batch of 8 embeddings
2026-01-18 18:38:28,814 - Knowledge - INFO - Worker kw11 processing /app/data/T0015/307419/b5849in/keystone/packages/fields-document/src/validation.ts
2026-01-18 18:38:28,901 - Knowledge - INFO - Worker kw14 processing /app/data/T0015/307419/b5849in/keystone/packages/fields-document/src/DocumentEditor/lists-shared.ts
2026-01-18 18:38:29,087 - Knowledge - INFO - process ingested knowledge for /app/data/T0015/307419/b5849in/keystone/packages/core/fields/types/image/views/package.json
2026-01-18 18:38:29,099 - Knowledge - INFO - Worker kw18 processing /app/data/T0015/307419/b5849in/keystone/packages/fields-document/src/DocumentEditor/render-element.tsx
2026-01-18 18:38:29,193 - Knowledge - INFO - Worker kw11 processing /app/data/T0015/307419/b5849in/keystone/packages/fields-document/src/structure-graphql-output.ts
2026-01-18 18:38:29,420 - Knowledge - INFO - process ingested knowledge for /app/data/T0015/307419/b5849in/keystone/packages/core/fields/types/image/utils/package.json
2026-01-18 18:38:29,421 - Knowledge - INFO - [kw13] Queue=508, InProgress=0, PendingWorkers=20/20, Completed=662/1306 (50.7%)
2026-01-18 18:38:29,443 - Knowledge - INFO - Worker kw18 processing /app/data/T0015/307419/b5849in/keystone/packages/fields-document/src/DocumentEditor/shortcuts.ts
2026-01-18 18:38:29,462 - Knowledge - INFO - [kw5] Queue=508, InProgress=0, PendingWorkers=20/20, Completed=662/1306 (50.7%)
2026-01-18 18:38:29,601 - Knowledge - INFO - Worker kw11 processing /app/data/T0015/307419/b5849in/keystone/packages/fields-document/src/structure.ts
2026-01-18 18:38:29,680 - Knowledge - INFO - process ingested knowledge for /app/data/T0015/307419/b5849in/keystone/packages/core/fields/types/password/package.json
2026-01-18 18:38:29,782 - Knowledge - INFO - Batch sizing: calculated=8, max_allowed=10, queue=508, active_workers=20/20
2026-01-18 18:38:29,887 - Knowledge - INFO - Fast-tracked /app/data/T0015/307419/b5849in/keystone/packages/fields-document/src/DocumentEditor/shortcuts.ts (ext=.ts, size=1406)
2026-01-18 18:38:29,954 - Knowledge - INFO - Batch sizing: calculated=8, max_allowed=10, queue=508, active_workers=20/20
2026-01-18 18:38:30,234 - Knowledge - INFO - process ingested knowledge for /app/data/T0015/307419/b5849in/keystone/packages/core/fields/types/password/views/package.json
2026-01-18 18:38:30,390 - Knowledge - INFO - Async storing batch of 8 embeddings
2026-01-18 18:38:30,448 - Knowledge - INFO - Worker kw18 processing /app/data/T0015/307419/b5849in/keystone/packages/fields-document/src/DocumentEditor/document-features-normalization.ts
2026-01-18 18:38:30,568 - Knowledge - INFO - Async storing batch of 8 embeddings
2026-01-18 18:38:30,774 - Knowledge - INFO - process ingested knowledge for /app/data/T0015/307419/b5849in/keystone/packages/core/fields/types/multiselect/views/package.json
2026-01-18 18:38:30,775 - Knowledge - INFO - Fast-tracked /app/data/T0015/307419/b5849in/keystone/packages/core/src/lib/core/mutations/nested-mutation-one-input-resolvers.ts (small file (2261 bytes))
2026-01-18 18:38:30,914 - Knowledge - INFO - Worker kw13 processing /app/data/T0015/307419/b5849in/keystone/packages/fields-document/src/DocumentEditor/code-block-shared.ts
2026-01-18 18:38:30,917 - Knowledge - INFO - [LLM_CALL] Completed: FilterAdd.tsx:chunk1, Duration: 59342ms, PromptTokens: 4230, CompletionTokens: 459, Cost: $0.00061
2026-01-18 18:38:31,044 - Knowledge - INFO - Worker kw18 processing /app/data/T0015/307419/b5849in/keystone/packages/fields-document/src/DocumentEditor/divider.tsx
2026-01-18 18:38:31,119 - Knowledge - INFO - Worker kw5 processing /app/data/T0015/307419/b5849in/keystone/packages/fields-document/src/DocumentEditor/blockquote-shared.ts
2026-01-18 18:38:31,193 - Knowledge - INFO - process ingested knowledge for /app/data/T0015/307419/b5849in/keystone/packages/core/fields/types/virtual/views/package.json
2026-01-18 18:38:31,393 - Knowledge - INFO - Fast-tracked /app/data/T0015/307419/b5849in/keystone/packages/fields-document/src/DocumentEditor/code-block-shared.ts (ext=.ts, size=1702)
2026-01-18 18:38:31,465 - Knowledge - INFO - done ingest for /app/data/T0015/307419/b5849in/keystone/packages/core/src/___internal-do-not-use-will-break-in-patch/admin-ui/pages/ListPage/FilterAdd.tsx
2026-01-18 18:38:31,554 - Knowledge - INFO - Fast-tracked /app/data/T0015/307419/b5849in/keystone/packages/fields-document/src/DocumentEditor/divider.tsx (ext=.tsx, size=987)
2026-01-18 18:38:31,641 - Knowledge - INFO - Worker kw5 processing /app/data/T0015/307419/b5849in/keystone/packages/fields-document/src/DocumentEditor/markdown-link-shortcut.test.tsx
2026-01-18 18:38:31,842 - Knowledge - INFO - Worker kw13 processing /app/data/T0015/307419/b5849in/keystone/packages/fields-document/src/DocumentEditor/lists.tsx
2026-01-18 18:38:32,168 - Knowledge - INFO - Worker kw18 processing /app/data/T0015/307419/b5849in/keystone/packages/fields-document/src/DocumentEditor/blockquote.test.tsx
2026-01-18 18:38:32,203 - Knowledge - INFO - Fast-tracked /app/data/T0015/307419/b5849in/keystone/packages/fields-document/src/DocumentEditor/markdown-link-shortcut.test.tsx (ext=.tsx, size=9449)
2026-01-18 18:38:32,367 - Knowledge - INFO - Worker kw13 processing /app/data/T0015/307419/b5849in/keystone/packages/fields-document/src/DocumentEditor/soft-breaks.test.tsx
2026-01-18 18:38:32,406 - Knowledge - INFO - [LLM_CALL] Completed: PaginationControls.tsx:chunk1, Duration: 39015ms, PromptTokens: 3342, CompletionTokens: 374, Cost: $0.00048
2026-01-18 18:38:32,435 - Knowledge - INFO - Fast-tracked /app/data/T0015/307419/b5849in/keystone/packages/fields-document/src/DocumentEditor/blockquote.test.tsx (ext=.tsx, size=2940)
2026-01-18 18:38:32,518 - Knowledge - INFO - Worker kw5 processing /app/data/T0015/307419/b5849in/keystone/packages/fields-document/src/DocumentEditor/lists.test.tsx
2026-01-18 18:38:32,601 - Knowledge - INFO - Fast-tracked /app/data/T0015/307419/b5849in/keystone/packages/fields-document/src/DocumentEditor/soft-breaks.test.tsx (ext=.tsx, size=1132)
2026-01-18 18:38:32,679 - Knowledge - INFO - done ingest for /app/data/T0015/307419/b5849in/keystone/packages/core/src/___internal-do-not-use-will-break-in-patch/admin-ui/pages/ListPage/PaginationControls.tsx
2026-01-18 18:38:32,752 - Knowledge - INFO - Worker kw18 processing /app/data/T0015/307419/b5849in/keystone/packages/fields-document/src/DocumentEditor/isValidURL.ts
2026-01-18 18:38:32,835 - Knowledge - INFO - Fast-tracked /app/data/T0015/307419/b5849in/keystone/packages/fields-document/src/DocumentEditor/lists.test.tsx (ext=.tsx, size=27643)
2026-01-18 18:38:32,920 - Knowledge - INFO - Async storage completed for 8 embeddings
2026-01-18 18:38:32,932 - Knowledge - INFO - Worker kw13 processing /app/data/T0015/307419/b5849in/keystone/packages/fields-document/src/DocumentEditor/alignment.tsx
2026-01-18 18:38:33,287 - Knowledge - INFO - Fast-tracked /app/data/T0015/307419/b5849in/keystone/packages/fields-document/src/DocumentEditor/isValidURL.ts (ext=.ts, size=241)
2026-01-18 18:38:33,396 - Knowledge - INFO - Worker kw5 processing /app/data/T0015/307419/b5849in/keystone/packages/fields-document/src/DocumentEditor/shortcuts.test.tsx
2026-01-18 18:38:33,555 - Knowledge - INFO - [LLM_CALL] Completed: id-field-view.tsx:chunk1, Duration: 24763ms, PromptTokens: 3660, CompletionTokens: 398, Cost: $0.00053
2026-01-18 18:38:33,706 - Knowledge - INFO - Worker kw13 processing /app/data/T0015/307419/b5849in/keystone/packages/fields-document/src/DocumentEditor/layouts.test.tsx
2026-01-18 18:38:33,822 - Knowledge - INFO - Worker kw18 processing /app/data/T0015/307419/b5849in/keystone/packages/fields-document/src/DocumentEditor/insert-menu.tsx
2026-01-18 18:38:33,915 - Knowledge - INFO - Fast-tracked /app/data/T0015/307419/b5849in/keystone/packages/fields-document/src/DocumentEditor/shortcuts.test.tsx (ext=.tsx, size=1522)
2026-01-18 18:38:33,993 - Knowledge - INFO - done ingest for /app/data/T0015/307419/b5849in/keystone/packages/core/src/___internal-do-not-use-will-break-in-patch/admin-ui/id-field-view.tsx
2026-01-18 18:38:33,995 - Knowledge - INFO - [kw4] Queue=492, InProgress=0, PendingWorkers=20/20, Completed=662/1306 (50.7%)
2026-01-18 18:38:34,136 - Knowledge - INFO - Fast-tracked /app/data/T0015/307419/b5849in/keystone/packages/fields-document/src/DocumentEditor/layouts.test.tsx (ext=.tsx, size=8083)
2026-01-18 18:38:34,225 - Knowledge - INFO - Worker kw18 processing /app/data/T0015/307419/b5849in/keystone/packages/fields-document/src/DocumentEditor/primitives/BlockPopover.tsx
2026-01-18 18:38:34,309 - Knowledge - INFO - Worker kw5 processing /app/data/T0015/307419/b5849in/keystone/packages/fields-document/src/DocumentEditor/demo.ts
2026-01-18 18:38:34,627 - Knowledge - INFO - Batch sizing: calculated=6, max_allowed=10, queue=492, active_workers=20/20
2026-01-18 18:38:34,754 - Knowledge - INFO - Worker kw13 processing /app/data/T0015/307419/b5849in/keystone/packages/fields-document/src/DocumentEditor/block-markdown-shortcuts.ts
2026-01-18 18:38:35,102 - Knowledge - INFO - Fast-tracked /app/data/T0015/307419/b5849in/keystone/packages/fields-document/src/DocumentEditor/demo.ts (ext=.ts, size=345)
2026-01-18 18:38:35,185 - Knowledge - INFO - Async storing batch of 8 embeddings
2026-01-18 18:38:35,491 - Knowledge - INFO - Worker kw5 processing /app/data/T0015/307419/b5849in/keystone/packages/fields-document/src/DocumentEditor/layouts-shared.ts
2026-01-18 18:38:35,492 - Knowledge - INFO - Worker kw13 processing /app/data/T0015/307419/b5849in/keystone/packages/fields-document/src/DocumentEditor/divider.test.tsx
2026-01-18 18:38:35,610 - Knowledge - INFO - Worker kw4 processing /app/data/T0015/307419/b5849in/keystone/packages/fields-document/src/DocumentEditor/pasting/links.test.tsx
2026-01-18 18:38:35,707 - Knowledge - INFO - [LLM_CALL] Completed: index.tsx:chunk1, Duration: 9625ms, PromptTokens: 14300, CompletionTokens: 807, Cost: $0.00175
2026-01-18 18:38:35,711 - Knowledge - INFO - Worker kw5 processing /app/data/T0015/307419/b5849in/keystone/packages/fields-document/src/DocumentEditor/toolbar-state-shared.ts
2026-01-18 18:38:35,786 - Knowledge - INFO - Fast-tracked /app/data/T0015/307419/b5849in/keystone/packages/fields-document/src/DocumentEditor/divider.test.tsx (ext=.tsx, size=669)
2026-01-18 18:38:36,104 - Knowledge - INFO - done ingest for /app/data/T0015/307419/b5849in/keystone/packages/core/src/___internal-do-not-use-will-break-in-patch/admin-ui/pages/ListPage/index.tsx
2026-01-18 18:38:36,115 - Knowledge - INFO - Fast-tracked /app/data/T0015/307419/b5849in/keystone/packages/fields-document/src/DocumentEditor/pasting/links.test.tsx (ext=.tsx, size=2976)
2026-01-18 18:38:36,237 - Knowledge - INFO - Worker kw5 processing /app/data/T0015/307419/b5849in/keystone/packages/fields-document/src/DocumentEditor/pasting/markdown.ts
2026-01-18 18:38:36,355 - Knowledge - INFO - Worker kw13 processing /app/data/T0015/307419/b5849in/keystone/packages/fields-document/src/DocumentEditor/insert-menu.test.tsx
2026-01-18 18:38:36,515 - Knowledge - INFO - Processing batch of 8 files
2026-01-18 18:38:36,534 - Knowledge - INFO - Async storage completed for 8 embeddings
2026-01-18 18:38:36,542 - Knowledge - INFO - Worker kw4 processing /app/data/T0015/307419/b5849in/keystone/packages/fields-document/src/DocumentEditor/pasting/html.ts
2026-01-18 18:38:36,629 - Knowledge - INFO - Async storage completed for 8 embeddings
2026-01-18 18:38:36,645 - Knowledge - INFO - Fast-tracked /app/data/T0015/307419/b5849in/keystone/packages/fields-document/src/DocumentEditor/blockquote-shared.ts (small file (2256 bytes))
2026-01-18 18:38:36,715 - Knowledge - INFO - Fast-tracked /app/data/T0015/307419/b5849in/keystone/packages/fields-document/src/DocumentEditor/insert-menu.test.tsx (ext=.tsx, size=8182)
2026-01-18 18:38:36,815 - Knowledge - INFO - process ingested knowledge for /app/data/T0015/307419/b5849in/keystone/packages/core/src/___internal-do-not-use-will-break-in-patch/admin-ui/pages/App/index.tsx
2026-01-18 18:38:36,987 - Knowledge - INFO - Worker kw4 processing /app/data/T0015/307419/b5849in/keystone/packages/fields-document/src/DocumentEditor/pasting/utils.ts
2026-01-18 18:38:37,335 - Knowledge - INFO - Fast-tracked /app/data/T0015/307419/b5849in/keystone/packages/fields-document/src/DocumentEditor/lists.tsx (small file (2748 bytes))
2026-01-18 18:38:37,427 - Knowledge - INFO - process ingested knowledge for /app/data/T0015/307419/b5849in/keystone/packages/core/src/___internal-do-not-use-will-break-in-patch/admin-ui/pages/ListPage/FilterAdd.tsx
2026-01-18 18:38:37,535 - Knowledge - INFO - Worker kw4 processing /app/data/T0015/307419/b5849in/keystone/packages/fields-document/src/DocumentEditor/pasting/markdown.test.tsx
2026-01-18 18:38:37,645 - Knowledge - INFO - Fast-tracked /app/data/T0015/307419/b5849in/keystone/packages/fields-document/src/DocumentEditor/alignment.tsx (small file (2877 bytes))
2026-01-18 18:38:37,800 - Knowledge - INFO - process ingested knowledge for /app/data/T0015/307419/b5849in/keystone/packages/core/src/___internal-do-not-use-will-break-in-patch/admin-ui/pages/ListPage/Tag.tsx
2026-01-18 18:38:37,957 - Knowledge - INFO - Fast-tracked /app/data/T0015/307419/b5849in/keystone/packages/fields-document/src/DocumentEditor/pasting/markdown.test.tsx (ext=.tsx, size=9276)
2026-01-18 18:38:38,157 - Knowledge - INFO - process ingested knowledge for /app/data/T0015/307419/b5849in/keystone/packages/core/src/___internal-do-not-use-will-break-in-patch/admin-ui/pages/ListPage/index.tsx
2026-01-18 18:38:38,238 - Knowledge - INFO - Worker kw4 processing /app/data/T0015/307419/b5849in/keystone/packages/fields-document/src/DocumentEditor/pasting/random-html.test.tsx
2026-01-18 18:38:38,383 - Knowledge - INFO - process ingested knowledge for /app/data/T0015/307419/b5849in/keystone/packages/core/src/___internal-do-not-use-will-break-in-patch/admin-ui/pages/ListPage/PaginationControls.tsx
2026-01-18 18:38:38,461 - Knowledge - INFO - Fast-tracked /app/data/T0015/307419/b5849in/keystone/packages/fields-document/src/DocumentEditor/pasting/random-html.test.tsx (ext=.tsx, size=4804)
2026-01-18 18:38:38,553 - Knowledge - INFO - process ingested knowledge for /app/data/T0015/307419/b5849in/keystone/packages/core/src/___internal-do-not-use-will-break-in-patch/admin-ui/id-field-view.tsx
2026-01-18 18:38:38,642 - Knowledge - INFO - Worker kw4 processing /app/data/T0015/307419/b5849in/keystone/packages/fields-document/src/DocumentEditor/pasting/data-transfer.ts
2026-01-18 18:38:38,744 - Knowledge - INFO - process ingested knowledge for /app/data/T0015/307419/b5849in/keystone/packages/core/src/___internal-do-not-use-will-break-in-patch/artifacts.ts
2026-01-18 18:38:38,837 - Knowledge - INFO - Fast-tracked /app/data/T0015/307419/b5849in/keystone/packages/fields-document/src/DocumentEditor/pasting/data-transfer.ts (ext=.ts, size=1297)
2026-01-18 18:38:38,920 - Knowledge - INFO - process ingested knowledge for /app/data/T0015/307419/b5849in/keystone/packages/core/src/context.ts
2026-01-18 18:38:40,199 - Knowledge - INFO - [WEBSOCKET] Sent: Type=progress_update, Size: 292, Duration: 0ms
2026-01-18 18:38:40,374 - Knowledge - INFO - [WEBSOCKET] Sent: Type=unknown, Size: ?, Duration: 175ms
2026-01-18 18:38:40,627 - Knowledge - INFO - Progress: 51.3% | Files: 670/1306 | Rate: 2.26 files/sec | Queue: 486
2026-01-18 18:38:40,917 - Knowledge - INFO - [kw9] Queue=486, InProgress=0, PendingWorkers=20/20, Completed=670/1306 (51.3%)
2026-01-18 18:38:41,104 - Knowledge - INFO - Batch sizing: calculated=6, max_allowed=10, queue=486, active_workers=20/20
2026-01-18 18:38:41,324 - Knowledge - INFO - Async storing batch of 8 embeddings
2026-01-18 18:38:41,662 - Knowledge - INFO - Worker kw9 processing /app/data/T0015/307419/b5849in/keystone/packages/fields-document/src/DocumentEditor/pasting/index.ts
2026-01-18 18:38:41,857 - Knowledge - INFO - Worker kw9 processing /app/data/T0015/307419/b5849in/keystone/packages/fields-document/src/DocumentEditor/pasting/pasting-from-other-slate-editor.test.tsx
2026-01-18 18:38:42,246 - Knowledge - INFO - Fast-tracked /app/data/T0015/307419/b5849in/keystone/packages/fields-document/src/DocumentEditor/pasting/pasting-from-other-slate-editor.test.tsx (ext=.tsx, size=2944)
2026-01-18 18:38:42,510 - Knowledge - INFO - Worker kw9 processing /app/data/T0015/307419/b5849in/keystone/packages/fields-document/src/DocumentEditor/pasting/test-utils.tsx
2026-01-18 18:38:42,681 - Knowledge - INFO - Fast-tracked /app/data/T0015/307419/b5849in/keystone/packages/fields-document/src/DocumentEditor/pasting/test-utils.tsx (ext=.tsx, size=450)
2026-01-18 18:38:42,907 - Knowledge - INFO - Worker kw9 processing /app/data/T0015/307419/b5849in/keystone/packages/fields-document/src/DocumentEditor/pasting/html-from-other-editors.test.tsx
2026-01-18 18:38:43,338 - Knowledge - INFO - Fast-tracked /app/data/T0015/307419/b5849in/keystone/packages/fields-document/src/DocumentEditor/pasting/html-from-other-editors.test.tsx (ext=.tsx, size=29002)
2026-01-18 18:38:43,498 - Knowledge - INFO - Worker kw9 processing /app/data/T0015/307419/b5849in/keystone/packages/fields-document/src/DocumentEditor/blockquote.tsx
2026-01-18 18:38:43,701 - Knowledge - INFO - Fast-tracked /app/data/T0015/307419/b5849in/keystone/packages/fields-document/src/DocumentEditor/blockquote.tsx (ext=.tsx, size=1315)
2026-01-18 18:38:44,037 - Knowledge - INFO - Worker kw9 processing /app/data/T0015/307419/b5849in/keystone/packages/fields-document/src/DocumentEditor/utils.ts
2026-01-18 18:38:44,937 - Knowledge - INFO - [LLM_CALL] Completed: utils.ts:chunk1, Duration: 22458ms, PromptTokens: 2688, CompletionTokens: 285, Cost: $0.00038
2026-01-18 18:38:45,108 - Knowledge - INFO - done ingest for /app/data/T0015/307419/b5849in/keystone/packages/core/src/types/utils.ts
2026-01-18 18:38:45,451 - Knowledge - INFO - [LLM_CALL] Completed: access-control.ts:chunk1, Duration: 47800ms, PromptTokens: 3980, CompletionTokens: 267, Cost: $0.00050
2026-01-18 18:38:45,901 - Knowledge - INFO - done ingest for /app/data/T0015/307419/b5849in/keystone/packages/core/src/types/config/access-control.ts
2026-01-18 18:38:46,561 - Knowledge - INFO - [LLM_CALL] Completed: index.ts:chunk1, Duration: 2346ms, PromptTokens: 4316, CompletionTokens: 302, Cost: $0.00055
2026-01-18 18:38:46,710 - Knowledge - INFO - done ingest for /app/data/T0015/307419/b5849in/keystone/packages/core/src/types/config/index.ts
2026-01-18 18:38:47,358 - Knowledge - INFO - [LLM_CALL] Completed: hooks.ts:chunk1, Duration: 3141ms, PromptTokens: 9094, CompletionTokens: 304, Cost: $0.00103
2026-01-18 18:38:47,555 - Knowledge - INFO - done ingest for /app/data/T0015/307419/b5849in/keystone/packages/core/src/types/config/hooks.ts
2026-01-18 18:38:47,992 - Knowledge - INFO - [LLM_CALL] Completed: lists.ts:chunk1, Duration: 66479ms, PromptTokens: 9290, CompletionTokens: 301, Cost: $0.00105
2026-01-18 18:38:48,186 - Knowledge - INFO - done ingest for /app/data/T0015/307419/b5849in/keystone/packages/core/src/types/config/lists.ts
2026-01-18 18:38:48,406 - Knowledge - INFO - Processing batch of 8 files
2026-01-18 18:38:48,586 - Knowledge - INFO - process ingested knowledge for /app/data/T0015/307419/b5849in/keystone/packages/core/src/types/config/lists.ts
2026-01-18 18:38:49,102 - Knowledge - INFO - process ingested knowledge for /app/data/T0015/307419/b5849in/keystone/packages/core/src/types/config/fields.ts
2026-01-18 18:38:49,149 - Knowledge - INFO - done ingest for /app/data/T0015/307419/b5849in/keystone/packages/core/src/fields/types/calendarDay/index.ts
2026-01-18 18:38:49,315 - Knowledge - INFO - process ingested knowledge for /app/data/T0015/307419/b5849in/keystone/packages/core/src/types/config/hooks.ts
2026-01-18 18:38:49,600 - Knowledge - INFO - process ingested knowledge for /app/data/T0015/307419/b5849in/keystone/packages/core/src/types/config/access-control.ts
2026-01-18 18:38:50,001 - Knowledge - INFO - done ingest for /app/data/T0015/307419/b5849in/keystone/packages/core/src/fields/types/file/index.ts
2026-01-18 18:38:50,003 - Knowledge - INFO - process ingested knowledge for /app/data/T0015/307419/b5849in/keystone/packages/core/src/types/config/index.ts
2026-01-18 18:38:50,642 - Knowledge - INFO - process ingested knowledge for /app/data/T0015/307419/b5849in/keystone/packages/core/src/types/utils.ts
2026-01-18 18:38:50,701 - Knowledge - INFO - [LLM_CALL] Completed: index.tsx:chunk1, Duration: 14492ms, PromptTokens: 3160, CompletionTokens: 429, Cost: $0.00049
2026-01-18 18:38:50,813 - Knowledge - INFO - process ingested knowledge for /app/data/T0015/307419/b5849in/keystone/packages/core/src/types/core.ts
2026-01-18 18:38:50,898 - Knowledge - INFO - done ingest for /app/data/T0015/307419/b5849in/keystone/packages/core/src/fields/types/calendarDay/views/index.tsx
2026-01-18 18:38:50,942 - Knowledge - INFO - Async storage completed for 8 embeddings
2026-01-18 18:38:50,974 - Knowledge - INFO - process ingested knowledge for /app/data/T0015/307419/b5849in/keystone/packages/core/src/types/prisma.ts
2026-01-18 18:38:51,813 - Knowledge - INFO - done ingest for /app/data/T0015/307419/b5849in/keystone/packages/core/src/fields/types/timestamp/views/index.tsx
2026-01-18 18:38:52,109 - Knowledge - INFO - Processing batch of 8 files
2026-01-18 18:38:52,439 - Knowledge - INFO - process ingested knowledge for /app/data/T0015/307419/b5849in/keystone/packages/core/src/fields/types/file/views/index.tsx
2026-01-18 18:38:52,764 - Knowledge - INFO - process ingested knowledge for /app/data/T0015/307419/b5849in/keystone/packages/core/src/fields/types/file/index.ts
2026-01-18 18:38:53,173 - Knowledge - INFO - process ingested knowledge for /app/data/T0015/307419/b5849in/keystone/packages/core/src/fields/types/calendarDay/views/index.tsx
2026-01-18 18:38:53,207 - Knowledge - INFO - [LLM_CALL] Completed: context.ts:chunk1, Duration: 30729ms, PromptTokens: 3576, CompletionTokens: 279, Cost: $0.00047
2026-01-18 18:38:53,425 - Knowledge - INFO - process ingested knowledge for /app/data/T0015/307419/b5849in/keystone/packages/core/src/fields/types/calendarDay/index.ts
2026-01-18 18:38:53,471 - Knowledge - INFO - done ingest for /app/data/T0015/307419/b5849in/keystone/packages/core/src/types/context.ts
2026-01-18 18:38:53,472 - Knowledge - INFO - [kw12] Queue=480, InProgress=0, PendingWorkers=20/20, Completed=686/1306 (52.5%)
2026-01-18 18:38:53,630 - Knowledge - INFO - process ingested knowledge for /app/data/T0015/307419/b5849in/keystone/packages/core/src/fields/types/timestamp/views/utils.ts
2026-01-18 18:38:53,902 - Knowledge - INFO - Batch sizing: calculated=6, max_allowed=10, queue=480, active_workers=20/20
2026-01-18 18:38:54,000 - Knowledge - INFO - [LLM_CALL] Completed: session.ts:chunk1, Duration: 71256ms, PromptTokens: 3242, CompletionTokens: 293, Cost: $0.00044
2026-01-18 18:38:54,004 - Knowledge - INFO - process ingested knowledge for /app/data/T0015/307419/b5849in/keystone/packages/core/src/fields/types/timestamp/views/index.tsx
2026-01-18 18:38:54,307 - Knowledge - INFO - done ingest for /app/data/T0015/307419/b5849in/keystone/packages/core/src/session.ts
2026-01-18 18:38:54,314 - Knowledge - INFO - Async storing batch of 8 embeddings
2026-01-18 18:38:54,403 - Knowledge - INFO - process ingested knowledge for /app/data/T0015/307419/b5849in/keystone/packages/core/src/fields/types/timestamp/views/__tests__/utils.tsx
2026-01-18 18:38:54,532 - Knowledge - INFO - [LLM_CALL] Completed: admin-meta.ts:chunk1, Duration: 51406ms, PromptTokens: 6440, CompletionTokens: 282, Cost: $0.00076
2026-01-18 18:38:54,665 - Knowledge - INFO - Worker kw12 processing /app/data/T0015/307419/b5849in/keystone/packages/fields-document/src/DocumentEditor/soft-breaks.ts
2026-01-18 18:38:54,837 - Knowledge - INFO - process ingested knowledge for /app/data/T0015/307419/b5849in/keystone/packages/core/src/fields/types/timestamp/views/__tests__/index.tsx
2026-01-18 18:38:54,957 - Knowledge - INFO - done ingest for /app/data/T0015/307419/b5849in/keystone/packages/core/src/lib/admin-meta.ts
2026-01-18 18:38:55,053 - Knowledge - INFO - Fast-tracked /app/data/T0015/307419/b5849in/keystone/packages/fields-document/src/DocumentEditor/soft-breaks.ts (ext=.ts, size=264)
2026-01-18 18:38:55,194 - Knowledge - INFO - [LLM_CALL] Completed: schema.ts:chunk1, Duration: 77119ms, PromptTokens: 3854, CompletionTokens: 417, Cost: $0.00055
2026-01-18 18:38:55,391 - Knowledge - INFO - Worker kw12 processing /app/data/T0015/307419/b5849in/keystone/packages/fields-document/src/DocumentEditor/paragraphs.ts
2026-01-18 18:38:55,470 - Knowledge - INFO - done ingest for /app/data/T0015/307419/b5849in/keystone/packages/core/src/schema.ts
2026-01-18 18:38:55,568 - Knowledge - INFO - Fast-tracked /app/data/T0015/307419/b5849in/keystone/packages/fields-document/src/DocumentEditor/paragraphs.ts (ext=.ts, size=645)
2026-01-18 18:38:55,655 - Knowledge - INFO - Fast-tracked /app/data/T0015/307419/b5849in/keystone/packages/core/src/fields/types/relationship/views/ComboboxMany.tsx (small file (3023 bytes))
2026-01-18 18:38:55,792 - Knowledge - INFO - Worker kw12 processing /app/data/T0015/307419/b5849in/keystone/packages/fields-document/src/DocumentEditor/code-block.test.tsx
2026-01-18 18:38:55,857 - Knowledge - INFO - done ingest for /app/data/T0015/307419/b5849in/keystone/packages/core/src/types/admin-meta.ts
2026-01-18 18:38:56,028 - Knowledge - INFO - Fast-tracked /app/data/T0015/307419/b5849in/keystone/packages/fields-document/src/DocumentEditor/code-block.test.tsx (ext=.tsx, size=3839)
2026-01-18 18:38:56,437 - Knowledge - INFO - Worker kw12 processing /app/data/T0015/307419/b5849in/keystone/packages/fields-document/src/DocumentEditor/layouts.tsx
2026-01-18 18:38:56,758 - Knowledge - INFO - Worker kw12 processing /app/data/T0015/307419/b5849in/keystone/packages/fields-document/src/DocumentEditor/toolbar-state.tsx
2026-01-18 18:38:56,819 - Knowledge - INFO - [kw20] Queue=474, InProgress=0, PendingWorkers=20/20, Completed=686/1306 (52.5%)
2026-01-18 18:38:56,953 - Knowledge - INFO - [LLM_CALL] Completed: next-fields.ts:chunk1, Duration: 64620ms, PromptTokens: 9630, CompletionTokens: 542, Cost: $0.00118
2026-01-18 18:38:56,964 - Knowledge - INFO - Fast-tracked /app/data/T0015/307419/b5849in/keystone/packages/fields-document/src/DocumentEditor/toolbar-state.tsx (ext=.tsx, size=1619)
2026-01-18 18:38:57,052 - Knowledge - INFO - Batch sizing: calculated=6, max_allowed=10, queue=474, active_workers=20/20
2026-01-18 18:38:57,133 - Knowledge - INFO - Async storage completed for 8 embeddings
2026-01-18 18:38:57,173 - Knowledge - INFO - done ingest for /app/data/T0015/307419/b5849in/keystone/packages/core/src/types/next-fields.ts
2026-01-18 18:38:57,273 - Knowledge - INFO - Worker kw12 processing /app/data/T0015/307419/b5849in/keystone/packages/fields-document/src/DocumentEditor/component-blocks/preview-props.ts
2026-01-18 18:38:57,380 - Knowledge - INFO - Async storing batch of 8 embeddings
2026-01-18 18:38:57,561 - Knowledge - WARNING - Timeout processing /app/data/T0015/307419/b5849in/keystone/packages/core/src/artifacts.ts after 90s - using fallback metadata
2026-01-18 18:38:57,733 - Knowledge - INFO - Worker kw20 processing /app/data/T0015/307419/b5849in/keystone/packages/fields-document/src/DocumentEditor/component-blocks/utils.test.ts
2026-01-18 18:38:57,875 - Knowledge - INFO - Processing batch of 8 files
2026-01-18 18:38:57,909 - Knowledge - INFO - Fast-tracked /app/data/T0015/307419/b5849in/keystone/packages/fields-document/src/DocumentEditor/component-blocks/utils.test.ts (ext=.ts, size=1642)
2026-01-18 18:38:58,037 - Knowledge - INFO - process ingested knowledge for /app/data/T0015/307419/b5849in/keystone/packages/core/src/artifacts.ts
2026-01-18 18:38:58,147 - Knowledge - INFO - Worker kw20 processing /app/data/T0015/307419/b5849in/keystone/packages/fields-document/src/DocumentEditor/component-blocks/with-component-blocks.tsx
2026-01-18 18:38:58,270 - Knowledge - INFO - process ingested knowledge for /app/data/T0015/307419/b5849in/keystone/packages/core/src/schema.ts
2026-01-18 18:38:58,381 - Knowledge - INFO - Worker kw20 processing /app/data/T0015/307419/b5849in/keystone/packages/fields-document/src/DocumentEditor/component-blocks/initial-values.ts
2026-01-18 18:38:58,470 - Knowledge - INFO - process ingested knowledge for /app/data/T0015/307419/b5849in/keystone/packages/core/src/session.ts
2026-01-18 18:38:58,553 - Knowledge - INFO - Worker kw20 processing /app/data/T0015/307419/b5849in/keystone/packages/fields-document/src/DocumentEditor/component-blocks/normalization.test.tsx
2026-01-18 18:38:58,634 - Knowledge - INFO - process ingested knowledge for /app/data/T0015/307419/b5849in/keystone/packages/core/src/types/telemetry.ts
2026-01-18 18:38:58,994 - Knowledge - INFO - Fast-tracked /app/data/T0015/307419/b5849in/keystone/packages/fields-document/src/DocumentEditor/component-blocks/normalization.test.tsx (ext=.tsx, size=22328)
2026-01-18 18:38:59,078 - Knowledge - INFO - process ingested knowledge for /app/data/T0015/307419/b5849in/keystone/packages/core/src/types/type-info.ts
2026-01-18 18:38:59,183 - Knowledge - INFO - Worker kw20 processing /app/data/T0015/307419/b5849in/keystone/packages/fields-document/src/DocumentEditor/component-blocks/insert-break-and-delete.test.tsx
2026-01-18 18:38:59,302 - Knowledge - INFO - process ingested knowledge for /app/data/T0015/307419/b5849in/keystone/packages/core/src/types/next-fields.ts
2026-01-18 18:38:59,415 - Knowledge - INFO - Fast-tracked /app/data/T0015/307419/b5849in/keystone/packages/fields-document/src/DocumentEditor/component-blocks/insert-break-and-delete.test.tsx (ext=.tsx, size=9124)
2026-01-18 18:38:59,494 - Knowledge - INFO - process ingested knowledge for /app/data/T0015/307419/b5849in/keystone/packages/core/src/types/admin-meta.ts
2026-01-18 18:38:59,689 - Knowledge - INFO - Worker kw20 processing /app/data/T0015/307419/b5849in/keystone/packages/fields-document/src/DocumentEditor/component-blocks/document-features-normalization.test.tsx
2026-01-18 18:38:59,784 - Knowledge - INFO - process ingested knowledge for /app/data/T0015/307419/b5849in/keystone/packages/core/src/types/context.ts
2026-01-18 18:38:59,986 - Knowledge - INFO - Async storage completed for 8 embeddings
2026-01-18 18:39:00,107 - Knowledge - INFO - Fast-tracked /app/data/T0015/307419/b5849in/keystone/packages/fields-document/src/DocumentEditor/component-blocks/document-features-normalization.test.tsx (ext=.tsx, size=14205)
2026-01-18 18:39:00,179 - Knowledge - INFO - [LLM_CALL] Completed: block-markdown-shortcuts.ts:chunk1, Duration: 22110ms, PromptTokens: 3038, CompletionTokens: 363, Cost: $0.00045
2026-01-18 18:39:00,523 - Knowledge - INFO - done ingest for /app/data/T0015/307419/b5849in/keystone/packages/fields-document/src/DocumentEditor/block-markdown-shortcuts.ts
2026-01-18 18:39:00,779 - Knowledge - INFO - Processing batch of 8 files
2026-01-18 18:39:00,951 - Knowledge - INFO - process ingested knowledge for /app/data/T0015/307419/b5849in/keystone/packages/fields-document/src/DocumentEditor/code-block-shared.ts
2026-01-18 18:39:01,117 - Knowledge - INFO - process ingested knowledge for /app/data/T0015/307419/b5849in/keystone/packages/fields-document/src/DocumentEditor/lists.tsx
2026-01-18 18:39:01,135 - Knowledge - INFO - [WEBSOCKET] Sent: Type=progress_update, Size: 293, Duration: 0ms
2026-01-18 18:39:01,418 - Knowledge - INFO - process ingested knowledge for /app/data/T0015/307419/b5849in/keystone/packages/fields-document/src/DocumentEditor/soft-breaks.test.tsx
2026-01-18 18:39:01,515 - Knowledge - INFO - [WEBSOCKET] Sent: Type=unknown, Size: ?, Duration: 380ms
2026-01-18 18:39:01,634 - Knowledge - INFO - process ingested knowledge for /app/data/T0015/307419/b5849in/keystone/packages/fields-document/src/DocumentEditor/alignment.tsx
2026-01-18 18:39:01,797 - Knowledge - INFO - Progress: 53.8% | Files: 702/1306 | Rate: 2.21 files/sec | Queue: 468
2026-01-18 18:39:01,930 - Knowledge - INFO - process ingested knowledge for /app/data/T0015/307419/b5849in/keystone/packages/fields-document/src/DocumentEditor/layouts.test.tsx
2026-01-18 18:39:02,049 - Knowledge - INFO - [kw6] Queue=468, InProgress=0, PendingWorkers=20/20, Completed=702/1306 (53.8%)
2026-01-18 18:39:02,240 - Knowledge - INFO - process ingested knowledge for /app/data/T0015/307419/b5849in/keystone/packages/fields-document/src/DocumentEditor/block-markdown-shortcuts.ts
2026-01-18 18:39:02,391 - Knowledge - INFO - Batch sizing: calculated=6, max_allowed=10, queue=468, active_workers=20/20
2026-01-18 18:39:02,509 - Knowledge - INFO - process ingested knowledge for /app/data/T0015/307419/b5849in/keystone/packages/fields-document/src/DocumentEditor/divider.test.tsx
2026-01-18 18:39:02,669 - Knowledge - INFO - Async storing batch of 8 embeddings
2026-01-18 18:39:02,762 - Knowledge - INFO - process ingested knowledge for /app/data/T0015/307419/b5849in/keystone/packages/fields-document/src/DocumentEditor/insert-menu.test.tsx
2026-01-18 18:39:02,842 - Knowledge - INFO - [LLM_CALL] Completed: admin-meta-graphql.ts:chunk1, Duration: 33340ms, PromptTokens: 6804, CompletionTokens: 302, Cost: $0.00080
2026-01-18 18:39:02,859 - Knowledge - INFO - Worker kw6 processing /app/data/T0015/307419/b5849in/keystone/packages/fields-document/src/DocumentEditor/component-blocks/child-field-in-recursive-array-field.test.tsx
2026-01-18 18:39:03,051 - Knowledge - INFO - done ingest for /app/data/T0015/307419/b5849in/keystone/packages/core/src/lib/admin-meta-graphql.ts
2026-01-18 18:39:03,151 - Knowledge - INFO - Fast-tracked /app/data/T0015/307419/b5849in/keystone/packages/fields-document/src/DocumentEditor/component-blocks/child-field-in-recursive-array-field.test.tsx (ext=.tsx, size=3690)
2026-01-18 18:39:03,335 - Knowledge - INFO - Fast-tracked /app/data/T0015/307419/b5849in/keystone/packages/core/src/lib/graphql.ts (small file (2142 bytes))
2026-01-18 18:39:03,414 - Knowledge - INFO - Worker kw6 processing /app/data/T0015/307419/b5849in/keystone/packages/fields-document/src/DocumentEditor/component-blocks/preview-props.test.ts
2026-01-18 18:39:03,415 - Knowledge - INFO - [LLM_CALL] Completed: system.ts:chunk1, Duration: 46346ms, PromptTokens: 3796, CompletionTokens: 494, Cost: $0.00058
2026-01-18 18:39:03,542 - Knowledge - INFO - Async storage completed for 8 embeddings
2026-01-18 18:39:03,686 - Knowledge - INFO - Fast-tracked /app/data/T0015/307419/b5849in/keystone/packages/fields-document/src/DocumentEditor/component-blocks/preview-props.test.ts (ext=.ts, size=3606)
2026-01-18 18:39:03,784 - Knowledge - INFO - done ingest for /app/data/T0015/307419/b5849in/keystone/packages/core/src/lib/system.ts
2026-01-18 18:39:04,039 - Knowledge - INFO - Worker kw6 processing /app/data/T0015/307419/b5849in/keystone/packages/fields-document/src/DocumentEditor/component-blocks/utils.ts
2026-01-18 18:39:04,127 - Knowledge - INFO - [kw13] Queue=462, InProgress=0, PendingWorkers=20/20, Completed=703/1306 (53.8%)
2026-01-18 18:39:04,186 - Knowledge - INFO - Processing batch of 8 files
2026-01-18 18:39:04,229 - Knowledge - INFO - Worker kw6 processing /app/data/T0015/307419/b5849in/keystone/packages/fields-document/src/DocumentEditor/component-blocks/insertion-and-preview-props.test.tsx
2026-01-18 18:39:04,342 - Knowledge - INFO - Batch sizing: calculated=6, max_allowed=10, queue=462, active_workers=20/20
2026-01-18 18:39:04,428 - Knowledge - INFO - process ingested knowledge for /app/data/T0015/307419/b5849in/keystone/packages/core/src/lib/migrations.ts
2026-01-18 18:39:04,532 - Knowledge - INFO - Fast-tracked /app/data/T0015/307419/b5849in/keystone/packages/fields-document/src/DocumentEditor/component-blocks/insertion-and-preview-props.test.tsx (ext=.tsx, size=14347)
2026-01-18 18:39:04,612 - Knowledge - INFO - Async storing batch of 8 embeddings
2026-01-18 18:39:04,712 - Knowledge - INFO - process ingested knowledge for /app/data/T0015/307419/b5849in/keystone/packages/core/src/lib/admin-meta.ts
2026-01-18 18:39:04,812 - Knowledge - INFO - Worker kw6 processing /app/data/T0015/307419/b5849in/keystone/packages/fields-document/src/DocumentEditor/component-blocks/field-assertions.ts
2026-01-18 18:39:04,925 - Knowledge - INFO - Worker kw13 processing /app/data/T0015/307419/b5849in/keystone/packages/fields-document/src/DocumentEditor/component-blocks/multi-child-field-in-array-field.test.tsx
2026-01-18 18:39:05,001 - Knowledge - INFO - process ingested knowledge for /app/data/T0015/307419/b5849in/keystone/packages/core/src/lib/prompts.ts
2026-01-18 18:39:05,120 - Knowledge - INFO - Fast-tracked /app/data/T0015/307419/b5849in/keystone/packages/core/src/fields/types/image/views/index.tsx (small file (2330 bytes))
2026-01-18 18:39:05,127 - Knowledge - INFO - Worker kw6 processing /app/data/T0015/307419/b5849in/keystone/packages/fields-document/src/DocumentEditor/component-blocks/form-from-preview.tsx
2026-01-18 18:39:05,204 - Knowledge - INFO - Fast-tracked /app/data/T0015/307419/b5849in/keystone/packages/fields-document/src/DocumentEditor/component-blocks/multi-child-field-in-array-field.test.tsx (ext=.tsx, size=7544)
2026-01-18 18:39:05,284 - Knowledge - INFO - process ingested knowledge for /app/data/T0015/307419/b5849in/keystone/packages/core/src/lib/system.ts
2026-01-18 18:39:05,370 - Knowledge - INFO - Async storage completed for 8 embeddings
2026-01-18 18:39:05,532 - Knowledge - INFO - Worker kw13 processing /app/data/T0015/307419/b5849in/keystone/packages/fields-document/src/DocumentEditor/component-blocks/chromeful-element.tsx
2026-01-18 18:39:05,615 - Knowledge - INFO - process ingested knowledge for /app/data/T0015/307419/b5849in/keystone/packages/core/src/lib/utils.ts
2026-01-18 18:39:05,811 - Knowledge - INFO - Worker kw13 processing /app/data/T0015/307419/b5849in/keystone/packages/fields-document/src/DocumentEditor/component-blocks/chromeless-element.tsx
2026-01-18 18:39:05,899 - Knowledge - INFO - process ingested knowledge for /app/data/T0015/307419/b5849in/keystone/packages/core/src/lib/admin-meta-graphql.ts
2026-01-18 18:39:06,185 - Knowledge - INFO - process ingested knowledge for /app/data/T0015/307419/b5849in/keystone/packages/core/src/lib/otel.ts
2026-01-18 18:39:06,191 - Knowledge - INFO - Fast-tracked /app/data/T0015/307419/b5849in/keystone/packages/fields-document/src/DocumentEditor/component-blocks/chromeless-element.tsx (ext=.tsx, size=1813)
2026-01-18 18:39:06,524 - Knowledge - INFO - process ingested knowledge for /app/data/T0015/307419/b5849in/keystone/packages/core/src/lib/coerceAndValidateForGraphQLInput.ts
2026-01-18 18:39:06,653 - Knowledge - INFO - Worker kw13 processing /app/data/T0015/307419/b5849in/keystone/packages/fields-document/src/DocumentEditor/component-blocks/index.tsx
2026-01-18 18:39:06,832 - Knowledge - INFO - Worker kw13 processing /app/data/T0015/307419/b5849in/keystone/packages/fields-document/src/DocumentEditor/component-blocks/component-block-render.tsx
2026-01-18 18:39:07,019 - Knowledge - INFO - Worker kw13 processing /app/data/T0015/307419/b5849in/keystone/packages/fields-document/src/DocumentEditor/component-blocks/api-shared.ts
2026-01-18 18:39:07,453 - Knowledge - INFO - [kw7] Queue=456, InProgress=0, PendingWorkers=20/20, Completed=710/1306 (54.4%)
2026-01-18 18:39:07,659 - Knowledge - INFO - Batch sizing: calculated=6, max_allowed=10, queue=456, active_workers=20/20
2026-01-18 18:39:07,821 - Knowledge - INFO - Async storing batch of 8 embeddings
2026-01-18 18:39:08,120 - Knowledge - INFO - Worker kw7 processing /app/data/T0015/307419/b5849in/keystone/packages/fields-document/src/DocumentEditor/component-blocks/fields-ui-empty.tsx
2026-01-18 18:39:08,399 - Knowledge - INFO - Fast-tracked /app/data/T0015/307419/b5849in/keystone/packages/fields-document/src/DocumentEditor/component-blocks/fields-ui-empty.tsx (ext=.tsx, size=454)
2026-01-18 18:39:08,698 - Knowledge - INFO - Worker kw7 processing /app/data/T0015/307419/b5849in/keystone/packages/fields-document/src/DocumentEditor/component-blocks/array-field.test.tsx
2026-01-18 18:39:08,875 - Knowledge - INFO - Fast-tracked /app/data/T0015/307419/b5849in/keystone/packages/fields-document/src/DocumentEditor/component-blocks/array-field.test.tsx (ext=.tsx, size=11687)
2026-01-18 18:39:09,063 - Knowledge - INFO - Worker kw7 processing /app/data/T0015/307419/b5849in/keystone/packages/fields-document/src/DocumentEditor/component-blocks/nested-array-field.test.tsx
2026-01-18 18:39:09,245 - Knowledge - INFO - Fast-tracked /app/data/T0015/307419/b5849in/keystone/packages/fields-document/src/DocumentEditor/component-blocks/nested-array-field.test.tsx (ext=.tsx, size=8638)
2026-01-18 18:39:09,446 - Knowledge - INFO - Worker kw7 processing /app/data/T0015/307419/b5849in/keystone/packages/fields-document/src/DocumentEditor/component-blocks/api.tsx
2026-01-18 18:39:09,603 - Knowledge - INFO - Worker kw7 processing /app/data/T0015/307419/b5849in/keystone/packages/fields-document/src/DocumentEditor/component-blocks/field-assertions.test.ts
2026-01-18 18:39:09,791 - Knowledge - INFO - Fast-tracked /app/data/T0015/307419/b5849in/keystone/packages/fields-document/src/DocumentEditor/component-blocks/field-assertions.test.ts (ext=.ts, size=6402)
2026-01-18 18:39:10,197 - Knowledge - INFO - Worker kw7 processing /app/data/T0015/307419/b5849in/keystone/packages/fields-document/src/DocumentEditor/component-blocks/fields-ui.tsx
2026-01-18 18:39:11,872 - Knowledge - INFO - Fast-tracked /app/data/T0015/307419/b5849in/keystone/packages/fields-document/src/DocumentEditor/slate-types.ts (small file (2067 bytes))
2026-01-18 18:39:13,425 - Knowledge - INFO - Async storage completed for 8 embeddings
2026-01-18 18:39:15,456 - Knowledge - INFO - [LLM_CALL] Completed: index.ts:chunk1, Duration: 12322ms, PromptTokens: 4126, CompletionTokens: 272, Cost: $0.00052
2026-01-18 18:39:15,635 - Knowledge - INFO - done ingest for /app/data/T0015/307419/b5849in/keystone/packages/core/src/fields/types/select/index.ts
2026-01-18 18:39:16,066 - Knowledge - INFO - [LLM_CALL] Completed: sqlite.ts:chunk1, Duration: 79311ms, PromptTokens: 9370, CompletionTokens: 276, Cost: $0.00105
2026-01-18 18:39:16,271 - Knowledge - INFO - done ingest for /app/data/T0015/307419/b5849in/keystone/packages/core/src/fields/filters/providers/sqlite.ts
2026-01-18 18:39:17,637 - Knowledge - WARNING - Timeout processing /app/data/T0015/307419/b5849in/keystone/packages/core/src/fields/filters/providers/mysql.ts after 90s - using fallback metadata
2026-01-18 18:39:17,751 - Knowledge - INFO - done ingest for /app/data/T0015/307419/b5849in/keystone/packages/core/src/fields/types/bytes/index.ts
2026-01-18 18:39:17,858 - Knowledge - WARNING - Timeout processing /app/data/T0015/307419/b5849in/keystone/packages/core/src/fields/types/select/views/index.tsx after 90s - using fallback metadata
2026-01-18 18:39:17,947 - Knowledge - INFO - Async storage completed for 8 embeddings
2026-01-18 18:39:18,069 - Knowledge - WARNING - Timeout processing /app/data/T0015/307419/b5849in/keystone/packages/core/src/fields/types/file/views/Field.tsx after 90s - using fallback metadata
2026-01-18 18:39:18,432 - Knowledge - INFO - Fast-tracked /app/data/T0015/307419/b5849in/keystone/packages/core/src/lib/middleware.ts (small file (2072 bytes))
2026-01-18 18:39:18,447 - Knowledge - INFO - done ingest for /app/data/T0015/307419/b5849in/keystone/packages/core/src/fields/types/decimal/views/index.tsx
2026-01-18 18:39:18,530 - Knowledge - WARNING - Timeout processing /app/data/T0015/307419/b5849in/keystone/packages/core/src/fields/types/relationship/views/RelationshipTable.tsx after 90s - using fallback metadata
2026-01-18 18:39:18,799 - Knowledge - INFO - [LLM_CALL] Completed: utils.ts:chunk1, Duration: 13123ms, PromptTokens: 2292, CompletionTokens: 399, Cost: $0.00039
2026-01-18 18:39:19,055 - Knowledge - WARNING - Timeout processing /app/data/T0015/307419/b5849in/keystone/packages/core/src/fields/types/timestamp/index.ts after 90s - using fallback metadata
2026-01-18 18:39:19,167 - Knowledge - INFO - done ingest for /app/data/T0015/307419/b5849in/keystone/packages/fields-document/src/DocumentEditor/pasting/utils.ts
2026-01-18 18:39:19,168 - Knowledge - INFO - done ingest for /app/data/T0015/307419/b5849in/keystone/packages/core/src/fields/types/decimal/index.ts
2026-01-18 18:39:19,205 - Knowledge - INFO - Processing batch of 8 files
2026-01-18 18:39:19,289 - Knowledge - WARNING - Timeout processing /app/data/T0015/307419/b5849in/keystone/packages/core/src/fields/types/relationship/views/useFilter.tsx after 90s - using fallback metadata
2026-01-18 18:39:19,597 - Knowledge - INFO - process ingested knowledge for /app/data/T0015/307419/b5849in/keystone/packages/core/src/fields/filters/providers/mysql.ts
2026-01-18 18:39:19,741 - Knowledge - WARNING - Timeout processing /app/data/T0015/307419/b5849in/keystone/packages/core/src/fields/types/relationship/views/ComboboxSingle.tsx after 90s - using fallback metadata
2026-01-18 18:39:19,852 - Knowledge - INFO - process ingested knowledge for /app/data/T0015/307419/b5849in/keystone/packages/core/src/fields/filters/providers/sqlite.ts
2026-01-18 18:39:19,997 - Knowledge - WARNING - Timeout processing /app/data/T0015/307419/b5849in/keystone/packages/core/src/fields/types/relationship/views/index.tsx after 90s - using fallback metadata
2026-01-18 18:39:20,176 - Knowledge - INFO - process ingested knowledge for /app/data/T0015/307419/b5849in/keystone/packages/core/src/fields/filters/index.ts
2026-01-18 18:39:20,294 - Knowledge - WARNING - Timeout processing /app/data/T0015/307419/b5849in/keystone/packages/core/src/fields/types/relationship/views/ContextualActions.tsx after 90s - using fallback metadata
2026-01-18 18:39:20,415 - Knowledge - INFO - process ingested knowledge for /app/data/T0015/307419/b5849in/keystone/packages/core/src/fields/filters/enum-filter.ts
2026-01-18 18:39:20,736 - Knowledge - INFO - process ingested knowledge for /app/data/T0015/307419/b5849in/keystone/packages/core/src/fields/types/select/views/SegmentedControl.tsx
2026-01-18 18:39:20,879 - Knowledge - INFO - done ingest for /app/data/T0015/307419/b5849in/keystone/packages/core/src/fields/types/text/index.ts
2026-01-18 18:39:20,892 - Knowledge - INFO - [LLM_CALL] Completed: telemetry.ts:chunk1, Duration: 38281ms, PromptTokens: 5600, CompletionTokens: 824, Cost: $0.00089
2026-01-18 18:39:20,984 - Knowledge - INFO - process ingested knowledge for /app/data/T0015/307419/b5849in/keystone/packages/core/src/fields/types/select/views/index.tsx
2026-01-18 18:39:21,238 - Knowledge - INFO - done ingest for /app/data/T0015/307419/b5849in/keystone/packages/core/src/lib/telemetry.ts
2026-01-18 18:39:21,351 - Knowledge - INFO - done ingest for /app/data/T0015/307419/b5849in/keystone/packages/core/src/fields/types/bigInt/views/index.tsx
2026-01-18 18:39:21,364 - Knowledge - INFO - Processing batch of 8 files
2026-01-18 18:39:21,375 - Knowledge - INFO - process ingested knowledge for /app/data/T0015/307419/b5849in/keystone/packages/core/src/fields/types/select/index.ts
2026-01-18 18:39:21,569 - Knowledge - INFO - Processing batch of 8 files
2026-01-18 18:39:21,766 - Knowledge - INFO - process ingested knowledge for /app/data/T0015/307419/b5849in/keystone/packages/core/src/fields/types/timestamp/index.ts
2026-01-18 18:39:21,936 - Knowledge - INFO - process ingested knowledge for /app/data/T0015/307419/b5849in/keystone/packages/core/src/fields/types/file/views/Field.tsx
2026-01-18 18:39:22,037 - Knowledge - INFO - process ingested knowledge for /app/data/T0015/307419/b5849in/keystone/packages/core/src/fields/types/bytes/index.ts
2026-01-18 18:39:22,169 - Knowledge - INFO - process ingested knowledge for /app/data/T0015/307419/b5849in/keystone/packages/core/src/fields/types/relationship/views/useFilter.tsx
2026-01-18 18:39:22,293 - Knowledge - INFO - done ingest for /app/data/T0015/307419/b5849in/keystone/packages/core/src/fields/types/text/views/index.tsx
2026-01-18 18:39:22,574 - Knowledge - INFO - process ingested knowledge for /app/data/T0015/307419/b5849in/keystone/packages/core/src/fields/types/checkbox/views/index.tsx
2026-01-18 18:39:22,603 - Knowledge - INFO - process ingested knowledge for /app/data/T0015/307419/b5849in/keystone/packages/core/src/fields/types/relationship/views/ComboboxSingle.tsx
2026-01-18 18:39:22,641 - Knowledge - INFO - [LLM_CALL] Completed: html.ts:chunk1, Duration: 43629ms, PromptTokens: 4548, CompletionTokens: 435, Cost: $0.00063
2026-01-18 18:39:22,883 - Knowledge - INFO - process ingested knowledge for /app/data/T0015/307419/b5849in/keystone/packages/core/src/fields/types/checkbox/index.ts
2026-01-18 18:39:23,050 - Knowledge - INFO - process ingested knowledge for /app/data/T0015/307419/b5849in/keystone/packages/core/src/fields/types/relationship/views/types.ts
2026-01-18 18:39:23,061 - Knowledge - INFO - done ingest for /app/data/T0015/307419/b5849in/keystone/packages/fields-document/src/DocumentEditor/pasting/html.ts
2026-01-18 18:39:23,072 - Knowledge - INFO - [LLM_CALL] Completed: Field.tsx:chunk1, Duration: 34612ms, PromptTokens: 4842, CompletionTokens: 268, Cost: $0.00059
2026-01-18 18:39:23,245 - Knowledge - INFO - process ingested knowledge for /app/data/T0015/307419/b5849in/keystone/packages/core/src/fields/types/decimal/views/index.tsx
2026-01-18 18:39:23,250 - Knowledge - INFO - process ingested knowledge for /app/data/T0015/307419/b5849in/keystone/packages/core/src/fields/types/relationship/views/index.tsx
2026-01-18 18:39:23,643 - Knowledge - INFO - Async storage completed for 8 embeddings
2026-01-18 18:39:23,718 - Knowledge - INFO - done ingest for /app/data/T0015/307419/b5849in/keystone/packages/core/src/fields/types/image/views/Field.tsx
2026-01-18 18:39:23,820 - Knowledge - INFO - process ingested knowledge for /app/data/T0015/307419/b5849in/keystone/packages/core/src/fields/types/decimal/index.ts
2026-01-18 18:39:23,847 - Knowledge - INFO - Processing batch of 6 files
2026-01-18 18:39:23,916 - Knowledge - INFO - process ingested knowledge for /app/data/T0015/307419/b5849in/keystone/packages/core/src/fields/types/relationship/views/ContextualActions.tsx
2026-01-18 18:39:24,051 - Knowledge - WARNING - Timeout processing /app/data/T0015/307419/b5849in/keystone/packages/core/src/fields/types/integer/index.ts after 90s - using fallback metadata
2026-01-18 18:39:24,083 - Knowledge - INFO - [WEBSOCKET] Sent: Type=progress_update, Size: 294, Duration: 0ms
2026-01-18 18:39:24,311 - Knowledge - INFO - process ingested knowledge for /app/data/T0015/307419/b5849in/keystone/packages/core/src/fields/index.ts
2026-01-18 18:39:24,443 - Knowledge - INFO - process ingested knowledge for /app/data/T0015/307419/b5849in/keystone/packages/fields-document/src/DocumentEditor/pasting/links.test.tsx
2026-01-18 18:39:24,525 - Knowledge - INFO - process ingested knowledge for /app/data/T0015/307419/b5849in/keystone/packages/core/src/fields/types/relationship/views/ComboboxMany.tsx
2026-01-18 18:39:24,632 - Knowledge - WARNING - Timeout processing /app/data/T0015/307419/b5849in/keystone/packages/core/src/fields/types/relationship/views/useApolloQuery.ts after 90s - using fallback metadata
2026-01-18 18:39:24,723 - Knowledge - INFO - [WEBSOCKET] Sent: Type=unknown, Size: ?, Duration: 641ms
2026-01-18 18:39:24,814 - Knowledge - INFO - process ingested knowledge for /app/data/T0015/307419/b5849in/keystone/packages/core/src/lib/telemetry.ts
2026-01-18 18:39:24,901 - Knowledge - INFO - process ingested knowledge for /app/data/T0015/307419/b5849in/keystone/packages/fields-document/src/DocumentEditor/pasting/html.ts
2026-01-18 18:39:24,986 - Knowledge - INFO - process ingested knowledge for /app/data/T0015/307419/b5849in/keystone/packages/core/src/fields/types/relationship/views/RelationshipTable.tsx
2026-01-18 18:39:25,063 - Knowledge - WARNING - Timeout processing /app/data/T0015/307419/b5849in/keystone/packages/core/src/fields/types/relationship/index.ts after 90s - using fallback metadata
2026-01-18 18:39:25,160 - Knowledge - INFO - Progress: 56.7% | Files: 740/1306 | Rate: 2.18 files/sec | Queue: 450
2026-01-18 18:39:25,160 - Knowledge - INFO - done ingest for /app/data/T0015/307419/b5849in/keystone/packages/core/src/fields/types/bigInt/index.ts
2026-01-18 18:39:25,273 - Knowledge - INFO - process ingested knowledge for /app/data/T0015/307419/b5849in/keystone/packages/core/src/lib/graphql.ts
2026-01-18 18:39:25,361 - Knowledge - INFO - process ingested knowledge for /app/data/T0015/307419/b5849in/keystone/packages/fields-document/src/DocumentEditor/pasting/utils.ts
2026-01-18 18:39:25,525 - Knowledge - WARNING - Timeout processing /app/data/T0015/307419/b5849in/keystone/packages/core/src/fields/types/float/views/index.tsx after 90s - using fallback metadata
2026-01-18 18:39:25,665 - Knowledge - INFO - [kw17] Queue=450, InProgress=0, PendingWorkers=20/20, Completed=740/1306 (56.7%)
2026-01-18 18:39:25,977 - Knowledge - INFO - process ingested knowledge for /app/data/T0015/307419/b5849in/keystone/packages/fields-document/src/DocumentEditor/pasting/markdown.test.tsx
2026-01-18 18:39:26,005 - Knowledge - WARNING - Timeout processing /app/data/T0015/307419/b5849in/keystone/packages/core/src/fields/types/float/index.ts after 90s - using fallback metadata
2026-01-18 18:39:26,056 - Knowledge - INFO - Async storage completed for 8 embeddings
2026-01-18 18:39:26,090 - Knowledge - INFO - Batch sizing: calculated=6, max_allowed=10, queue=450, active_workers=20/20
2026-01-18 18:39:26,252 - Knowledge - WARNING - Timeout processing /app/data/T0015/307419/b5849in/keystone/packages/core/src/fields/types/integer/views/index.tsx after 90s - using fallback metadata
2026-01-18 18:39:26,262 - Knowledge - INFO - process ingested knowledge for /app/data/T0015/307419/b5849in/keystone/packages/fields-document/src/DocumentEditor/pasting/random-html.test.tsx
2026-01-18 18:39:26,275 - Knowledge - INFO - Processing batch of 8 files
2026-01-18 18:39:26,560 - Knowledge - INFO - Async storing batch of 8 embeddings
2026-01-18 18:39:26,639 - Knowledge - INFO - [kw8] Queue=444, InProgress=0, PendingWorkers=20/20, Completed=749/1306 (57.4%)
2026-01-18 18:39:26,734 - Knowledge - INFO - process ingested knowledge for /app/data/T0015/307419/b5849in/keystone/packages/fields-document/src/DocumentEditor/pasting/data-transfer.ts
2026-01-18 18:39:26,748 - Knowledge - INFO - Processing batch of 8 files
2026-01-18 18:39:26,797 - Knowledge - INFO - process ingested knowledge for /app/data/T0015/307419/b5849in/keystone/packages/core/src/fields/types/text/views/index.tsx
2026-01-18 18:39:26,897 - Knowledge - INFO - Worker kw17 processing /app/data/T0015/307419/b5849in/keystone/packages/fields-document/src/DocumentEditor/component-blocks/update-element.ts
2026-01-18 18:39:26,927 - Knowledge - INFO - [kw1] Queue=444, InProgress=0, PendingWorkers=20/20, Completed=756/1306 (57.9%)
2026-01-18 18:39:26,986 - Knowledge - INFO - Batch sizing: calculated=6, max_allowed=10, queue=444, active_workers=20/20
2026-01-18 18:39:27,220 - Knowledge - INFO - process ingested knowledge for /app/data/T0015/307419/b5849in/keystone/packages/core/src/fields/types/relationship/views/useApolloQuery.ts
2026-01-18 18:39:27,301 - Knowledge - INFO - process ingested knowledge for /app/data/T0015/307419/b5849in/keystone/packages/core/src/fields/types/text/index.ts
2026-01-18 18:39:27,416 - Knowledge - INFO - Worker kw17 processing /app/data/T0015/307419/b5849in/keystone/packages/fields-document/src/DocumentEditor/link.test.tsx
2026-01-18 18:39:27,506 - Knowledge - INFO - Batch sizing: calculated=6, max_allowed=10, queue=444, active_workers=20/20
2026-01-18 18:39:27,668 - Knowledge - INFO - Async storing batch of 8 embeddings
2026-01-18 18:39:27,670 - Knowledge - INFO - process ingested knowledge for /app/data/T0015/307419/b5849in/keystone/packages/core/src/fields/types/relationship/index.ts
2026-01-18 18:39:27,710 - Knowledge - INFO - Async storage completed for 8 embeddings
2026-01-18 18:39:27,799 - Knowledge - INFO - process ingested knowledge for /app/data/T0015/307419/b5849in/keystone/packages/core/src/fields/types/bigInt/views/index.tsx
2026-01-18 18:39:27,844 - Knowledge - INFO - [kw4] Queue=438, InProgress=0, PendingWorkers=20/20, Completed=756/1306 (57.9%)
2026-01-18 18:39:27,876 - Knowledge - INFO - Fast-tracked /app/data/T0015/307419/b5849in/keystone/packages/fields-document/src/DocumentEditor/link.test.tsx (ext=.tsx, size=3155)
2026-01-18 18:39:27,983 - Knowledge - INFO - Async storing batch of 8 embeddings
2026-01-18 18:39:27,992 - Knowledge - INFO - Fast-tracked /app/data/T0015/307419/b5849in/keystone/packages/core/src/lib/core/utils.ts (small file (2006 bytes))
2026-01-18 18:39:28,088 - Knowledge - INFO - Worker kw8 processing /app/data/T0015/307419/b5849in/keystone/packages/fields-document/src/DocumentEditor/heading.tsx
2026-01-18 18:39:28,165 - Knowledge - INFO - process ingested knowledge for /app/data/T0015/307419/b5849in/keystone/packages/core/src/fields/types/json/views/index.tsx
2026-01-18 18:39:28,308 - Knowledge - INFO - Async storage completed for 8 embeddings
2026-01-18 18:39:28,341 - Knowledge - INFO - process ingested knowledge for /app/data/T0015/307419/b5849in/keystone/packages/core/src/fields/types/bigInt/index.ts
2026-01-18 18:39:28,422 - Knowledge - INFO - Batch sizing: calculated=6, max_allowed=10, queue=438, active_workers=20/20
2026-01-18 18:39:28,518 - Knowledge - INFO - Worker kw17 processing /app/data/T0015/307419/b5849in/keystone/packages/fields-document/src/DocumentEditor/heading-shared.ts
2026-01-18 18:39:28,621 - Knowledge - INFO - Worker kw1 processing /app/data/T0015/307419/b5849in/keystone/packages/fields-document/src/DocumentEditor/relationship-shared.ts
2026-01-18 18:39:28,703 - Knowledge - INFO - Fast-tracked /app/data/T0015/307419/b5849in/keystone/packages/core/src/lib/core/graphql-errors.ts (small file (2768 bytes))
2026-01-18 18:39:28,784 - Knowledge - INFO - Fast-tracked /app/data/T0015/307419/b5849in/keystone/packages/fields-document/src/DocumentEditor/heading.tsx (ext=.tsx, size=340)
2026-01-18 18:39:28,884 - Knowledge - INFO - process ingested knowledge for /app/data/T0015/307419/b5849in/keystone/packages/core/src/fields/types/json/index.ts
2026-01-18 18:39:29,048 - Knowledge - INFO - process ingested knowledge for /app/data/T0015/307419/b5849in/keystone/packages/core/src/fields/types/image/internal-utils.ts
2026-01-18 18:39:29,131 - Knowledge - INFO - Async storing batch of 6 embeddings
2026-01-18 18:39:29,605 - Knowledge - INFO - Fast-tracked /app/data/T0015/307419/b5849in/keystone/packages/fields-document/src/DocumentEditor/heading-shared.ts (ext=.ts, size=1492)
2026-01-18 18:39:29,699 - Knowledge - INFO - Fast-tracked /app/data/T0015/307419/b5849in/keystone/packages/fields-document/src/DocumentEditor/relationship-shared.ts (ext=.ts, size=700)
2026-01-18 18:39:29,793 - Knowledge - INFO - Async storage completed for 8 embeddings
2026-01-18 18:39:29,829 - Knowledge - INFO - done ingest for /app/data/T0015/307419/b5849in/keystone/packages/fields-document/src/DocumentEditor/pasting/index.ts
2026-01-18 18:39:29,913 - Knowledge - INFO - Worker kw8 processing /app/data/T0015/307419/b5849in/keystone/packages/fields-document/src/DocumentEditor/tests/utils.tsx
2026-01-18 18:39:30,193 - Knowledge - INFO - process ingested knowledge for /app/data/T0015/307419/b5849in/keystone/packages/core/src/fields/types/float/views/index.tsx
2026-01-18 18:39:30,363 - Knowledge - INFO - process ingested knowledge for /app/data/T0015/307419/b5849in/keystone/packages/core/src/fields/types/image/utils.ts
2026-01-18 18:39:30,449 - Knowledge - INFO - Worker kw4 processing /app/data/T0015/307419/b5849in/keystone/packages/fields-document/src/DocumentEditor/relationship.tsx
2026-01-18 18:39:30,543 - Knowledge - INFO - Worker kw17 processing /app/data/T0015/307419/b5849in/keystone/packages/fields-document/src/DocumentEditor/marks.test.tsx
2026-01-18 18:39:30,663 - Knowledge - INFO - Worker kw1 processing /app/data/T0015/307419/b5849in/keystone/packages/fields-document/src/DocumentEditor/link.tsx
2026-01-18 18:39:30,764 - Knowledge - WARNING - Timeout processing /app/data/T0015/307419/b5849in/keystone/packages/core/src/lib/core/prisma-schema-printer.ts after 90s - using fallback metadata
2026-01-18 18:39:31,137 - Knowledge - INFO - Fast-tracked /app/data/T0015/307419/b5849in/keystone/packages/fields-document/src/DocumentEditor/tests/utils.tsx (ext=.tsx, size=13025)
2026-01-18 18:39:31,151 - Knowledge - INFO - process ingested knowledge for /app/data/T0015/307419/b5849in/keystone/packages/core/src/fields/types/float/index.ts
2026-01-18 18:39:31,317 - Knowledge - INFO - process ingested knowledge for /app/data/T0015/307419/b5849in/keystone/packages/core/src/fields/types/image/views/Field.tsx
2026-01-18 18:39:31,447 - Knowledge - INFO - Worker kw4 processing /app/data/T0015/307419/b5849in/keystone/packages/fields-document/src/relationship-data.ts
2026-01-18 18:39:31,591 - Knowledge - INFO - Fast-tracked /app/data/T0015/307419/b5849in/keystone/packages/fields-document/src/DocumentEditor/marks.test.tsx (ext=.tsx, size=14848)
2026-01-18 18:39:31,644 - Knowledge - INFO - Worker kw1 processing /app/data/T0015/307419/b5849in/keystone/packages/fields-document/src/DocumentEditor/marks.tsx
2026-01-18 18:39:31,771 - Knowledge - WARNING - Timeout processing /app/data/T0015/307419/b5849in/keystone/packages/core/src/lib/core/where-inputs.ts after 90s - using fallback metadata
2026-01-18 18:39:31,976 - Knowledge - INFO - Worker kw8 processing /app/data/T0015/307419/b5849in/keystone/packages/fields-document/src/DocumentEditor/tests/test-utils.test.tsx
2026-01-18 18:39:32,233 - Knowledge - INFO - process ingested knowledge for /app/data/T0015/307419/b5849in/keystone/packages/core/src/fields/types/integer/views/index.tsx
2026-01-18 18:39:32,341 - Knowledge - INFO - process ingested knowledge for /app/data/T0015/307419/b5849in/keystone/packages/core/src/fields/types/image/views/index.tsx
2026-01-18 18:39:32,433 - Knowledge - INFO - Worker kw4 processing /app/data/T0015/307419/b5849in/keystone/packages/fields-document/src/structure-validation.ts
2026-01-18 18:39:32,517 - Knowledge - INFO - Worker kw17 processing /app/data/T0015/307419/b5849in/keystone/packages/fields-document/src/DocumentEditor/index.tsx
2026-01-18 18:39:32,759 - Knowledge - INFO - Worker kw1 processing /app/data/T0015/307419/b5849in/keystone/packages/fields-document/src/DocumentEditor/heading.test.tsx
2026-01-18 18:39:32,843 - Knowledge - WARNING - Timeout processing /app/data/T0015/307419/b5849in/keystone/packages/core/src/lib/core/mutations/index.ts after 90s - using fallback metadata
2026-01-18 18:39:32,979 - Knowledge - INFO - Fast-tracked /app/data/T0015/307419/b5849in/keystone/packages/fields-document/src/DocumentEditor/tests/test-utils.test.tsx (ext=.tsx, size=6452)
2026-01-18 18:39:33,044 - Knowledge - INFO - process ingested knowledge for /app/data/T0015/307419/b5849in/keystone/packages/core/src/fields/types/integer/index.ts
2026-01-18 18:39:33,314 - Knowledge - INFO - Worker kw4 processing /app/data/T0015/307419/b5849in/keystone/packages/fields-document/src/structure-views.tsx
2026-01-18 18:39:33,431 - Knowledge - INFO - Worker kw17 processing /app/data/T0015/307419/b5849in/keystone/packages/fields-document/src/DocumentEditor/leaf.tsx
2026-01-18 18:39:33,658 - Knowledge - INFO - Fast-tracked /app/data/T0015/307419/b5849in/keystone/packages/fields-document/src/DocumentEditor/heading.test.tsx (ext=.tsx, size=2677)
2026-01-18 18:39:33,740 - Knowledge - WARNING - Timeout processing /app/data/T0015/307419/b5849in/keystone/packages/core/src/lib/core/mutations/nested-mutation-many-input-resolvers.ts after 90s - using fallback metadata
2026-01-18 18:39:33,882 - Knowledge - INFO - Worker kw8 processing /app/data/T0015/307419/b5849in/keystone/packages/fields-document/src/DocumentEditor/tests/jsx/namespace.js
2026-01-18 18:39:34,192 - Knowledge - INFO - Worker kw4 processing /app/data/T0015/307419/b5849in/keystone/packages/fields-document/src/index.ts
2026-01-18 18:39:34,408 - Knowledge - INFO - Async storage completed for 8 embeddings
2026-01-18 18:39:34,525 - Knowledge - INFO - Worker kw1 processing /app/data/T0015/307419/b5849in/keystone/packages/fields-document/src/DocumentEditor/link-shared.ts
2026-01-18 18:39:34,614 - Knowledge - WARNING - Timeout processing /app/data/T0015/307419/b5849in/keystone/packages/core/src/lib/core/initialise-lists.ts after 90s - using fallback metadata
2026-01-18 18:39:34,733 - Knowledge - INFO - Fast-tracked /app/data/T0015/307419/b5849in/keystone/packages/fields-document/src/DocumentEditor/tests/jsx/namespace.js (ext=.js, size=31)
2026-01-18 18:39:34,755 - Knowledge - INFO - done ingest for /app/data/T0015/307419/b5849in/keystone/packages/fields-document/src/DocumentEditor/utils.ts
2026-01-18 18:39:34,918 - Knowledge - INFO - Worker kw4 processing /app/data/T0015/307419/b5849in/keystone/packages/fields-document/src/views.tsx
2026-01-18 18:39:35,196 - Knowledge - INFO - Worker kw1 processing /app/data/T0015/307419/b5849in/keystone/packages/fields-document/src/DocumentEditor/utils-hooks.tsx
2026-01-18 18:39:35,407 - Knowledge - INFO - [LLM_CALL] Completed: structure.ts:chunk1, Duration: 22678ms, PromptTokens: 2878, CompletionTokens: 373, Cost: $0.00044
2026-01-18 18:39:35,526 - Knowledge - INFO - Worker kw8 processing /app/data/T0015/307419/b5849in/keystone/packages/fields-document/src/DocumentEditor/tests/jsx/namespace.d.ts
2026-01-18 18:39:35,788 - Knowledge - INFO - Fast-tracked /app/data/T0015/307419/b5849in/keystone/packages/fields-document/src/views.tsx (ext=.tsx, size=1499)
2026-01-18 18:39:35,872 - Knowledge - INFO - Async storage completed for 8 embeddings
2026-01-18 18:39:35,980 - Knowledge - INFO - done ingest for /app/data/T0015/307419/b5849in/keystone/packages/fields-document/src/structure.ts
2026-01-18 18:39:35,983 - Knowledge - INFO - [LLM_CALL] Completed: initial-values.ts:chunk1, Duration: 18687ms, PromptTokens: 3126, CompletionTokens: 374, Cost: $0.00046
2026-01-18 18:39:36,076 - Knowledge - INFO - Fast-tracked /app/data/T0015/307419/b5849in/keystone/packages/fields-document/src/DocumentEditor/tests/jsx/namespace.d.ts (ext=.ts, size=1880)
2026-01-18 18:39:36,173 - Knowledge - INFO - Fast-tracked /app/data/T0015/307419/b5849in/keystone/packages/fields-document/src/DocumentEditor/relationship.tsx (small file (2732 bytes))
2026-01-18 18:39:36,316 - Knowledge - WARNING - Timeout processing /app/data/T0015/307419/b5849in/keystone/packages/core/src/fields/types/bytes/views/index.tsx after 90s - using fallback metadata
2026-01-18 18:39:36,506 - Knowledge - INFO - done ingest for /app/data/T0015/307419/b5849in/keystone/packages/fields-document/src/DocumentEditor/component-blocks/initial-values.ts
2026-01-18 18:39:36,622 - Knowledge - INFO - [kw3] Queue=426, InProgress=0, PendingWorkers=20/20, Completed=759/1306 (58.1%)
2026-01-18 18:39:36,640 - Knowledge - INFO - Worker kw8 processing /app/data/T0015/307419/b5849in/keystone/packages/fields-document/src/DocumentEditor/tests/jsx/impl.ts
2026-01-18 18:39:36,714 - Knowledge - INFO - [kw15] Queue=426, InProgress=0, PendingWorkers=20/20, Completed=760/1306 (58.2%)
2026-01-18 18:39:36,729 - Knowledge - INFO - Async storage completed for 8 embeddings
2026-01-18 18:39:36,836 - Knowledge - WARNING - Timeout processing /app/data/T0015/307419/b5849in/keystone/packages/core/src/fields/types/image/index.ts after 90s - using fallback metadata
2026-01-18 18:39:37,051 - Knowledge - INFO - Batch sizing: calculated=6, max_allowed=10, queue=426, active_workers=20/20
2026-01-18 18:39:37,190 - Knowledge - INFO - [LLM_CALL] Completed: structure-graphql-output.ts:chunk1, Duration: 45234ms, PromptTokens: 3696, CompletionTokens: 398, Cost: $0.00053
2026-01-18 18:39:37,207 - Knowledge - INFO - Fast-tracked /app/data/T0015/307419/b5849in/keystone/packages/fields-document/src/DocumentEditor/tests/jsx/impl.ts (ext=.ts, size=445)
2026-01-18 18:39:37,283 - Knowledge - INFO - Batch sizing: calculated=6, max_allowed=10, queue=426, active_workers=20/20
2026-01-18 18:39:37,500 - Knowledge - INFO - Async storage completed for 8 embeddings
2026-01-18 18:39:37,632 - Knowledge - WARNING - Timeout processing /app/data/T0015/307419/b5849in/keystone/packages/core/src/fields/types/password/views/index.tsx after 90s - using fallback metadata
2026-01-18 18:39:37,828 - Knowledge - WARNING - Timeout processing /app/data/T0015/307419/b5849in/keystone/packages/core/src/lib/core/resolve-relationships.ts after 90s - using fallback metadata
2026-01-18 18:39:37,929 - Knowledge - INFO - done ingest for /app/data/T0015/307419/b5849in/keystone/packages/fields-document/src/structure-graphql-output.ts
2026-01-18 18:39:37,955 - Knowledge - INFO - Processing batch of 6 files
2026-01-18 18:39:38,013 - Knowledge - INFO - Async storing batch of 8 embeddings
2026-01-18 18:39:38,043 - Knowledge - INFO - Async storage completed for 8 embeddings
2026-01-18 18:39:38,158 - Knowledge - INFO - Async storing batch of 8 embeddings
2026-01-18 18:39:38,281 - Knowledge - INFO - Processing batch of 8 files
2026-01-18 18:39:38,392 - Knowledge - WARNING - Timeout processing /app/data/T0015/307419/b5849in/keystone/packages/core/src/fields/types/password/index.ts after 90s - using fallback metadata
2026-01-18 18:39:38,502 - Knowledge - WARNING - Timeout processing /app/data/T0015/307419/b5849in/keystone/packages/core/src/lib/core/queries/resolvers.ts after 90s - using fallback metadata
2026-01-18 18:39:38,550 - Knowledge - INFO - [LLM_CALL] Completed: with-component-blocks.tsx:chunk1, Duration: 38027ms, PromptTokens: 9470, CompletionTokens: 834, Cost: $0.00128
2026-01-18 18:39:38,875 - Knowledge - INFO - process ingested knowledge for /app/data/T0015/307419/b5849in/keystone/packages/fields-document/src/DocumentEditor/pasting/index.ts
2026-01-18 18:39:39,054 - Knowledge - INFO - Worker kw3 processing /app/data/T0015/307419/b5849in/keystone/packages/fields-document/src/component-blocks.tsx
2026-01-18 18:39:39,392 - Knowledge - INFO - Worker kw15 processing /app/data/T0015/307419/b5849in/keystone/packages/fields-document/ARCHITECTURE.md
2026-01-18 18:39:39,559 - Knowledge - INFO - process ingested knowledge for /app/data/T0015/307419/b5849in/keystone/packages/core/src/lib/core/prisma-schema-printer.ts
2026-01-18 18:39:39,697 - Knowledge - WARNING - Timeout processing /app/data/T0015/307419/b5849in/keystone/packages/core/src/fields/types/multiselect/views/index.tsx after 90s - using fallback metadata
2026-01-18 18:39:39,820 - Knowledge - WARNING - Timeout processing /app/data/T0015/307419/b5849in/keystone/packages/core/src/lib/core/queries/output-field.ts after 90s - using fallback metadata
2026-01-18 18:39:39,911 - Knowledge - INFO - done ingest for /app/data/T0015/307419/b5849in/keystone/packages/fields-document/src/DocumentEditor/component-blocks/with-component-blocks.tsx
2026-01-18 18:39:39,911 - Knowledge - INFO - [LLM_CALL] Completed: validation.ts:chunk1, Duration: 69647ms, PromptTokens: 3530, CompletionTokens: 451, Cost: $0.00053
2026-01-18 18:39:40,005 - Knowledge - INFO - process ingested knowledge for /app/data/T0015/307419/b5849in/keystone/packages/fields-document/src/DocumentEditor/pasting/pasting-from-other-slate-editor.test.tsx
2026-01-18 18:39:40,083 - Knowledge - INFO - Fast-tracked /app/data/T0015/307419/b5849in/keystone/packages/fields-document/src/component-blocks.tsx (ext=.tsx, size=358)
2026-01-18 18:39:40,195 - Knowledge - INFO - Fast-tracked /app/data/T0015/307419/b5849in/keystone/packages/fields-document/ARCHITECTURE.md (ext=.md, size=8140)
2026-01-18 18:39:40,274 - Knowledge - INFO - process ingested knowledge for /app/data/T0015/307419/b5849in/keystone/packages/core/src/lib/core/where-inputs.ts
2026-01-18 18:39:40,399 - Knowledge - WARNING - Timeout processing /app/data/T0015/307419/b5849in/keystone/packages/core/src/fields/types/multiselect/index.ts after 90s - using fallback metadata
2026-01-18 18:39:40,472 - Knowledge - WARNING - Timeout processing /app/data/T0015/307419/b5849in/keystone/packages/core/src/lib/core/field-assertions.ts after 90s - using fallback metadata
2026-01-18 18:39:40,667 - Knowledge - INFO - done ingest for /app/data/T0015/307419/b5849in/keystone/packages/fields-document/src/validation.ts
2026-01-18 18:39:40,669 - Knowledge - INFO - [LLM_CALL] Completed: layouts.tsx:chunk1, Duration: 43023ms, PromptTokens: 3070, CompletionTokens: 389, Cost: $0.00046
2026-01-18 18:39:40,761 - Knowledge - INFO - process ingested knowledge for /app/data/T0015/307419/b5849in/keystone/packages/fields-document/src/DocumentEditor/pasting/test-utils.tsx
2026-01-18 18:39:40,843 - Knowledge - INFO - Worker kw3 processing /app/data/T0015/307419/b5849in/keystone/packages/fields-document/src/views-shared.ts
2026-01-18 18:39:40,955 - Knowledge - INFO - Worker kw15 processing /app/data/T0015/307419/b5849in/keystone/packages/fields-document/views/package.json
2026-01-18 18:39:40,985 - Knowledge - INFO - Async storage completed for 8 embeddings
2026-01-18 18:39:41,046 - Knowledge - INFO - process ingested knowledge for /app/data/T0015/307419/b5849in/keystone/packages/core/src/lib/core/mutations/nested-mutation-one-input-resolvers.ts
2026-01-18 18:39:41,259 - Knowledge - WARNING - Timeout processing /app/data/T0015/307419/b5849in/keystone/packages/core/src/fields/types/virtual/index.ts after 90s - using fallback metadata
2026-01-18 18:39:41,379 - Knowledge - WARNING - Timeout processing /app/data/T0015/307419/b5849in/keystone/packages/core/src/lib/core/hooks.ts after 90s - using fallback metadata
2026-01-18 18:39:41,625 - Knowledge - INFO - done ingest for /app/data/T0015/307419/b5849in/keystone/packages/fields-document/src/DocumentEditor/layouts.tsx
2026-01-18 18:39:41,741 - Knowledge - INFO - process ingested knowledge for /app/data/T0015/307419/b5849in/keystone/packages/fields-document/src/DocumentEditor/pasting/html-from-other-editors.test.tsx
2026-01-18 18:39:41,852 - Knowledge - INFO - Worker kw3 processing /app/data/T0015/307419/b5849in/keystone/packages/fields-document/src/structure-graphql-input.ts
2026-01-18 18:39:41,936 - Knowledge - INFO - Processing batch of 8 files
2026-01-18 18:39:41,962 - Knowledge - INFO - Fast-tracked /app/data/T0015/307419/b5849in/keystone/packages/fields-document/views/package.json (ext=.json, size=121)
2026-01-18 18:39:42,172 - Knowledge - INFO - process ingested knowledge for /app/data/T0015/307419/b5849in/keystone/packages/core/src/lib/core/mutations/index.ts
2026-01-18 18:39:42,203 - Knowledge - INFO - Processing batch of 6 files
2026-01-18 18:39:42,379 - Knowledge - INFO - Fast-tracked /app/data/T0015/307419/b5849in/keystone/packages/fields-document/src/DocumentEditor/component-blocks/component-block-render.tsx (small file (3042 bytes))
2026-01-18 18:39:42,386 - Knowledge - INFO - Async storage completed for 8 embeddings
2026-01-18 18:39:42,403 - Knowledge - WARNING - Timeout processing /app/data/T0015/307419/b5849in/keystone/packages/core/src/lib/core/access-control.ts after 90s - using fallback metadata
2026-01-18 18:39:42,422 - Knowledge - INFO - Processing batch of 6 files
2026-01-18 18:39:42,495 - Knowledge - INFO - [LLM_CALL] Completed: layouts-shared.ts:chunk1, Duration: 65261ms, PromptTokens: 2180, CompletionTokens: 306, Cost: $0.00034
2026-01-18 18:39:42,969 - Knowledge - INFO - process ingested knowledge for /app/data/T0015/307419/b5849in/keystone/packages/fields-document/src/DocumentEditor/blockquote.tsx
2026-01-18 18:39:43,112 - Knowledge - INFO - Worker kw3 processing /app/data/T0015/307419/b5849in/keystone/packages/fields-document/package.json
2026-01-18 18:39:43,191 - Knowledge - INFO - process ingested knowledge for /app/data/T0015/307419/b5849in/keystone/packages/core/fields/types/bytes/package.json
2026-01-18 18:39:43,273 - Knowledge - INFO - Worker kw15 processing /app/data/T0015/307419/b5849in/keystone/packages/fields-document/component-blocks/package.json
2026-01-18 18:39:43,353 - Knowledge - INFO - process ingested knowledge for /app/data/T0015/307419/b5849in/keystone/packages/core/src/lib/core/mutations/nested-mutation-many-input-resolvers.ts
2026-01-18 18:39:43,441 - Knowledge - INFO - process ingested knowledge for /app/data/T0015/307419/b5849in/keystone/packages/fields-document/src/DocumentEditor/heading.tsx
2026-01-18 18:39:43,627 - Knowledge - INFO - Async storage completed for 8 embeddings
2026-01-18 18:39:43,907 - Knowledge - INFO - process ingested knowledge for /app/data/T0015/307419/b5849in/keystone/packages/fields-document/src/DocumentEditor/component-blocks/utils.test.ts
2026-01-18 18:39:43,999 - Knowledge - INFO - done ingest for /app/data/T0015/307419/b5849in/keystone/packages/fields-document/src/DocumentEditor/layouts-shared.ts
2026-01-18 18:39:44,001 - Knowledge - INFO - [LLM_CALL] Completed: preview-props.ts:chunk1, Duration: 24218ms, PromptTokens: 6396, CompletionTokens: 393, Cost: $0.00080
2026-01-18 18:39:44,088 - Knowledge - INFO - process ingested knowledge for /app/data/T0015/307419/b5849in/keystone/packages/fields-document/src/DocumentEditor/utils.ts
2026-01-18 18:39:44,303 - Knowledge - INFO - Fast-tracked /app/data/T0015/307419/b5849in/keystone/packages/fields-document/package.json (ext=.json, size=4877)
2026-01-18 18:39:44,466 - Knowledge - INFO - process ingested knowledge for /app/data/T0015/307419/b5849in/keystone/packages/core/fields/types/bytes/views/package.json
2026-01-18 18:39:44,598 - Knowledge - INFO - Fast-tracked /app/data/T0015/307419/b5849in/keystone/packages/fields-document/component-blocks/package.json (ext=.json, size=143)
2026-01-18 18:39:44,697 - Knowledge - INFO - process ingested knowledge for /app/data/T0015/307419/b5849in/keystone/packages/core/src/lib/core/initialise-lists.ts
2026-01-18 18:39:44,838 - Knowledge - INFO - Async storage completed for 8 embeddings
2026-01-18 18:39:44,853 - Knowledge - INFO - process ingested knowledge for /app/data/T0015/307419/b5849in/keystone/packages/fields-document/src/DocumentEditor/tests/utils.tsx
2026-01-18 18:39:44,965 - Knowledge - WARNING - Timeout processing /app/data/T0015/307419/b5849in/keystone/packages/core/src/lib/context/graphql.ts after 90s - using fallback metadata
2026-01-18 18:39:44,968 - Knowledge - INFO - Async storage completed for 8 embeddings
2026-01-18 18:39:45,023 - Knowledge - INFO - process ingested knowledge for /app/data/T0015/307419/b5849in/keystone/packages/fields-document/src/DocumentEditor/component-blocks/with-component-blocks.tsx
2026-01-18 18:39:45,213 - Knowledge - INFO - done ingest for /app/data/T0015/307419/b5849in/keystone/packages/fields-document/src/DocumentEditor/component-blocks/preview-props.ts
2026-01-18 18:39:45,471 - Knowledge - INFO - Worker kw3 processing /app/data/T0015/307419/b5849in/keystone/packages/fields-document/structure-views/package.json
2026-01-18 18:39:45,676 - Knowledge - INFO - process ingested knowledge for /app/data/T0015/307419/b5849in/keystone/packages/core/fields/types/checkbox/views/package.json
2026-01-18 18:39:45,694 - Knowledge - INFO - Processing batch of 8 files
2026-01-18 18:39:45,811 - Knowledge - INFO - Worker kw15 processing /app/data/T0015/307419/b5849in/keystone/packages/fields-document/CHANGELOG.md
2026-01-18 18:39:45,941 - Knowledge - INFO - process ingested knowledge for /app/data/T0015/307419/b5849in/keystone/packages/core/src/lib/core/utils.ts
2026-01-18 18:39:46,023 - Knowledge - INFO - Processing batch of 8 files
2026-01-18 18:39:46,296 - Knowledge - WARNING - Timeout processing /app/data/T0015/307419/b5849in/keystone/packages/core/src/lib/context/createContext.ts after 90s - using fallback metadata
2026-01-18 18:39:46,352 - Knowledge - INFO - process ingested knowledge for /app/data/T0015/307419/b5849in/keystone/packages/fields-document/src/DocumentEditor/tests/test-utils.test.tsx
2026-01-18 18:39:46,737 - Knowledge - INFO - process ingested knowledge for /app/data/T0015/307419/b5849in/keystone/packages/fields-document/src/DocumentEditor/component-blocks/initial-values.ts
2026-01-18 18:39:47,029 - Knowledge - INFO - Fast-tracked /app/data/T0015/307419/b5849in/keystone/packages/fields-document/structure-views/package.json (ext=.json, size=141)
2026-01-18 18:39:47,120 - Knowledge - INFO - process ingested knowledge for /app/data/T0015/307419/b5849in/keystone/packages/core/fields/types/decimal/views/package.json
2026-01-18 18:39:47,222 - Knowledge - INFO - process ingested knowledge for /app/data/T0015/307419/b5849in/keystone/packages/core/src/fields/types/image/index.ts
2026-01-18 18:39:47,359 - Knowledge - INFO - Fast-tracked /app/data/T0015/307419/b5849in/keystone/packages/fields-document/CHANGELOG.md (ext=.md, size=114287)
2026-01-18 18:39:47,370 - Knowledge - INFO - [LLM_CALL] Completed: markdown.ts:chunk1, Duration: 24309ms, PromptTokens: 2526, CompletionTokens: 359, Cost: $0.00040
2026-01-18 18:39:47,451 - Knowledge - INFO - process ingested knowledge for /app/data/T0015/307419/b5849in/keystone/packages/core/src/lib/core/graphql-errors.ts
2026-01-18 18:39:47,611 - Knowledge - INFO - process ingested knowledge for /app/data/T0015/307419/b5849in/keystone/packages/core/src/lib/core/queries/resolvers.ts
2026-01-18 18:39:47,772 - Knowledge - WARNING - Timeout processing /app/data/T0015/307419/b5849in/keystone/packages/core/src/lib/context/api.ts after 90s - using fallback metadata
2026-01-18 18:39:47,928 - Knowledge - INFO - process ingested knowledge for /app/data/T0015/307419/b5849in/keystone/packages/fields-document/src/DocumentEditor/tests/jsx/namespace.js
2026-01-18 18:39:48,074 - Knowledge - INFO - process ingested knowledge for /app/data/T0015/307419/b5849in/keystone/packages/fields-document/src/DocumentEditor/component-blocks/normalization.test.tsx
2026-01-18 18:39:48,212 - Knowledge - INFO - Worker kw3 processing /app/data/T0015/307419/b5849in/keystone/packages/fields-document/primitives/package.json
2026-01-18 18:39:48,341 - Knowledge - INFO - process ingested knowledge for /app/data/T0015/307419/b5849in/keystone/packages/core/CHANGELOG.md
2026-01-18 18:39:48,497 - Knowledge - INFO - process ingested knowledge for /app/data/T0015/307419/b5849in/keystone/packages/core/src/fields/types/password/views/index.tsx
2026-01-18 18:39:48,583 - Knowledge - INFO - Worker kw15 processing /app/data/T0015/307419/b5849in/keystone/packages/document-renderer/src/index.tsx
2026-01-18 18:39:48,768 - Knowledge - INFO - done ingest for /app/data/T0015/307419/b5849in/keystone/packages/fields-document/src/DocumentEditor/pasting/markdown.ts
2026-01-18 18:39:48,796 - Knowledge - INFO - [WEBSOCKET] Sent: Type=progress_update, Size: 293, Duration: 0ms
2026-01-18 18:39:49,219 - Knowledge - WARNING - Timeout processing /app/data/T0015/307419/b5849in/keystone/packages/core/src/lib/id-field.ts after 90s - using fallback metadata
2026-01-18 18:39:49,452 - Knowledge - INFO - process ingested knowledge for /app/data/T0015/307419/b5849in/keystone/packages/core/src/lib/core/queries/index.ts
2026-01-18 18:39:49,475 - Knowledge - INFO - process ingested knowledge for /app/data/T0015/307419/b5849in/keystone/packages/fields-document/src/DocumentEditor/tests/jsx/namespace.d.ts
2026-01-18 18:39:49,479 - Knowledge - INFO - process ingested knowledge for /app/data/T0015/307419/b5849in/keystone/packages/fields-document/src/DocumentEditor/component-blocks/insert-break-and-delete.test.tsx
2026-01-18 18:39:49,608 - Knowledge - INFO - Fast-tracked /app/data/T0015/307419/b5849in/keystone/packages/fields-document/primitives/package.json (ext=.json, size=131)
2026-01-18 18:39:49,885 - Knowledge - INFO - process ingested knowledge for /app/data/T0015/307419/b5849in/keystone/packages/fields-document/src/validation.ts
2026-01-18 18:39:49,886 - Knowledge - INFO - process ingested knowledge for /app/data/T0015/307419/b5849in/keystone/packages/core/src/fields/types/password/index.ts
2026-01-18 18:39:50,039 - Knowledge - INFO - Worker kw15 processing /app/data/T0015/307419/b5849in/keystone/packages/document-renderer/package.json
2026-01-18 18:39:50,299 - Knowledge - INFO - [LLM_CALL] Completed: render-element.tsx:chunk1, Duration: 75048ms, PromptTokens: 2116, CompletionTokens: 352, Cost: $0.00035
2026-01-18 18:39:50,405 - Knowledge - WARNING - Timeout processing /app/data/T0015/307419/b5849in/keystone/packages/core/src/lib/typescript-schema-printer.ts after 90s - using fallback metadata
2026-01-18 18:39:50,412 - Knowledge - INFO - Async storage completed for 8 embeddings
2026-01-18 18:39:50,600 - Knowledge - INFO - process ingested knowledge for /app/data/T0015/307419/b5849in/keystone/packages/core/src/lib/core/queries/output-field.ts
2026-01-18 18:39:50,618 - Knowledge - INFO - process ingested knowledge for /app/data/T0015/307419/b5849in/keystone/packages/fields-document/src/DocumentEditor/tests/jsx/impl.ts
2026-01-18 18:39:50,967 - Knowledge - INFO - process ingested knowledge for /app/data/T0015/307419/b5849in/keystone/packages/fields-document/src/DocumentEditor/component-blocks/document-features-normalization.test.tsx
2026-01-18 18:39:51,058 - Knowledge - INFO - process ingested knowledge for /app/data/T0015/307419/b5849in/keystone/packages/fields-document/src/structure-graphql-output.ts
2026-01-18 18:39:51,071 - Knowledge - INFO - Fast-tracked /app/data/T0015/307419/b5849in/keystone/packages/fields-document/src/DocumentEditor/leaf.tsx (small file (2279 bytes))
2026-01-18 18:39:51,314 - Knowledge - INFO - process ingested knowledge for /app/data/T0015/307419/b5849in/keystone/packages/core/src/fields/types/multiselect/views/index.tsx
2026-01-18 18:39:51,355 - Knowledge - INFO - Fast-tracked /app/data/T0015/307419/b5849in/keystone/packages/document-renderer/package.json (ext=.json, size=726)
2026-01-18 18:39:51,485 - Knowledge - INFO - done ingest for /app/data/T0015/307419/b5849in/keystone/packages/fields-document/src/DocumentEditor/render-element.tsx
2026-01-18 18:39:51,487 - Knowledge - INFO - [WEBSOCKET] Sent: Type=unknown, Size: ?, Duration: 2691ms
2026-01-18 18:39:51,587 - Knowledge - WARNING - Timeout processing /app/data/T0015/307419/b5849in/keystone/packages/core/src/lib/express.ts after 90s - using fallback metadata
2026-01-18 18:39:51,991 - Knowledge - INFO - process ingested knowledge for /app/data/T0015/307419/b5849in/keystone/packages/core/src/lib/core/field-assertions.ts
2026-01-18 18:39:52,434 - Knowledge - INFO - Async storage completed for 8 embeddings
2026-01-18 18:39:52,948 - Knowledge - INFO - process ingested knowledge for /app/data/T0015/307419/b5849in/keystone/packages/fields-document/src/structure.ts
2026-01-18 18:39:53,093 - Knowledge - INFO - Progress: 61.9% | Files: 809/1306 | Rate: 2.22 files/sec | Queue: 414
2026-01-18 18:39:53,145 - Knowledge - INFO - [LLM_CALL] Completed: toolbar-state-shared.ts:chunk1, Duration: 49361ms, PromptTokens: 5130, CompletionTokens: 571, Cost: $0.00074
2026-01-18 18:39:53,784 - Knowledge - INFO - process ingested knowledge for /app/data/T0015/307419/b5849in/keystone/packages/core/src/fields/types/multiselect/index.ts
2026-01-18 18:39:53,824 - Knowledge - INFO - process ingested knowledge for /app/data/T0015/307419/b5849in/keystone/packages/core/src/lib/core/hooks.ts
2026-01-18 18:39:53,899 - Knowledge - INFO - done ingest for /app/data/T0015/307419/b5849in/keystone/packages/fields-document/src/DocumentEditor/toolbar-state-shared.ts
2026-01-18 18:39:53,903 - Knowledge - INFO - [LLM_CALL] Completed: editor-shared.ts:chunk1, Duration: 63004ms, PromptTokens: 5940, CompletionTokens: 659, Cost: $0.00086
2026-01-18 18:39:54,165 - Knowledge - INFO - [kw9] Queue=414, InProgress=0, PendingWorkers=20/20, Completed=811/1306 (62.1%)
2026-01-18 18:39:54,804 - Knowledge - INFO - done ingest for /app/data/T0015/307419/b5849in/keystone/packages/fields-document/src/DocumentEditor/editor-shared.ts
2026-01-18 18:39:54,846 - Knowledge - INFO - [LLM_CALL] Completed: field-assertions.ts:chunk1, Duration: 27710ms, PromptTokens: 2486, CompletionTokens: 239, Cost: $0.00034
2026-01-18 18:39:54,880 - Knowledge - INFO - Batch sizing: calculated=6, max_allowed=10, queue=414, active_workers=20/20
2026-01-18 18:39:54,971 - Knowledge - INFO - process ingested knowledge for /app/data/T0015/307419/b5849in/keystone/packages/core/src/fields/types/virtual/views/index.tsx
2026-01-18 18:39:54,979 - Knowledge - INFO - process ingested knowledge for /app/data/T0015/307419/b5849in/keystone/packages/core/src/lib/core/access-control.ts
2026-01-18 18:39:55,189 - Knowledge - INFO - done ingest for /app/data/T0015/307419/b5849in/keystone/packages/fields-document/src/DocumentEditor/component-blocks/field-assertions.ts
2026-01-18 18:39:55,200 - Knowledge - INFO - [LLM_CALL] Completed: fields-ui.tsx:chunk1, Duration: 24529ms, PromptTokens: 3328, CompletionTokens: 511, Cost: $0.00054
2026-01-18 18:39:55,963 - Knowledge - INFO - done ingest for /app/data/T0015/307419/b5849in/keystone/packages/fields-document/src/DocumentEditor/component-blocks/fields-ui.tsx
2026-01-18 18:39:56,214 - Knowledge - INFO - Async storing batch of 6 embeddings
2026-01-18 18:39:56,214 - Knowledge - INFO - process ingested knowledge for /app/data/T0015/307419/b5849in/keystone/packages/core/src/fields/types/virtual/index.ts
2026-01-18 18:39:56,233 - Knowledge - INFO - process ingested knowledge for /app/data/T0015/307419/b5849in/keystone/packages/core/src/lib/core/filter-order-access.ts
2026-01-18 18:39:56,578 - Knowledge - INFO - Worker kw9 processing /app/data/T0015/307419/b5849in/keystone/packages/document-renderer/CHANGELOG.md
2026-01-18 18:39:56,579 - Knowledge - INFO - [LLM_CALL] Completed: document-features-normalization.ts:chunk1, Duration: 62931ms, PromptTokens: 3090, CompletionTokens: 514, Cost: $0.00051
2026-01-18 18:39:56,940 - Knowledge - INFO - Fast-tracked /app/data/T0015/307419/b5849in/keystone/packages/document-renderer/CHANGELOG.md (ext=.md, size=5818)
2026-01-18 18:39:57,029 - Knowledge - INFO - [kw2] Queue=408, InProgress=0, PendingWorkers=20/20, Completed=815/1306 (62.4%)
2026-01-18 18:39:57,040 - Knowledge - INFO - process ingested knowledge for /app/data/T0015/307419/b5849in/keystone/packages/core/src/fields/types/bytes/views/index.tsx
2026-01-18 18:39:57,056 - Knowledge - INFO - done ingest for /app/data/T0015/307419/b5849in/keystone/packages/fields-document/src/DocumentEditor/document-features-normalization.ts
2026-01-18 18:39:57,284 - Knowledge - INFO - Worker kw9 processing /app/data/T0015/307419/b5849in/keystone/examples/custom-session-redis/package.json
2026-01-18 18:39:57,406 - Knowledge - INFO - Batch sizing: calculated=6, max_allowed=10, queue=408, active_workers=20/20
2026-01-18 18:39:57,789 - Knowledge - INFO - [LLM_CALL] Completed: insert-menu-shared.ts:chunk1, Duration: 88515ms, PromptTokens: 2312, CompletionTokens: 407, Cost: $0.00039
2026-01-18 18:39:57,881 - Knowledge - INFO - Fast-tracked /app/data/T0015/307419/b5849in/keystone/examples/custom-session-redis/package.json (ext=.json, size=498)
2026-01-18 18:39:58,178 - Knowledge - INFO - done ingest for /app/data/T0015/307419/b5849in/keystone/packages/fields-document/src/DocumentEditor/insert-menu-shared.ts
2026-01-18 18:39:58,186 - Knowledge - INFO - process ingested knowledge for /app/data/T0015/307419/b5849in/keystone/packages/core/src/lib/core/resolve-relationships.ts
2026-01-18 18:39:58,343 - Knowledge - INFO - Worker kw9 processing /app/data/T0015/307419/b5849in/keystone/examples/custom-session-redis/schema.ts
2026-01-18 18:39:58,761 - Knowledge - INFO - Processing batch of 6 files
2026-01-18 18:39:58,994 - Knowledge - INFO - [LLM_CALL] Completed: api.tsx:chunk1, Duration: 48257ms, PromptTokens: 5774, CompletionTokens: 682, Cost: $0.00085
2026-01-18 18:39:59,149 - Knowledge - INFO - Fast-tracked /app/data/T0015/307419/b5849in/keystone/examples/custom-session-redis/schema.ts (ext=.ts, size=1549)
2026-01-18 18:39:59,317 - Knowledge - INFO - process ingested knowledge for /app/data/T0015/307419/b5849in/keystone/packages/fields-document/src/DocumentEditor/soft-breaks.ts
2026-01-18 18:39:59,402 - Knowledge - INFO - done ingest for /app/data/T0015/307419/b5849in/keystone/packages/fields-document/src/DocumentEditor/component-blocks/api.tsx
2026-01-18 18:39:59,443 - Knowledge - INFO - Fast-tracked /app/data/T0015/307419/b5849in/keystone/packages/fields-document/src/DocumentEditor/utils-hooks.tsx (small file (2386 bytes))
2026-01-18 18:39:59,576 - Knowledge - INFO - Worker kw9 processing /app/data/T0015/307419/b5849in/keystone/examples/custom-session-redis/README.md
2026-01-18 18:39:59,653 - Knowledge - INFO - [LLM_CALL] Completed: chromeful-element.tsx:chunk1, Duration: 52460ms, PromptTokens: 3746, CompletionTokens: 489, Cost: $0.00057
2026-01-18 18:40:00,057 - Knowledge - INFO - Async storage completed for 8 embeddings
2026-01-18 18:40:00,298 - Knowledge - INFO - Fast-tracked /app/data/T0015/307419/b5849in/keystone/examples/custom-session-redis/README.md (ext=.md, size=1001)
2026-01-18 18:40:00,408 - Knowledge - INFO - done ingest for /app/data/T0015/307419/b5849in/keystone/packages/fields-document/src/DocumentEditor/component-blocks/chromeful-element.tsx
2026-01-18 18:40:00,425 - Knowledge - INFO - Async storing batch of 8 embeddings
2026-01-18 18:40:00,831 - Knowledge - INFO - Async storage completed for 8 embeddings
2026-01-18 18:40:00,881 - Knowledge - INFO - Worker kw9 processing /app/data/T0015/307419/b5849in/keystone/examples/custom-session-redis/keystone.ts
2026-01-18 18:40:01,166 - Knowledge - INFO - Worker kw2 processing /app/data/T0015/307419/b5849in/keystone/examples/document-field/src/pages/index.tsx
2026-01-18 18:40:01,253 - Knowledge - INFO - process ingested knowledge for /app/data/T0015/307419/b5849in/keystone/packages/fields-document/src/DocumentEditor/paragraphs.ts
2026-01-18 18:40:01,599 - Knowledge - INFO - Worker kw9 processing /app/data/T0015/307419/b5849in/keystone/examples/document-field/src/pages/post/[slug].tsx
2026-01-18 18:40:02,113 - Knowledge - INFO - Fast-tracked /app/data/T0015/307419/b5849in/keystone/examples/document-field/src/pages/index.tsx (ext=.tsx, size=1122)
2026-01-18 18:40:02,398 - Knowledge - INFO - [kw8] Queue=402, InProgress=0, PendingWorkers=20/20, Completed=822/1306 (62.9%)
2026-01-18 18:40:02,888 - Knowledge - INFO - Worker kw2 processing /app/data/T0015/307419/b5849in/keystone/examples/document-field/src/pages/author/[id].tsx
2026-01-18 18:40:02,922 - Knowledge - INFO - Fast-tracked /app/data/T0015/307419/b5849in/keystone/examples/custom-session-redis/keystone.ts (small file (2239 bytes))
2026-01-18 18:40:03,098 - Knowledge - INFO - Batch sizing: calculated=6, max_allowed=10, queue=402, active_workers=20/20
2026-01-18 18:40:03,235 - Knowledge - INFO - Fast-tracked /app/data/T0015/307419/b5849in/keystone/examples/document-field/src/pages/author/[id].tsx (ext=.tsx, size=1438)
2026-01-18 18:40:03,562 - Knowledge - INFO - process ingested knowledge for /app/data/T0015/307419/b5849in/keystone/packages/fields-document/src/DocumentEditor/code-block.test.tsx
2026-01-18 18:40:03,720 - Knowledge - INFO - Worker kw2 processing /app/data/T0015/307419/b5849in/keystone/examples/document-field/src/utils.tsx
2026-01-18 18:40:03,905 - Knowledge - INFO - [LLM_CALL] Completed: insert-menu.tsx:chunk1, Duration: 54186ms, PromptTokens: 4954, CompletionTokens: 473, Cost: $0.00068
2026-01-18 18:40:04,277 - Knowledge - INFO - Fast-tracked /app/data/T0015/307419/b5849in/keystone/examples/document-field/src/utils.tsx (ext=.tsx, size=545)
2026-01-18 18:40:04,343 - Knowledge - INFO - done ingest for /app/data/T0015/307419/b5849in/keystone/packages/fields-document/src/DocumentEditor/insert-menu.tsx
2026-01-18 18:40:04,392 - Knowledge - INFO - [kw20] Queue=402, InProgress=0, PendingWorkers=20/20, Completed=825/1306 (63.2%)
2026-01-18 18:40:04,475 - Knowledge - INFO - Async storing batch of 6 embeddings
2026-01-18 18:40:04,487 - Knowledge - INFO - Worker kw2 processing /app/data/T0015/307419/b5849in/keystone/examples/document-field/package.json
2026-01-18 18:40:04,697 - Knowledge - INFO - [LLM_CALL] Completed: update-element.ts:chunk1, Duration: 30326ms, PromptTokens: 3992, CompletionTokens: 385, Cost: $0.00055
2026-01-18 18:40:04,902 - Knowledge - INFO - Batch sizing: calculated=6, max_allowed=10, queue=402, active_workers=20/20
2026-01-18 18:40:05,053 - Knowledge - INFO - Worker kw8 processing /app/data/T0015/307419/b5849in/keystone/examples/document-field/next.config.js
2026-01-18 18:40:05,167 - Knowledge - INFO - process ingested knowledge for /app/data/T0015/307419/b5849in/keystone/packages/fields-document/src/DocumentEditor/layouts.tsx
2026-01-18 18:40:05,181 - Knowledge - INFO - Fast-tracked /app/data/T0015/307419/b5849in/keystone/examples/document-field/package.json (ext=.json, size=666)
2026-01-18 18:40:05,309 - Knowledge - INFO - Async storage completed for 6 embeddings
2026-01-18 18:40:05,418 - Knowledge - INFO - done ingest for /app/data/T0015/307419/b5849in/keystone/packages/fields-document/src/DocumentEditor/component-blocks/update-element.ts
2026-01-18 18:40:05,679 - Knowledge - INFO - Async storage completed for 8 embeddings
2026-01-18 18:40:05,691 - Knowledge - INFO - Fast-tracked /app/data/T0015/307419/b5849in/keystone/examples/document-field/next.config.js (ext=.js, size=159)
2026-01-18 18:40:05,894 - Knowledge - INFO - Processing batch of 8 files
2026-01-18 18:40:06,035 - Knowledge - INFO - Worker kw2 processing /app/data/T0015/307419/b5849in/keystone/examples/document-field/next-env.d.ts
2026-01-18 18:40:06,485 - Knowledge - INFO - Async storage completed for 6 embeddings
2026-01-18 18:40:06,631 - Knowledge - INFO - Async storing batch of 6 embeddings
2026-01-18 18:40:06,636 - Knowledge - INFO - process ingested knowledge for /app/data/T0015/307419/b5849in/keystone/packages/fields-document/src/DocumentEditor/toolbar-state.tsx
2026-01-18 18:40:06,662 - Knowledge - INFO - [LLM_CALL] Completed: form-from-preview.tsx:chunk1, Duration: 30680ms, PromptTokens: 9372, CompletionTokens: 484, Cost: $0.00113
2026-01-18 18:40:06,680 - Knowledge - INFO - Worker kw8 processing /app/data/T0015/307419/b5849in/keystone/examples/document-field/tsconfig.json
2026-01-18 18:40:06,859 - Knowledge - INFO - process ingested knowledge for /app/data/T0015/307419/b5849in/keystone/packages/fields-document/src/DocumentEditor/blockquote-shared.ts
2026-01-18 18:40:07,094 - Knowledge - INFO - Fast-tracked /app/data/T0015/307419/b5849in/keystone/examples/document-field/next-env.d.ts (ext=.ts, size=75)
2026-01-18 18:40:07,388 - Knowledge - INFO - Worker kw20 processing /app/data/T0015/307419/b5849in/keystone/examples/framework-remix/package.json
2026-01-18 18:40:07,674 - Knowledge - INFO - done ingest for /app/data/T0015/307419/b5849in/keystone/packages/fields-document/src/DocumentEditor/component-blocks/form-from-preview.tsx
2026-01-18 18:40:07,683 - Knowledge - INFO - Processing batch of 8 files
2026-01-18 18:40:07,690 - Knowledge - INFO - [LLM_CALL] Completed: BlockPopover.tsx:chunk1, Duration: 38992ms, PromptTokens: 4846, CompletionTokens: 446, Cost: $0.00066
2026-01-18 18:40:07,920 - Knowledge - INFO - Fast-tracked /app/data/T0015/307419/b5849in/keystone/examples/document-field/tsconfig.json (ext=.json, size=489)
2026-01-18 18:40:08,063 - Knowledge - INFO - Worker kw2 processing /app/data/T0015/307419/b5849in/keystone/examples/document-field/schema.ts
2026-01-18 18:40:08,276 - Knowledge - INFO - Fast-tracked /app/data/T0015/307419/b5849in/keystone/examples/framework-remix/package.json (ext=.json, size=728)
2026-01-18 18:40:08,324 - Knowledge - INFO - process ingested knowledge for /app/data/T0015/307419/b5849in/keystone/packages/fields-document/src/DocumentEditor/component-blocks/preview-props.ts
2026-01-18 18:40:08,570 - Knowledge - INFO - process ingested knowledge for /app/data/T0015/307419/b5849in/keystone/packages/core/src/lib/context/graphql.ts
2026-01-18 18:40:08,706 - Knowledge - INFO - done ingest for /app/data/T0015/307419/b5849in/keystone/packages/fields-document/src/DocumentEditor/primitives/BlockPopover.tsx
2026-01-18 18:40:08,746 - Knowledge - INFO - [LLM_CALL] Completed: Toolbar.tsx:chunk1, Duration: 56683ms, PromptTokens: 6850, CompletionTokens: 831, Cost: $0.00102
2026-01-18 18:40:08,859 - Knowledge - INFO - process ingested knowledge for /app/data/T0015/307419/b5849in/keystone/packages/fields-document/src/DocumentEditor/markdown-link-shortcut.test.tsx
2026-01-18 18:40:08,928 - Knowledge - INFO - Worker kw8 processing /app/data/T0015/307419/b5849in/keystone/examples/document-field/README.md
2026-01-18 18:40:09,628 - Knowledge - INFO - Worker kw20 processing /app/data/T0015/307419/b5849in/keystone/examples/framework-remix/app/routes/index.tsx
2026-01-18 18:40:09,738 - Knowledge - INFO - Fast-tracked /app/data/T0015/307419/b5849in/keystone/examples/document-field/schema.ts (small file (2313 bytes))
2026-01-18 18:40:10,345 - Knowledge - INFO - done ingest for /app/data/T0015/307419/b5849in/keystone/packages/fields-document/src/DocumentEditor/Toolbar.tsx
2026-01-18 18:40:10,360 - Knowledge - INFO - [LLM_CALL] Completed: index.tsx:chunk1, Duration: 15168ms, PromptTokens: 5774, CompletionTokens: 500, Cost: $0.00078
2026-01-18 18:40:10,525 - Knowledge - INFO - process ingested knowledge for /app/data/T0015/307419/b5849in/keystone/packages/core/src/lib/context/createContext.ts
2026-01-18 18:40:10,674 - Knowledge - INFO - Fast-tracked /app/data/T0015/307419/b5849in/keystone/examples/document-field/README.md (ext=.md, size=3753)
2026-01-18 18:40:10,805 - Knowledge - INFO - Fast-tracked /app/data/T0015/307419/b5849in/keystone/examples/framework-remix/app/routes/index.tsx (ext=.tsx, size=974)
2026-01-18 18:40:10,910 - Knowledge - INFO - Async storage completed for 8 embeddings
2026-01-18 18:40:11,198 - Knowledge - INFO - done ingest for /app/data/T0015/307419/b5849in/keystone/packages/fields-document/src/DocumentEditor/index.tsx
2026-01-18 18:40:11,280 - Knowledge - INFO - done ingest for /app/data/T0015/307419/b5849in/keystone/packages/document-renderer/src/index.tsx
2026-01-18 18:40:11,466 - Knowledge - INFO - Worker kw8 processing /app/data/T0015/307419/b5849in/keystone/examples/document-field/sandbox.config.json
2026-01-18 18:40:11,576 - Knowledge - INFO - Worker kw20 processing /app/data/T0015/307419/b5849in/keystone/examples/framework-remix/app/utils/keystone.server.ts
2026-01-18 18:40:12,255 - Knowledge - INFO - Fast-tracked /app/data/T0015/307419/b5849in/keystone/examples/document-field/sandbox.config.json (ext=.json, size=99)
2026-01-18 18:40:12,299 - Knowledge - INFO - done ingest for /app/data/T0015/307419/b5849in/keystone/packages/fields-document/src/DocumentEditor/component-blocks/utils.ts
2026-01-18 18:40:12,377 - Knowledge - INFO - Fast-tracked /app/data/T0015/307419/b5849in/keystone/examples/framework-remix/app/utils/keystone.server.ts (ext=.ts, size=467)
2026-01-18 18:40:12,598 - Knowledge - INFO - Worker kw8 processing /app/data/T0015/307419/b5849in/keystone/examples/document-field/keystone.ts
2026-01-18 18:40:12,618 - Knowledge - INFO - process ingested knowledge for /app/data/T0015/307419/b5849in/keystone/packages/core/src/lib/context/api.ts
2026-01-18 18:40:12,707 - Knowledge - INFO - process ingested knowledge for /app/data/T0015/307419/b5849in/keystone/packages/fields-document/src/DocumentEditor/lists.test.tsx
2026-01-18 18:40:12,719 - Knowledge - INFO - [WEBSOCKET] Sent: Type=progress_update, Size: 291, Duration: 0ms
2026-01-18 18:40:12,760 - Knowledge - INFO - [kw11] Queue=390, InProgress=0, PendingWorkers=20/20, Completed=836/1306 (64.0%)
2026-01-18 18:40:12,895 - Knowledge - INFO - Worker kw20 processing /app/data/T0015/307419/b5849in/keystone/examples/framework-remix/app/root.tsx
2026-01-18 18:40:13,138 - Knowledge - INFO - Fast-tracked /app/data/T0015/307419/b5849in/keystone/examples/document-field/keystone.ts (ext=.ts, size=335)
2026-01-18 18:40:13,880 - Knowledge - INFO - [LLM_CALL] Completed: [slug].tsx:chunk1, Duration: 10310ms, PromptTokens: 2296, CompletionTokens: 291, Cost: $0.00035
2026-01-18 18:40:13,902 - Knowledge - INFO - Batch sizing: calculated=6, max_allowed=10, queue=390, active_workers=20/20
2026-01-18 18:40:13,949 - Knowledge - INFO - process ingested knowledge for /app/data/T0015/307419/b5849in/keystone/packages/core/src/lib/id-field.ts
2026-01-18 18:40:13,985 - Knowledge - INFO - process ingested knowledge for /app/data/T0015/307419/b5849in/keystone/packages/fields-document/src/DocumentEditor/shortcuts.test.tsx
2026-01-18 18:40:14,013 - Knowledge - INFO - Fast-tracked /app/data/T0015/307419/b5849in/keystone/examples/framework-remix/app/root.tsx (ext=.tsx, size=698)
2026-01-18 18:40:14,197 - Knowledge - INFO - Worker kw8 processing /app/data/T0015/307419/b5849in/keystone/examples/framework-remix/remix.config.js
2026-01-18 18:40:14,417 - Knowledge - INFO - done ingest for /app/data/T0015/307419/b5849in/keystone/examples/document-field/src/pages/post/[slug].tsx
2026-01-18 18:40:14,487 - Knowledge - INFO - [LLM_CALL] Completed: lists-shared.ts:chunk1, Duration: 47239ms, PromptTokens: 3806, CompletionTokens: 551, Cost: $0.00060
2026-01-18 18:40:14,714 - Knowledge - INFO - process ingested knowledge for /app/data/T0015/307419/b5849in/keystone/packages/core/src/lib/middleware.ts
2026-01-18 18:40:14,943 - Knowledge - INFO - Worker kw20 processing /app/data/T0015/307419/b5849in/keystone/examples/framework-remix/tsconfig.json
2026-01-18 18:40:15,128 - Knowledge - INFO - process ingested knowledge for /app/data/T0015/307419/b5849in/keystone/packages/fields-document/src/DocumentEditor/demo.ts
2026-01-18 18:40:15,161 - Knowledge - INFO - Fast-tracked /app/data/T0015/307419/b5849in/keystone/examples/framework-remix/remix.config.js (ext=.js, size=240)
2026-01-18 18:40:15,392 - Knowledge - INFO - done ingest for /app/data/T0015/307419/b5849in/keystone/packages/fields-document/src/DocumentEditor/lists-shared.ts
2026-01-18 18:40:15,412 - Knowledge - INFO - [WEBSOCKET] Sent: Type=unknown, Size: ?, Duration: 2693ms
2026-01-18 18:40:15,569 - Knowledge - INFO - process ingested knowledge for /app/data/T0015/307419/b5849in/keystone/packages/core/src/lib/typescript-schema-printer.ts
2026-01-18 18:40:15,716 - Knowledge - INFO - Fast-tracked /app/data/T0015/307419/b5849in/keystone/examples/framework-remix/tsconfig.json (ext=.json, size=541)
2026-01-18 18:40:15,898 - Knowledge - INFO - process ingested knowledge for /app/data/T0015/307419/b5849in/keystone/packages/fields-document/src/DocumentEditor/layouts-shared.ts
2026-01-18 18:40:16,034 - Knowledge - INFO - Async storage completed for 6 embeddings
2026-01-18 18:40:16,212 - Knowledge - INFO - Progress: 63.9% | Files: 849/1306 | Rate: 2.19 files/sec | Queue: 384
2026-01-18 18:40:16,215 - Knowledge - INFO - [LLM_CALL] Completed: views-shared.ts:chunk1, Duration: 21405ms, PromptTokens: 2884, CompletionTokens: 333, Cost: $0.00042
2026-01-18 18:40:16,215 - Knowledge - INFO - Async storing batch of 8 embeddings
2026-01-18 18:40:16,305 - Knowledge - INFO - process ingested knowledge for /app/data/T0015/307419/b5849in/keystone/packages/core/src/lib/express.ts
2026-01-18 18:40:16,429 - Knowledge - INFO - Worker kw20 processing /app/data/T0015/307419/b5849in/keystone/examples/framework-remix/README.md
2026-01-18 18:40:16,502 - Knowledge - INFO - process ingested knowledge for /app/data/T0015/307419/b5849in/keystone/packages/fields-document/src/DocumentEditor/toolbar-state-shared.ts
2026-01-18 18:40:16,661 - Knowledge - INFO - [kw19] Queue=384, InProgress=0, PendingWorkers=20/20, Completed=852/1306 (65.2%)
2026-01-18 18:40:16,738 - Knowledge - INFO - done ingest for /app/data/T0015/307419/b5849in/keystone/packages/fields-document/src/views-shared.ts
2026-01-18 18:40:16,738 - Knowledge - INFO - [LLM_CALL] Completed: relationship-data.ts:chunk1, Duration: 39969ms, PromptTokens: 3616, CompletionTokens: 386, Cost: $0.00052
2026-01-18 18:40:16,819 - Knowledge - INFO - Worker kw11 processing /app/data/T0015/307419/b5849in/keystone/examples/framework-remix/remix.env.d.ts
2026-01-18 18:40:16,912 - Knowledge - INFO - process ingested knowledge for /app/data/T0015/307419/b5849in/keystone/packages/core/src/access.ts
2026-01-18 18:40:17,006 - Knowledge - INFO - Fast-tracked /app/data/T0015/307419/b5849in/keystone/examples/framework-remix/README.md (ext=.md, size=991)
2026-01-18 18:40:17,096 - Knowledge - INFO - process ingested knowledge for /app/data/T0015/307419/b5849in/keystone/packages/fields-document/src/DocumentEditor/pasting/markdown.ts
2026-01-18 18:40:17,212 - Knowledge - INFO - Batch sizing: calculated=6, max_allowed=10, queue=384, active_workers=20/20
2026-01-18 18:40:17,643 - Knowledge - INFO - done ingest for /app/data/T0015/307419/b5849in/keystone/packages/fields-document/src/relationship-data.ts
2026-01-18 18:40:17,650 - Knowledge - INFO - Processing batch of 6 files
2026-01-18 18:40:17,651 - Knowledge - INFO - [LLM_CALL] Completed: link-shared.ts:chunk1, Duration: 22828ms, PromptTokens: 3366, CompletionTokens: 489, Cost: $0.00053
2026-01-18 18:40:17,781 - Knowledge - INFO - Fast-tracked /app/data/T0015/307419/b5849in/keystone/examples/framework-remix/remix.env.d.ts (ext=.ts, size=83)
2026-01-18 18:40:18,018 - Knowledge - INFO - Async storage completed for 6 embeddings
2026-01-18 18:40:18,595 - Knowledge - INFO - Worker kw11 processing /app/data/T0015/307419/b5849in/keystone/examples/framework-remix/keystone.ts
2026-01-18 18:40:18,666 - Knowledge - INFO - done ingest for /app/data/T0015/307419/b5849in/keystone/packages/fields-document/src/DocumentEditor/link-shared.ts
2026-01-18 18:40:18,685 - Knowledge - INFO - done ingest for /app/data/T0015/307419/b5849in/keystone/packages/fields-document/src/DocumentEditor/component-blocks/index.tsx
2026-01-18 18:40:18,796 - Knowledge - INFO - process ingested knowledge for /app/data/T0015/307419/b5849in/keystone/packages/fields-document/src/DocumentEditor/component-blocks/fields-ui-empty.tsx
2026-01-18 18:40:18,834 - Knowledge - INFO - Async storing batch of 8 embeddings
2026-01-18 18:40:19,077 - Knowledge - INFO - Fast-tracked /app/data/T0015/307419/b5849in/keystone/examples/framework-remix/keystone.ts (ext=.ts, size=820)
2026-01-18 18:40:19,089 - Knowledge - INFO - Processing batch of 6 files
2026-01-18 18:40:19,317 - Knowledge - INFO - [LLM_CALL] Completed: structure-validation.ts:chunk1, Duration: 32765ms, PromptTokens: 3160, CompletionTokens: 273, Cost: $0.00043
2026-01-18 18:40:19,362 - Knowledge - INFO - [kw12] Queue=378, InProgress=0, PendingWorkers=20/20, Completed=863/1306 (66.1%)
2026-01-18 18:40:19,507 - Knowledge - INFO - Worker kw19 processing /app/data/T0015/307419/b5849in/keystone/examples/byte-encoding/keystone.ts
2026-01-18 18:40:19,658 - Knowledge - INFO - Worker kw11 processing /app/data/T0015/307419/b5849in/keystone/examples/byte-encoding/package.json
2026-01-18 18:40:19,683 - Knowledge - INFO - [kw10] Queue=378, InProgress=0, PendingWorkers=20/20, Completed=868/1306 (66.5%)
2026-01-18 18:40:19,730 - Knowledge - INFO - process ingested knowledge for /app/data/T0015/307419/b5849in/keystone/packages/fields-document/src/DocumentEditor/component-blocks/array-field.test.tsx
2026-01-18 18:40:19,795 - Knowledge - INFO - process ingested knowledge for /app/data/T0015/307419/b5849in/keystone/packages/fields-document/ARCHITECTURE.md
2026-01-18 18:40:19,934 - Knowledge - INFO - done ingest for /app/data/T0015/307419/b5849in/keystone/packages/fields-document/src/structure-validation.ts
2026-01-18 18:40:19,941 - Knowledge - INFO - [LLM_CALL] Completed: structure-graphql-input.ts:chunk1, Duration: 19417ms, PromptTokens: 8396, CompletionTokens: 838, Cost: $0.00117
2026-01-18 18:40:20,062 - Knowledge - INFO - Batch sizing: calculated=6, max_allowed=10, queue=378, active_workers=20/20
2026-01-18 18:40:20,190 - Knowledge - INFO - Fast-tracked /app/data/T0015/307419/b5849in/keystone/examples/byte-encoding/keystone.ts (ext=.ts, size=398)
2026-01-18 18:40:20,301 - Knowledge - INFO - Fast-tracked /app/data/T0015/307419/b5849in/keystone/examples/byte-encoding/package.json (ext=.json, size=447)
2026-01-18 18:40:20,396 - Knowledge - INFO - Batch sizing: calculated=6, max_allowed=10, queue=378, active_workers=20/20
2026-01-18 18:40:20,612 - Knowledge - INFO - process ingested knowledge for /app/data/T0015/307419/b5849in/keystone/packages/fields-document/src/DocumentEditor/component-blocks/nested-array-field.test.tsx
2026-01-18 18:40:20,612 - Knowledge - INFO - process ingested knowledge for /app/data/T0015/307419/b5849in/keystone/packages/fields-document/views/package.json
2026-01-18 18:40:20,804 - Knowledge - INFO - done ingest for /app/data/T0015/307419/b5849in/keystone/packages/fields-document/src/structure-graphql-input.ts
2026-01-18 18:40:20,807 - Knowledge - INFO - [LLM_CALL] Completed: api-shared.ts:chunk1, Duration: 35592ms, PromptTokens: 6414, CompletionTokens: 397, Cost: $0.00080
2026-01-18 18:40:21,012 - Knowledge - INFO - Worker kw19 processing /app/data/T0015/307419/b5849in/keystone/examples/example-data.ts
2026-01-18 18:40:21,085 - Knowledge - INFO - Worker kw11 processing /app/data/T0015/307419/b5849in/keystone/examples/byte-encoding/schema.ts
2026-01-18 18:40:21,303 - Knowledge - INFO - process ingested knowledge for /app/data/T0015/307419/b5849in/keystone/packages/fields-document/src/DocumentEditor/component-blocks/api.tsx
2026-01-18 18:40:21,384 - Knowledge - INFO - process ingested knowledge for /app/data/T0015/307419/b5849in/keystone/packages/fields-document/component-blocks/package.json
2026-01-18 18:40:21,602 - Knowledge - INFO - done ingest for /app/data/T0015/307419/b5849in/keystone/packages/fields-document/src/DocumentEditor/component-blocks/api-shared.ts
2026-01-18 18:40:21,609 - Knowledge - INFO - [LLM_CALL] Completed: marks.tsx:chunk1, Duration: 36394ms, PromptTokens: 3918, CompletionTokens: 457, Cost: $0.00057
2026-01-18 18:40:21,704 - Knowledge - INFO - Worker kw19 processing /app/data/T0015/307419/b5849in/keystone/examples/virtual-field/package.json
2026-01-18 18:40:21,794 - Knowledge - INFO - Fast-tracked /app/data/T0015/307419/b5849in/keystone/examples/byte-encoding/schema.ts (ext=.ts, size=841)
2026-01-18 18:40:21,877 - Knowledge - INFO - process ingested knowledge for /app/data/T0015/307419/b5849in/keystone/packages/fields-document/src/DocumentEditor/component-blocks/field-assertions.test.ts
2026-01-18 18:40:21,993 - Knowledge - INFO - process ingested knowledge for /app/data/T0015/307419/b5849in/keystone/packages/fields-document/CHANGELOG.md
2026-01-18 18:40:22,205 - Knowledge - INFO - done ingest for /app/data/T0015/307419/b5849in/keystone/packages/fields-document/src/DocumentEditor/marks.tsx
2026-01-18 18:40:22,223 - Knowledge - INFO - Async storing batch of 8 embeddings
2026-01-18 18:40:22,229 - Knowledge - INFO - Async storing batch of 6 embeddings
2026-01-18 18:40:22,247 - Knowledge - INFO - [kw5] Queue=366, InProgress=0, PendingWorkers=20/20, Completed=883/1306 (67.6%)
2026-01-18 18:40:22,249 - Knowledge - INFO - [WEBSOCKET] Sent: Type=progress_update, Size: 294, Duration: 11ms
2026-01-18 18:40:22,335 - Knowledge - INFO - Fast-tracked /app/data/T0015/307419/b5849in/keystone/examples/virtual-field/package.json (ext=.json, size=426)
2026-01-18 18:40:22,424 - Knowledge - INFO - Worker kw11 processing /app/data/T0015/307419/b5849in/keystone/examples/byte-encoding/README.md
2026-01-18 18:40:22,515 - Knowledge - INFO - process ingested knowledge for /app/data/T0015/307419/b5849in/keystone/packages/fields-document/src/DocumentEditor/component-blocks/fields-ui.tsx
2026-01-18 18:40:22,609 - Knowledge - INFO - process ingested knowledge for /app/data/T0015/307419/b5849in/keystone/packages/document-renderer/src/index.tsx
2026-01-18 18:40:22,944 - Knowledge - INFO - Worker kw10 processing /app/data/T0015/307419/b5849in/keystone/examples/graphql-gql.tada/sandbox.config.json
2026-01-18 18:40:23,023 - Knowledge - INFO - Worker kw12 processing /app/data/T0015/307419/b5849in/keystone/examples/virtual-field/keystone.ts
2026-01-18 18:40:23,156 - Knowledge - INFO - Batch sizing: calculated=6, max_allowed=10, queue=366, active_workers=20/20
2026-01-18 18:40:23,339 - Knowledge - INFO - Processing batch of 6 files
2026-01-18 18:40:23,350 - Knowledge - INFO - Processing batch of 6 files
2026-01-18 18:40:23,362 - Knowledge - INFO - [WEBSOCKET] Sent: Type=unknown, Size: ?, Duration: 1124ms
2026-01-18 18:40:23,388 - Knowledge - INFO - Worker kw19 processing /app/data/T0015/307419/b5849in/keystone/examples/virtual-field/schema.ts
2026-01-18 18:40:23,476 - Knowledge - INFO - Fast-tracked /app/data/T0015/307419/b5849in/keystone/examples/byte-encoding/README.md (ext=.md, size=1001)
2026-01-18 18:40:23,741 - Knowledge - INFO - process ingested knowledge for /app/data/T0015/307419/b5849in/keystone/packages/document-renderer/package.json
2026-01-18 18:40:23,791 - Knowledge - INFO - Fast-tracked /app/data/T0015/307419/b5849in/keystone/examples/graphql-gql.tada/sandbox.config.json (ext=.json, size=99)
2026-01-18 18:40:23,886 - Knowledge - INFO - Fast-tracked /app/data/T0015/307419/b5849in/keystone/examples/virtual-field/keystone.ts (ext=.ts, size=340)
2026-01-18 18:40:24,048 - Knowledge - INFO - process ingested knowledge for /app/data/T0015/307419/b5849in/keystone/packages/document-renderer/CHANGELOG.md
2026-01-18 18:40:24,162 - Knowledge - INFO - process ingested knowledge for /app/data/T0015/307419/b5849in/keystone/examples/document-field/src/pages/index.tsx
2026-01-18 18:40:24,239 - Knowledge - INFO - Progress: 67.5% | Files: 888/1306 | Rate: 2.23 files/sec | Queue: 360
2026-01-18 18:40:24,247 - Knowledge - INFO - [LLM_CALL] Completed: index.ts:chunk1, Duration: 23584ms, PromptTokens: 4942, CompletionTokens: 396, Cost: $0.00065
2026-01-18 18:40:24,329 - Knowledge - INFO - Worker kw19 processing /app/data/T0015/307419/b5849in/keystone/examples/virtual-field/README.md
2026-01-18 18:40:24,424 - Knowledge - INFO - Worker kw11 processing /app/data/T0015/307419/b5849in/keystone/examples/byte-encoding/sandbox.config.json
2026-01-18 18:40:24,641 - Knowledge - INFO - Worker kw10 processing /app/data/T0015/307419/b5849in/keystone/examples/graphql-gql.tada/keystone.ts
2026-01-18 18:40:24,716 - Knowledge - INFO - Worker kw12 processing /app/data/T0015/307419/b5849in/keystone/examples/graphql-gql.tada/package.json
2026-01-18 18:40:24,809 - Knowledge - INFO - process ingested knowledge for /app/data/T0015/307419/b5849in/keystone/examples/custom-session-redis/package.json
2026-01-18 18:40:24,947 - Knowledge - INFO - process ingested knowledge for /app/data/T0015/307419/b5849in/keystone/examples/document-field/src/pages/author/[id].tsx
2026-01-18 18:40:24,974 - Knowledge - INFO - [kw16] Queue=360, InProgress=0, PendingWorkers=20/20, Completed=889/1306 (68.1%)
2026-01-18 18:40:25,050 - Knowledge - INFO - done ingest for /app/data/T0015/307419/b5849in/keystone/packages/fields-document/src/index.ts
2026-01-18 18:40:25,051 - Knowledge - INFO - [LLM_CALL] Completed: link.tsx:chunk1, Duration: 48521ms, PromptTokens: 3700, CompletionTokens: 514, Cost: $0.00058
2026-01-18 18:40:25,164 - Knowledge - INFO - Fast-tracked /app/data/T0015/307419/b5849in/keystone/examples/virtual-field/README.md (ext=.md, size=1162)
2026-01-18 18:40:25,279 - Knowledge - INFO - Fast-tracked /app/data/T0015/307419/b5849in/keystone/examples/byte-encoding/sandbox.config.json (ext=.json, size=99)
2026-01-18 18:40:25,358 - Knowledge - INFO - Fast-tracked /app/data/T0015/307419/b5849in/keystone/examples/graphql-gql.tada/keystone.ts (ext=.ts, size=571)
2026-01-18 18:40:25,426 - Knowledge - INFO - Fast-tracked /app/data/T0015/307419/b5849in/keystone/examples/graphql-gql.tada/package.json (ext=.json, size=687)
2026-01-18 18:40:25,521 - Knowledge - INFO - process ingested knowledge for /app/data/T0015/307419/b5849in/keystone/examples/custom-session-redis/schema.ts
2026-01-18 18:40:25,612 - Knowledge - INFO - process ingested knowledge for /app/data/T0015/307419/b5849in/keystone/examples/document-field/src/utils.tsx
2026-01-18 18:40:25,690 - Knowledge - INFO - Batch sizing: calculated=6, max_allowed=10, queue=360, active_workers=20/20
2026-01-18 18:40:25,937 - Knowledge - INFO - done ingest for /app/data/T0015/307419/b5849in/keystone/packages/fields-document/src/DocumentEditor/link.tsx
2026-01-18 18:40:25,967 - Knowledge - INFO - [kw7] Queue=360, InProgress=0, PendingWorkers=20/20, Completed=891/1306 (68.2%)
2026-01-18 18:40:25,967 - Knowledge - INFO - Async storing batch of 8 embeddings
2026-01-18 18:40:25,970 - Knowledge - INFO - Processing batch of 6 files
2026-01-18 18:40:25,971 - Knowledge - INFO - [LLM_CALL] Completed: structure-views.tsx:chunk1, Duration: 31141ms, PromptTokens: 2620, CompletionTokens: 429, Cost: $0.00043
2026-01-18 18:40:26,048 - Knowledge - INFO - Worker kw19 processing /app/data/T0015/307419/b5849in/keystone/examples/virtual-field/sandbox.config.json
2026-01-18 18:40:26,126 - Knowledge - INFO - Async storage completed for 8 embeddings
2026-01-18 18:40:26,230 - Knowledge - INFO - Worker kw10 processing /app/data/T0015/307419/b5849in/keystone/examples/graphql-gql.tada/tada.ts
2026-01-18 18:40:26,346 - Knowledge - INFO - Worker kw12 processing /app/data/T0015/307419/b5849in/keystone/examples/graphql-gql.tada/schema.ts
2026-01-18 18:40:26,459 - Knowledge - INFO - process ingested knowledge for /app/data/T0015/307419/b5849in/keystone/examples/custom-session-redis/README.md
2026-01-18 18:40:26,533 - Knowledge - INFO - process ingested knowledge for /app/data/T0015/307419/b5849in/keystone/examples/document-field/package.json
2026-01-18 18:40:26,795 - Knowledge - INFO - Batch sizing: calculated=6, max_allowed=10, queue=360, active_workers=20/20
2026-01-18 18:40:26,873 - Knowledge - INFO - Worker kw5 processing /app/data/T0015/307419/b5849in/keystone/examples/hooks/keystone.ts
2026-01-18 18:40:26,953 - Knowledge - INFO - process ingested knowledge for /app/data/T0015/307419/b5849in/keystone/packages/fields-document/src/DocumentEditor/component-blocks/child-field-in-recursive-array-field.test.tsx
2026-01-18 18:40:27,028 - Knowledge - INFO - done ingest for /app/data/T0015/307419/b5849in/keystone/packages/fields-document/src/structure-views.tsx
2026-01-18 18:40:27,030 - Knowledge - INFO - Processing batch of 6 files
2026-01-18 18:40:27,030 - Knowledge - INFO - Processing batch of 6 files
2026-01-18 18:40:27,031 - Knowledge - INFO - Async storing batch of 8 embeddings
2026-01-18 18:40:27,031 - Knowledge - INFO - [kw15] Queue=354, InProgress=0, PendingWorkers=20/20, Completed=896/1306 (68.6%)
2026-01-18 18:40:27,032 - Knowledge - INFO - Processing batch of 6 files
2026-01-18 18:40:27,050 - Knowledge - INFO - Processing batch of 6 files
2026-01-18 18:40:27,050 - Knowledge - INFO - Processing batch of 8 files
2026-01-18 18:40:27,055 - Knowledge - INFO - Processing batch of 8 files
2026-01-18 18:40:27,056 - Knowledge - INFO - Processing batch of 6 files
2026-01-18 18:40:27,065 - Knowledge - INFO - Processing batch of 6 files
2026-01-18 18:40:27,105 - Knowledge - INFO - Fast-tracked /app/data/T0015/307419/b5849in/keystone/examples/virtual-field/sandbox.config.json (ext=.json, size=99)
2026-01-18 18:40:27,252 - Knowledge - INFO - Processing batch of 6 files
2026-01-18 18:40:27,312 - Knowledge - INFO - Fast-tracked /app/data/T0015/307419/b5849in/keystone/examples/graphql-gql.tada/tada.ts (ext=.ts, size=213)
2026-01-18 18:40:27,403 - Knowledge - INFO - Fast-tracked /app/data/T0015/307419/b5849in/keystone/examples/graphql-gql.tada/schema.ts (ext=.ts, size=1733)
2026-01-18 18:40:27,525 - Knowledge - INFO - process ingested knowledge for /app/data/T0015/307419/b5849in/keystone/examples/custom-session-redis/keystone.ts
2026-01-18 18:40:27,624 - Knowledge - INFO - process ingested knowledge for /app/data/T0015/307419/b5849in/keystone/examples/document-field/next-env.d.ts
2026-01-18 18:40:27,695 - Knowledge - INFO - Async storing batch of 6 embeddings
2026-01-18 18:40:27,818 - Knowledge - INFO - Fast-tracked /app/data/T0015/307419/b5849in/keystone/examples/hooks/keystone.ts (ext=.ts, size=398)
2026-01-18 18:40:27,938 - Knowledge - INFO - process ingested knowledge for /app/data/T0015/307419/b5849in/keystone/packages/fields-document/src/DocumentEditor/component-blocks/preview-props.test.ts
2026-01-18 18:40:28,057 - Knowledge - INFO - Processing batch of 6 files
2026-01-18 18:40:28,099 - Knowledge - INFO - process ingested knowledge for /app/data/T0015/307419/b5849in/keystone/examples/document-field/next.config.js
2026-01-18 18:40:28,220 - Knowledge - INFO - process ingested knowledge for /app/data/T0015/307419/b5849in/keystone/packages/fields-document/src/DocumentEditor/component-blocks/update-element.ts
2026-01-18 18:40:28,293 - Knowledge - INFO - Worker kw16 processing /app/data/T0015/307419/b5849in/keystone/examples/framework-astro/astro.config.mjs
2026-01-18 18:40:28,378 - Knowledge - INFO - Batch sizing: calculated=6, max_allowed=10, queue=354, active_workers=20/20
2026-01-18 18:40:28,463 - Knowledge - INFO - process ingested knowledge for /app/data/T0015/307419/b5849in/keystone/examples/framework-remix/package.json
2026-01-18 18:40:28,550 - Knowledge - INFO - process ingested knowledge for /app/data/T0015/307419/b5849in/keystone/packages/fields-document/src/component-blocks.tsx
2026-01-18 18:40:28,646 - Knowledge - INFO - process ingested knowledge for /app/data/T0015/307419/b5849in/keystone/packages/fields-document/src/DocumentEditor/render-element.tsx
2026-01-18 18:40:28,718 - Knowledge - INFO - process ingested knowledge for /app/data/T0015/307419/b5849in/keystone/packages/fields-document/src/validation.test.tsx
2026-01-18 18:40:28,796 - Knowledge - INFO - process ingested knowledge for /app/data/T0015/307419/b5849in/keystone/packages/fields-document/src/DocumentEditor/component-blocks/multi-child-field-in-array-field.test.tsx
2026-01-18 18:40:28,897 - Knowledge - INFO - process ingested knowledge for /app/data/T0015/307419/b5849in/keystone/packages/fields-document/src/DocumentEditor/relationship-shared.ts
2026-01-18 18:40:29,111 - Knowledge - INFO - process ingested knowledge for /app/data/T0015/307419/b5849in/keystone/examples/framework-remix/remix.env.d.ts
2026-01-18 18:40:29,190 - Knowledge - INFO - Worker kw10 processing /app/data/T0015/307419/b5849in/keystone/examples/hooks/package.json
2026-01-18 18:40:29,279 - Knowledge - INFO - Worker kw12 processing /app/data/T0015/307419/b5849in/keystone/examples/graphql-gql.tada/tada.generated.d.ts
2026-01-18 18:40:29,395 - Knowledge - INFO - process ingested knowledge for /app/data/T0015/307419/b5849in/keystone/examples/document-field/src/pages/post/[slug].tsx
2026-01-18 18:40:29,480 - Knowledge - INFO - process ingested knowledge for /app/data/T0015/307419/b5849in/keystone/examples/document-field/schema.ts
2026-01-18 18:40:29,573 - Knowledge - INFO - Worker kw7 processing /app/data/T0015/307419/b5849in/keystone/examples/reuse/README.md
2026-01-18 18:40:29,647 - Knowledge - INFO - Worker kw5 processing /app/data/T0015/307419/b5849in/keystone/examples/framework-astro/src/env.d.ts
2026-01-18 18:40:29,731 - Knowledge - INFO - process ingested knowledge for /app/data/T0015/307419/b5849in/keystone/packages/fields-document/src/DocumentEditor/component-blocks/utils.ts
2026-01-18 18:40:29,823 - Knowledge - INFO - process ingested knowledge for /app/data/T0015/307419/b5849in/keystone/packages/fields-document/src/DocumentEditor/relationship.tsx
2026-01-18 18:40:29,892 - Knowledge - INFO - process ingested knowledge for /app/data/T0015/307419/b5849in/keystone/examples/document-field/tsconfig.json
2026-01-18 18:40:30,002 - Knowledge - INFO - process ingested knowledge for /app/data/T0015/307419/b5849in/keystone/packages/fields-document/src/DocumentEditor/link.test.tsx
2026-01-18 18:40:30,104 - Knowledge - INFO - Fast-tracked /app/data/T0015/307419/b5849in/keystone/examples/framework-astro/astro.config.mjs (ext=.mjs, size=463)
2026-01-18 18:40:30,198 - Knowledge - INFO - Async storing batch of 6 embeddings
2026-01-18 18:40:30,277 - Knowledge - INFO - process ingested knowledge for /app/data/T0015/307419/b5849in/keystone/examples/framework-remix/app/routes/index.tsx
2026-01-18 18:40:30,404 - Knowledge - INFO - process ingested knowledge for /app/data/T0015/307419/b5849in/keystone/packages/fields-document/src/views-shared.ts
2026-01-18 18:40:30,525 - Knowledge - INFO - process ingested knowledge for /app/data/T0015/307419/b5849in/keystone/packages/fields-document/src/DocumentEditor/shortcuts.ts
2026-01-18 18:40:30,623 - Knowledge - INFO - process ingested knowledge for /app/data/T0015/307419/b5849in/keystone/packages/fields-document/src/DocumentEditor/insert-menu-shared.ts
2026-01-18 18:40:30,659 - Knowledge - INFO - Async storage completed for 8 embeddings
2026-01-18 18:40:30,748 - Knowledge - INFO - process ingested knowledge for /app/data/T0015/307419/b5849in/keystone/packages/fields-document/src/DocumentEditor/component-blocks/chromeful-element.tsx
2026-01-18 18:40:30,867 - Knowledge - INFO - process ingested knowledge for /app/data/T0015/307419/b5849in/keystone/packages/fields-document/src/DocumentEditor/link.tsx
2026-01-18 18:40:30,936 - Knowledge - INFO - process ingested knowledge for /app/data/T0015/307419/b5849in/keystone/examples/framework-remix/keystone.ts
2026-01-18 18:40:31,041 - Knowledge - INFO - Fast-tracked /app/data/T0015/307419/b5849in/keystone/examples/hooks/package.json (ext=.json, size=418)
2026-01-18 18:40:31,121 - Knowledge - INFO - Worker kw12 processing /app/data/T0015/307419/b5849in/keystone/examples/graphql-gql.tada/tsconfig.json
2026-01-18 18:40:31,408 - Knowledge - INFO - Fast-tracked /app/data/T0015/307419/b5849in/keystone/examples/reuse/README.md (ext=.md, size=1199)
2026-01-18 18:40:31,484 - Knowledge - INFO - Fast-tracked /app/data/T0015/307419/b5849in/keystone/examples/framework-astro/src/env.d.ts (ext=.ts, size=85)
2026-01-18 18:40:31,694 - Knowledge - INFO - process ingested knowledge for /app/data/T0015/307419/b5849in/keystone/packages/fields-document/src/DocumentEditor/component-blocks/insertion-and-preview-props.test.tsx
2026-01-18 18:40:31,791 - Knowledge - INFO - process ingested knowledge for /app/data/T0015/307419/b5849in/keystone/packages/fields-document/src/relationship-data.ts
2026-01-18 18:40:31,895 - Knowledge - INFO - process ingested knowledge for /app/data/T0015/307419/b5849in/keystone/examples/document-field/README.md
2026-01-18 18:40:31,937 - Knowledge - INFO - Worker kw16 processing /app/data/T0015/307419/b5849in/keystone/examples/framework-astro/README.md
2026-01-18 18:40:31,971 - Knowledge - INFO - process ingested knowledge for /app/data/T0015/307419/b5849in/keystone/packages/fields-document/src/DocumentEditor/heading-shared.ts
2026-01-18 18:40:32,047 - Knowledge - INFO - Worker kw15 processing /app/data/T0015/307419/b5849in/keystone/examples/graphql-ts-gql/sandbox.config.json
2026-01-18 18:40:32,273 - Knowledge - INFO - process ingested knowledge for /app/data/T0015/307419/b5849in/keystone/examples/framework-remix/app/utils/keystone.server.ts
2026-01-18 18:40:32,368 - Knowledge - INFO - process ingested knowledge for /app/data/T0015/307419/b5849in/keystone/packages/fields-document/src/structure-graphql-input.ts
2026-01-18 18:40:32,368 - Knowledge - INFO - [WEBSOCKET] Sent: Type=progress_update, Size: 292, Duration: 0ms
2026-01-18 18:40:32,370 - Knowledge - INFO - process ingested knowledge for /app/data/T0015/307419/b5849in/keystone/packages/fields-document/src/DocumentEditor/document-features-normalization.ts
2026-01-18 18:40:32,404 - Knowledge - INFO - process ingested knowledge for /app/data/T0015/307419/b5849in/keystone/packages/fields-document/src/DocumentEditor/code-block.tsx
2026-01-18 18:40:32,587 - Knowledge - INFO - process ingested knowledge for /app/data/T0015/307419/b5849in/keystone/packages/fields-document/src/DocumentEditor/component-blocks/chromeless-element.tsx
2026-01-18 18:40:32,706 - Knowledge - INFO - process ingested knowledge for /app/data/T0015/307419/b5849in/keystone/packages/fields-document/src/DocumentEditor/marks.tsx
2026-01-18 18:40:32,802 - Knowledge - INFO - process ingested knowledge for /app/data/T0015/307419/b5849in/keystone/examples/byte-encoding/package.json
2026-01-18 18:40:32,901 - Knowledge - INFO - Worker kw10 processing /app/data/T0015/307419/b5849in/keystone/examples/hooks/schema.ts
2026-01-18 18:40:32,989 - Knowledge - INFO - Fast-tracked /app/data/T0015/307419/b5849in/keystone/examples/graphql-gql.tada/tsconfig.json (ext=.json, size=837)
2026-01-18 18:40:33,079 - Knowledge - INFO - Worker kw7 processing /app/data/T0015/307419/b5849in/keystone/examples/reuse/sandbox.config.json
2026-01-18 18:40:33,197 - Knowledge - INFO - Worker kw5 processing /app/data/T0015/307419/b5849in/keystone/examples/framework-astro/src/keystone/context.ts
2026-01-18 18:40:33,292 - Knowledge - INFO - process ingested knowledge for /app/data/T0015/307419/b5849in/keystone/packages/fields-document/src/DocumentEditor/component-blocks/field-assertions.ts
2026-01-18 18:40:33,384 - Knowledge - INFO - process ingested knowledge for /app/data/T0015/307419/b5849in/keystone/packages/fields-document/src/structure-validation.ts
2026-01-18 18:40:33,488 - Knowledge - INFO - process ingested knowledge for /app/data/T0015/307419/b5849in/keystone/examples/document-field/sandbox.config.json
2026-01-18 18:40:33,629 - Knowledge - INFO - Fast-tracked /app/data/T0015/307419/b5849in/keystone/examples/framework-astro/README.md (ext=.md, size=1499)
2026-01-18 18:40:33,694 - Knowledge - INFO - process ingested knowledge for /app/data/T0015/307419/b5849in/keystone/packages/fields-document/src/DocumentEditor/marks.test.tsx
2026-01-18 18:40:33,781 - Knowledge - INFO - Fast-tracked /app/data/T0015/307419/b5849in/keystone/examples/graphql-ts-gql/sandbox.config.json (ext=.json, size=99)
2026-01-18 18:40:33,852 - Knowledge - INFO - process ingested knowledge for /app/data/T0015/307419/b5849in/keystone/examples/framework-remix/app/root.tsx
2026-01-18 18:40:33,936 - Knowledge - INFO - process ingested knowledge for /app/data/T0015/307419/b5849in/keystone/packages/fields-document/package.json
2026-01-18 18:40:34,051 - Knowledge - INFO - [LLM_CALL] Completed: example-data.ts:chunk1, Duration: 5022ms, PromptTokens: 14526, CompletionTokens: 167, Cost: $0.00152
2026-01-18 18:40:34,177 - Knowledge - INFO - process ingested knowledge for /app/data/T0015/307419/b5849in/keystone/packages/fields-document/src/DocumentEditor/divider.tsx
2026-01-18 18:40:34,264 - Knowledge - INFO - process ingested knowledge for /app/data/T0015/307419/b5849in/keystone/packages/fields-document/src/DocumentEditor/editor-shared.ts
2026-01-18 18:40:34,339 - Knowledge - INFO - process ingested knowledge for /app/data/T0015/307419/b5849in/keystone/packages/fields-document/src/DocumentEditor/component-blocks/index.tsx
2026-01-18 18:40:34,434 - Knowledge - INFO - process ingested knowledge for /app/data/T0015/307419/b5849in/keystone/packages/fields-document/src/DocumentEditor/heading.test.tsx
2026-01-18 18:40:34,522 - Knowledge - INFO - process ingested knowledge for /app/data/T0015/307419/b5849in/keystone/examples/byte-encoding/schema.ts
2026-01-18 18:40:34,605 - Knowledge - INFO - Worker kw10 processing /app/data/T0015/307419/b5849in/keystone/examples/hooks/sandbox.config.json
2026-01-18 18:40:34,672 - Knowledge - INFO - Worker kw12 processing /app/data/T0015/307419/b5849in/keystone/examples/graphql-gql.tada/README.md
2026-01-18 18:40:34,759 - Knowledge - INFO - Fast-tracked /app/data/T0015/307419/b5849in/keystone/examples/reuse/sandbox.config.json (ext=.json, size=99)
2026-01-18 18:40:34,846 - Knowledge - INFO - Fast-tracked /app/data/T0015/307419/b5849in/keystone/examples/framework-astro/src/keystone/context.ts (ext=.ts, size=474)
2026-01-18 18:40:34,951 - Knowledge - INFO - process ingested knowledge for /app/data/T0015/307419/b5849in/keystone/packages/fields-document/src/DocumentEditor/component-blocks/form-from-preview.tsx
2026-01-18 18:40:35,053 - Knowledge - INFO - process ingested knowledge for /app/data/T0015/307419/b5849in/keystone/packages/fields-document/src/structure-views.tsx
2026-01-18 18:40:35,170 - Knowledge - INFO - process ingested knowledge for /app/data/T0015/307419/b5849in/keystone/examples/document-field/keystone.ts
2026-01-18 18:40:35,244 - Knowledge - INFO - Worker kw16 processing /app/data/T0015/307419/b5849in/keystone/examples/framework-astro/sandbox.config.json
2026-01-18 18:40:35,325 - Knowledge - INFO - process ingested knowledge for /app/data/T0015/307419/b5849in/keystone/packages/fields-document/src/DocumentEditor/index.tsx
2026-01-18 18:40:35,404 - Knowledge - INFO - Worker kw15 processing /app/data/T0015/307419/b5849in/keystone/examples/graphql-ts-gql/keystone.ts
2026-01-18 18:40:35,488 - Knowledge - INFO - process ingested knowledge for /app/data/T0015/307419/b5849in/keystone/examples/framework-remix/tsconfig.json
2026-01-18 18:40:35,567 - Knowledge - INFO - process ingested knowledge for /app/data/T0015/307419/b5849in/keystone/packages/fields-document/structure-views/package.json
2026-01-18 18:40:35,646 - Knowledge - INFO - done ingest for /app/data/T0015/307419/b5849in/keystone/examples/example-data.ts
2026-01-18 18:40:35,647 - Knowledge - INFO - [kw2] Queue=342, InProgress=0, PendingWorkers=20/20, Completed=922/1306 (70.6%)
2026-01-18 18:40:35,647 - Knowledge - INFO - [WEBSOCKET] Sent: Type=unknown, Size: ?, Duration: 3279ms
2026-01-18 18:40:35,718 - Knowledge - INFO - process ingested knowledge for /app/data/T0015/307419/b5849in/keystone/packages/fields-document/src/DocumentEditor/blockquote.test.tsx
2026-01-18 18:40:35,796 - Knowledge - INFO - process ingested knowledge for /app/data/T0015/307419/b5849in/keystone/packages/fields-document/src/DocumentEditor/divider-shared.ts
2026-01-18 18:40:35,910 - Knowledge - INFO - process ingested knowledge for /app/data/T0015/307419/b5849in/keystone/packages/fields-document/src/DocumentEditor/component-blocks/component-block-render.tsx
2026-01-18 18:40:36,029 - Knowledge - INFO - process ingested knowledge for /app/data/T0015/307419/b5849in/keystone/packages/fields-document/src/DocumentEditor/link-shared.ts
2026-01-18 18:40:36,106 - Knowledge - INFO - process ingested knowledge for /app/data/T0015/307419/b5849in/keystone/examples/byte-encoding/README.md
2026-01-18 18:40:36,192 - Knowledge - INFO - Fast-tracked /app/data/T0015/307419/b5849in/keystone/examples/hooks/sandbox.config.json (ext=.json, size=99)
2026-01-18 18:40:36,264 - Knowledge - INFO - Fast-tracked /app/data/T0015/307419/b5849in/keystone/examples/graphql-gql.tada/README.md (ext=.md, size=1107)
2026-01-18 18:40:36,345 - Knowledge - INFO - Worker kw7 processing /app/data/T0015/307419/b5849in/keystone/examples/reuse/keystone.ts
2026-01-18 18:40:36,434 - Knowledge - INFO - Worker kw5 processing /app/data/T0015/307419/b5849in/keystone/examples/framework-astro/src/keystone/schema.ts
2026-01-18 18:40:36,621 - Knowledge - INFO - process ingested knowledge for /app/data/T0015/307419/b5849in/keystone/packages/fields-document/src/index.ts
2026-01-18 18:40:36,736 - Knowledge - INFO - process ingested knowledge for /app/data/T0015/307419/b5849in/keystone/examples/framework-remix/remix.config.js
2026-01-18 18:40:36,769 - Knowledge - INFO - Fast-tracked /app/data/T0015/307419/b5849in/keystone/examples/framework-astro/sandbox.config.json (ext=.json, size=114)
2026-01-18 18:40:36,850 - Knowledge - INFO - process ingested knowledge for /app/data/T0015/307419/b5849in/keystone/packages/fields-document/src/DocumentEditor/leaf.tsx
2026-01-18 18:40:36,934 - Knowledge - INFO - Fast-tracked /app/data/T0015/307419/b5849in/keystone/examples/graphql-ts-gql/keystone.ts (ext=.ts, size=633)
2026-01-18 18:40:37,114 - Knowledge - INFO - process ingested knowledge for /app/data/T0015/307419/b5849in/keystone/examples/framework-remix/README.md
2026-01-18 18:40:37,131 - Knowledge - INFO - process ingested knowledge for /app/data/T0015/307419/b5849in/keystone/packages/fields-document/primitives/package.json
2026-01-18 18:40:37,366 - Knowledge - INFO - Batch sizing: calculated=6, max_allowed=10, queue=342, active_workers=20/20
2026-01-18 18:40:37,496 - Knowledge - INFO - Progress: 70.6% | Files: 922/1306 | Rate: 2.26 files/sec | Queue: 342
2026-01-18 18:40:37,497 - Knowledge - INFO - [LLM_CALL] Completed: schema.ts:chunk1, Duration: 7671ms, PromptTokens: 2128, CompletionTokens: 242, Cost: $0.00031
2026-01-18 18:40:37,570 - Knowledge - INFO - process ingested knowledge for /app/data/T0015/307419/b5849in/keystone/packages/fields-document/src/DocumentEditor/isValidURL.ts
2026-01-18 18:40:37,672 - Knowledge - INFO - process ingested knowledge for /app/data/T0015/307419/b5849in/keystone/packages/fields-document/src/DocumentEditor/slate-types.ts
2026-01-18 18:40:37,754 - Knowledge - INFO - process ingested knowledge for /app/data/T0015/307419/b5849in/keystone/packages/fields-document/src/DocumentEditor/component-blocks/api-shared.ts
2026-01-18 18:40:37,833 - Knowledge - INFO - process ingested knowledge for /app/data/T0015/307419/b5849in/keystone/packages/fields-document/src/DocumentEditor/utils-hooks.tsx
2026-01-18 18:40:37,915 - Knowledge - INFO - process ingested knowledge for /app/data/T0015/307419/b5849in/keystone/examples/byte-encoding/sandbox.config.json
2026-01-18 18:40:38,186 - Knowledge - INFO - Fast-tracked /app/data/T0015/307419/b5849in/keystone/examples/reuse/keystone.ts (ext=.ts, size=341)
2026-01-18 18:40:38,269 - Knowledge - INFO - Worker kw5 processing /app/data/T0015/307419/b5849in/keystone/examples/framework-astro/package.json
2026-01-18 18:40:38,363 - Knowledge - INFO - process ingested knowledge for /app/data/T0015/307419/b5849in/keystone/packages/fields-document/src/views.tsx
2026-01-18 18:40:38,552 - Knowledge - INFO - Worker kw16 processing /app/data/T0015/307419/b5849in/keystone/examples/framework-astro/keystone.ts
2026-01-18 18:40:38,714 - Knowledge - INFO - Worker kw15 processing /app/data/T0015/307419/b5849in/keystone/examples/extend-graphql-schema-graphql-tools/package.json
2026-01-18 18:40:39,231 - Knowledge - INFO - done ingest for /app/data/T0015/307419/b5849in/keystone/examples/virtual-field/schema.ts
2026-01-18 18:40:39,234 - Knowledge - INFO - Async storing batch of 6 embeddings
2026-01-18 18:40:39,278 - Knowledge - INFO - [kw9] Queue=336, InProgress=0, PendingWorkers=20/20, Completed=922/1306 (70.6%)
2026-01-18 18:40:39,592 - Knowledge - INFO - process ingested knowledge for /app/data/T0015/307419/b5849in/keystone/packages/fields-document/src/DocumentEditor/Toolbar.tsx
2026-01-18 18:40:39,668 - Knowledge - INFO - process ingested knowledge for /app/data/T0015/307419/b5849in/keystone/packages/fields-document/src/DocumentEditor/insert-menu.tsx
2026-01-18 18:40:39,753 - Knowledge - INFO - [kw6] Queue=336, InProgress=0, PendingWorkers=20/20, Completed=922/1306 (70.6%)
2026-01-18 18:40:39,795 - Knowledge - INFO - Worker kw7 processing /app/data/T0015/307419/b5849in/keystone/examples/graphql-ts-gql/package.json
2026-01-18 18:40:39,834 - Knowledge - INFO - [kw8] Queue=336, InProgress=0, PendingWorkers=20/20, Completed=922/1306 (70.6%)
2026-01-18 18:40:39,915 - Knowledge - INFO - Fast-tracked /app/data/T0015/307419/b5849in/keystone/examples/framework-astro/package.json (ext=.json, size=693)
2026-01-18 18:40:40,124 - Knowledge - INFO - Fast-tracked /app/data/T0015/307419/b5849in/keystone/examples/framework-astro/keystone.ts (ext=.ts, size=991)
2026-01-18 18:40:40,204 - Knowledge - INFO - [kw17] Queue=336, InProgress=0, PendingWorkers=20/20, Completed=922/1306 (70.6%)
2026-01-18 18:40:40,221 - Knowledge - INFO - Fast-tracked /app/data/T0015/307419/b5849in/keystone/examples/extend-graphql-schema-graphql-tools/package.json (ext=.json, size=513)
2026-01-18 18:40:40,419 - Knowledge - INFO - Worker kw2 processing /app/data/T0015/307419/b5849in/keystone/examples/extend-graphql-schema-graphql-tools/keystone.ts
2026-01-18 18:40:40,509 - Knowledge - INFO - Batch sizing: calculated=6, max_allowed=10, queue=336, active_workers=20/20
2026-01-18 18:40:40,791 - Knowledge - INFO - Batch sizing: calculated=6, max_allowed=10, queue=336, active_workers=20/20
2026-01-18 18:40:40,812 - Knowledge - INFO - Async storage completed for 6 embeddings
2026-01-18 18:40:40,866 - Knowledge - INFO - Fast-tracked /app/data/T0015/307419/b5849in/keystone/examples/graphql-ts-gql/package.json (ext=.json, size=834)
2026-01-18 18:40:40,900 - Knowledge - INFO - Async storage completed for 8 embeddings
2026-01-18 18:40:40,983 - Knowledge - INFO - Batch sizing: calculated=6, max_allowed=10, queue=336, active_workers=20/20
2026-01-18 18:40:40,993 - Knowledge - INFO - process ingested knowledge for /app/data/T0015/307419/b5849in/keystone/packages/fields-document/src/DocumentEditor/lists-shared.ts
2026-01-18 18:40:41,059 - Knowledge - INFO - process ingested knowledge for /app/data/T0015/307419/b5849in/keystone/packages/fields-document/src/DocumentEditor/primitives/BlockPopover.tsx
2026-01-18 18:40:41,089 - Knowledge - INFO - Worker kw5 processing /app/data/T0015/307419/b5849in/keystone/examples/framework-astro/tsconfig.json
2026-01-18 18:40:41,186 - Knowledge - INFO - Worker kw16 processing /app/data/T0015/307419/b5849in/keystone/examples/reuse/package.json
2026-01-18 18:40:41,250 - Knowledge - INFO - [kw20] Queue=336, InProgress=0, PendingWorkers=20/20, Completed=923/1306 (70.7%)
2026-01-18 18:40:41,250 - Knowledge - INFO - [kw3] Queue=336, InProgress=0, PendingWorkers=20/20, Completed=923/1306 (70.7%)
2026-01-18 18:40:41,291 - Knowledge - INFO - Batch sizing: calculated=6, max_allowed=10, queue=336, active_workers=20/20
2026-01-18 18:40:41,361 - Knowledge - INFO - Worker kw15 processing /app/data/T0015/307419/b5849in/keystone/examples/extend-graphql-schema-graphql-tools/schema.ts
2026-01-18 18:40:41,457 - Knowledge - INFO - Fast-tracked /app/data/T0015/307419/b5849in/keystone/examples/extend-graphql-schema-graphql-tools/keystone.ts (ext=.ts, size=404)
2026-01-18 18:40:41,713 - Knowledge - INFO - Async storing batch of 6 embeddings
2026-01-18 18:40:41,800 - Knowledge - INFO - Async storing batch of 6 embeddings
2026-01-18 18:40:41,816 - Knowledge - INFO - Worker kw7 processing /app/data/T0015/307419/b5849in/keystone/examples/graphql-ts-gql/schema.ts
2026-01-18 18:40:42,084 - Knowledge - INFO - Processing batch of 6 files
2026-01-18 18:40:42,085 - Knowledge - INFO - Async storing batch of 6 embeddings
2026-01-18 18:40:42,231 - Knowledge - INFO - [kw11] Queue=318, InProgress=0, PendingWorkers=20/20, Completed=928/1306 (71.1%)
2026-01-18 18:40:42,232 - Knowledge - INFO - [kw1] Queue=318, InProgress=0, PendingWorkers=20/20, Completed=928/1306 (71.1%)
2026-01-18 18:40:42,264 - Knowledge - INFO - Fast-tracked /app/data/T0015/307419/b5849in/keystone/examples/framework-astro/tsconfig.json (ext=.json, size=207)
2026-01-18 18:40:42,367 - Knowledge - INFO - Fast-tracked /app/data/T0015/307419/b5849in/keystone/examples/reuse/package.json (ext=.json, size=418)
2026-01-18 18:40:42,474 - Knowledge - INFO - Batch sizing: calculated=6, max_allowed=10, queue=336, active_workers=20/20
2026-01-18 18:40:42,566 - Knowledge - INFO - [LLM_CALL] Completed: tada.generated.d.ts:chunk1, Duration: 3333ms, PromptTokens: 22396, CompletionTokens: 59, Cost: $0.00226
2026-01-18 18:40:42,573 - Knowledge - INFO - Batch sizing: calculated=6, max_allowed=10, queue=336, active_workers=20/20
2026-01-18 18:40:42,725 - Knowledge - INFO - [kw13] Queue=318, InProgress=0, PendingWorkers=20/20, Completed=928/1306 (71.1%)
2026-01-18 18:40:42,726 - Knowledge - INFO - [kw4] Queue=318, InProgress=0, PendingWorkers=20/20, Completed=928/1306 (71.1%)
2026-01-18 18:40:42,821 - Knowledge - INFO - Worker kw15 processing /app/data/T0015/307419/b5849in/keystone/examples/extend-graphql-schema-graphql-tools/README.md
2026-01-18 18:40:42,896 - Knowledge - INFO - Worker kw2 processing /app/data/T0015/307419/b5849in/keystone/examples/usecase-todo/package.json
2026-01-18 18:40:42,991 - Knowledge - INFO - Worker kw9 processing /app/data/T0015/307419/b5849in/keystone/examples/usecase-todo/keystone.ts
2026-01-18 18:40:43,096 - Knowledge - INFO - Worker kw6 processing /app/data/T0015/307419/b5849in/keystone/examples/custom-session/schema.ts
2026-01-18 18:40:43,173 - Knowledge - INFO - Fast-tracked /app/data/T0015/307419/b5849in/keystone/examples/graphql-ts-gql/schema.ts (ext=.ts, size=1874)
2026-01-18 18:40:43,283 - Knowledge - INFO - process ingested knowledge for /app/data/T0015/307419/b5849in/keystone/examples/byte-encoding/keystone.ts
2026-01-18 18:40:43,375 - Knowledge - INFO - Worker kw8 processing /app/data/T0015/307419/b5849in/keystone/examples/custom-field/1-text-field/index.ts
2026-01-18 18:40:43,455 - Knowledge - INFO - Batch sizing: calculated=6, max_allowed=10, queue=318, active_workers=20/20
2026-01-18 18:40:43,576 - Knowledge - INFO - Batch sizing: calculated=6, max_allowed=10, queue=318, active_workers=20/20
2026-01-18 18:40:43,663 - Knowledge - INFO - Fast-tracked /app/data/T0015/307419/b5849in/keystone/examples/framework-astro/src/keystone/schema.ts (small file (2100 bytes))
2026-01-18 18:40:43,738 - Knowledge - INFO - Worker kw16 processing /app/data/T0015/307419/b5849in/keystone/examples/reuse/schema.ts
2026-01-18 18:40:43,937 - Knowledge - INFO - done ingest for /app/data/T0015/307419/b5849in/keystone/examples/graphql-gql.tada/tada.generated.d.ts
2026-01-18 18:40:43,939 - Knowledge - INFO - [kw18] Queue=306, InProgress=0, PendingWorkers=20/20, Completed=928/1306 (71.1%)
2026-01-18 18:40:43,943 - Knowledge - INFO - Async storing batch of 6 embeddings
2026-01-18 18:40:43,944 - Knowledge - INFO - Async storing batch of 6 embeddings
2026-01-18 18:40:43,944 - Knowledge - INFO - [kw14] Queue=306, InProgress=0, PendingWorkers=20/20, Completed=928/1306 (71.1%)
2026-01-18 18:40:44,034 - Knowledge - INFO - Async storing batch of 6 embeddings
2026-01-18 18:40:44,103 - Knowledge - INFO - Batch sizing: calculated=6, max_allowed=10, queue=318, active_workers=20/20
2026-01-18 18:40:44,183 - Knowledge - INFO - Batch sizing: calculated=6, max_allowed=10, queue=318, active_workers=20/20
2026-01-18 18:40:44,257 - Knowledge - INFO - Fast-tracked /app/data/T0015/307419/b5849in/keystone/examples/extend-graphql-schema-graphql-tools/README.md (ext=.md, size=5068)
2026-01-18 18:40:44,336 - Knowledge - INFO - [LLM_CALL] Completed: schema.ts:chunk1, Duration: 5102ms, PromptTokens: 2930, CompletionTokens: 360, Cost: $0.00044
2026-01-18 18:40:44,340 - Knowledge - INFO - Fast-tracked /app/data/T0015/307419/b5849in/keystone/examples/usecase-todo/package.json (ext=.json, size=483)
2026-01-18 18:40:44,416 - Knowledge - INFO - Fast-tracked /app/data/T0015/307419/b5849in/keystone/examples/usecase-todo/keystone.ts (ext=.ts, size=398)
2026-01-18 18:40:44,498 - Knowledge - INFO - Fast-tracked /app/data/T0015/307419/b5849in/keystone/examples/custom-session/schema.ts (ext=.ts, size=1394)
2026-01-18 18:40:44,588 - Knowledge - INFO - Worker kw7 processing /app/data/T0015/307419/b5849in/keystone/examples/graphql-ts-gql/README.md
2026-01-18 18:40:44,681 - Knowledge - INFO - process ingested knowledge for /app/data/T0015/307419/b5849in/keystone/examples/example-data.ts
2026-01-18 18:40:44,772 - Knowledge - INFO - Fast-tracked /app/data/T0015/307419/b5849in/keystone/examples/custom-field/1-text-field/index.ts (ext=.ts, size=1350)
2026-01-18 18:40:45,044 - Knowledge - INFO - Async storage completed for 8 embeddings
2026-01-18 18:40:45,159 - Knowledge - INFO - Fast-tracked /app/data/T0015/307419/b5849in/keystone/examples/reuse/schema.ts (small file (2986 bytes))
2026-01-18 18:40:45,337 - Knowledge - INFO - Batch sizing: calculated=6, max_allowed=10, queue=306, active_workers=20/20
2026-01-18 18:40:45,461 - Knowledge - INFO - Worker kw17 processing /app/data/T0015/307419/b5849in/keystone/examples/custom-field/4-conditional-field/views.tsx
2026-01-18 18:40:45,584 - Knowledge - INFO - Worker kw20 processing /app/data/T0015/307419/b5849in/keystone/examples/custom-field/README.md
2026-01-18 18:40:45,681 - Knowledge - INFO - Batch sizing: calculated=6, max_allowed=10, queue=306, active_workers=20/20
2026-01-18 18:40:45,755 - Knowledge - INFO - Worker kw3 processing /app/data/T0015/307419/b5849in/keystone/examples/extend-graphql-schema-graphql-ts/schema.ts
2026-01-18 18:40:45,984 - Knowledge - INFO - Worker kw15 processing /app/data/T0015/307419/b5849in/keystone/examples/extend-graphql-schema-graphql-tools/sandbox.config.json
2026-01-18 18:40:46,066 - Knowledge - INFO - done ingest for /app/data/T0015/307419/b5849in/keystone/examples/hooks/schema.ts
2026-01-18 18:40:46,067 - Knowledge - INFO - Async storing batch of 6 embeddings
2026-01-18 18:40:46,067 - Knowledge - INFO - Async storing batch of 6 embeddings
2026-01-18 18:40:46,069 - Knowledge - INFO - Async storing batch of 6 embeddings
2026-01-18 18:40:46,069 - Knowledge - INFO - Async storing batch of 6 embeddings
2026-01-18 18:40:46,095 - Knowledge - INFO - Processing batch of 6 files
2026-01-18 18:40:46,157 - Knowledge - INFO - Worker kw2 processing /app/data/T0015/307419/b5849in/keystone/examples/usecase-todo/schema.ts
2026-01-18 18:40:46,249 - Knowledge - INFO - Worker kw9 processing /app/data/T0015/307419/b5849in/keystone/examples/usecase-blog-moderated/package.json
2026-01-18 18:40:46,321 - Knowledge - INFO - Worker kw6 processing /app/data/T0015/307419/b5849in/keystone/examples/custom-session/sandbox.config.json
2026-01-18 18:40:46,398 - Knowledge - INFO - Fast-tracked /app/data/T0015/307419/b5849in/keystone/examples/graphql-ts-gql/README.md (ext=.md, size=1110)
2026-01-18 18:40:46,482 - Knowledge - INFO - process ingested knowledge for /app/data/T0015/307419/b5849in/keystone/examples/virtual-field/package.json
2026-01-18 18:40:46,565 - Knowledge - INFO - Worker kw8 processing /app/data/T0015/307419/b5849in/keystone/examples/custom-field/1-text-field/views.tsx
2026-01-18 18:40:46,681 - Knowledge - INFO - Processing batch of 6 files
2026-01-18 18:40:46,732 - Knowledge - INFO - Async storage completed for 8 embeddings
2026-01-18 18:40:46,812 - Knowledge - INFO - Async storing batch of 8 embeddings
2026-01-18 18:40:46,892 - Knowledge - INFO - Fast-tracked /app/data/T0015/307419/b5849in/keystone/examples/custom-field/4-conditional-field/views.tsx (ext=.tsx, size=1925)
2026-01-18 18:40:46,969 - Knowledge - INFO - Fast-tracked /app/data/T0015/307419/b5849in/keystone/examples/custom-field/README.md (ext=.md, size=1713)
2026-01-18 18:40:47,045 - Knowledge - INFO - Async storing batch of 8 embeddings
2026-01-18 18:40:47,159 - Knowledge - INFO - Worker kw3 processing /app/data/T0015/307419/b5849in/keystone/examples/extend-graphql-schema-graphql-ts/README.md
2026-01-18 18:40:47,232 - Knowledge - INFO - Fast-tracked /app/data/T0015/307419/b5849in/keystone/examples/extend-graphql-schema-graphql-tools/sandbox.config.json (ext=.json, size=99)
2026-01-18 18:40:47,348 - Knowledge - INFO - Processing batch of 6 files
2026-01-18 18:40:47,409 - Knowledge - INFO - Worker kw11 processing /app/data/T0015/307419/b5849in/keystone/examples/extend-graphql-schema-nexus/schema.ts
2026-01-18 18:40:47,481 - Knowledge - INFO - Worker kw1 processing /app/data/T0015/307419/b5849in/keystone/examples/auth/schema.ts
2026-01-18 18:40:47,564 - Knowledge - INFO - Worker kw13 processing /app/data/T0015/307419/b5849in/keystone/examples/default-values/sandbox.config.json
2026-01-18 18:40:47,648 - Knowledge - INFO - Worker kw4 processing /app/data/T0015/307419/b5849in/keystone/examples/limits/sandbox.config.json
2026-01-18 18:40:47,725 - Knowledge - INFO - process ingested knowledge for /app/data/T0015/307419/b5849in/keystone/examples/virtual-field/keystone.ts
2026-01-18 18:40:47,810 - Knowledge - INFO - Fast-tracked /app/data/T0015/307419/b5849in/keystone/examples/usecase-todo/schema.ts (ext=.ts, size=1186)
2026-01-18 18:40:47,919 - Knowledge - INFO - Fast-tracked /app/data/T0015/307419/b5849in/keystone/examples/usecase-blog-moderated/package.json (ext=.json, size=469)
2026-01-18 18:40:48,003 - Knowledge - INFO - Fast-tracked /app/data/T0015/307419/b5849in/keystone/examples/custom-session/sandbox.config.json (ext=.json, size=99)
2026-01-18 18:40:48,091 - Knowledge - INFO - Async storage completed for 6 embeddings
2026-01-18 18:40:48,208 - Knowledge - INFO - process ingested knowledge for /app/data/T0015/307419/b5849in/keystone/examples/virtual-field/schema.ts
2026-01-18 18:40:48,289 - Knowledge - INFO - Fast-tracked /app/data/T0015/307419/b5849in/keystone/examples/custom-field/1-text-field/views.tsx (ext=.tsx, size=1000)
2026-01-18 18:40:48,403 - Knowledge - INFO - process ingested knowledge for /app/data/T0015/307419/b5849in/keystone/examples/hooks/keystone.ts
2026-01-18 18:40:48,548 - Knowledge - INFO - Processing batch of 6 files
2026-01-18 18:40:48,629 - Knowledge - INFO - Worker kw18 processing /app/data/T0015/307419/b5849in/keystone/examples/structure-field/package.json
2026-01-18 18:40:48,708 - Knowledge - INFO - Worker kw17 processing /app/data/T0015/307419/b5849in/keystone/examples/custom-field/schema.ts
2026-01-18 18:40:48,808 - Knowledge - INFO - Worker kw20 processing /app/data/T0015/307419/b5849in/keystone/examples/custom-field/3-pair-field-nested/index.ts
2026-01-18 18:40:48,914 - Knowledge - INFO - Worker kw14 processing /app/data/T0015/307419/b5849in/keystone/examples/usecase-blog/seed-data.ts
2026-01-18 18:40:48,993 - Knowledge - INFO - Fast-tracked /app/data/T0015/307419/b5849in/keystone/examples/extend-graphql-schema-graphql-ts/README.md (ext=.md, size=1717)
2026-01-18 18:40:49,177 - Knowledge - INFO - process ingested knowledge for /app/data/T0015/307419/b5849in/keystone/examples/graphql-gql.tada/sandbox.config.json
2026-01-18 18:40:49,287 - Knowledge - INFO - Worker kw11 processing /app/data/T0015/307419/b5849in/keystone/examples/extend-graphql-schema-nexus/keystone-types.ts
2026-01-18 18:40:49,396 - Knowledge - INFO - Worker kw1 processing /app/data/T0015/307419/b5849in/keystone/examples/auth/sandbox.config.json
2026-01-18 18:40:49,470 - Knowledge - INFO - Fast-tracked /app/data/T0015/307419/b5849in/keystone/examples/default-values/sandbox.config.json (ext=.json, size=99)
2026-01-18 18:40:49,548 - Knowledge - INFO - Fast-tracked /app/data/T0015/307419/b5849in/keystone/examples/limits/sandbox.config.json (ext=.json, size=99)
2026-01-18 18:40:49,614 - Knowledge - INFO - process ingested knowledge for /app/data/T0015/307419/b5849in/keystone/examples/graphql-gql.tada/package.json
2026-01-18 18:40:49,717 - Knowledge - INFO - Worker kw2 processing /app/data/T0015/307419/b5849in/keystone/examples/usecase-todo/seed-data.ts
2026-01-18 18:40:49,829 - Knowledge - INFO - Worker kw9 processing /app/data/T0015/307419/b5849in/keystone/examples/usecase-blog-moderated/schema.ts
2026-01-18 18:40:49,912 - Knowledge - INFO - Worker kw6 processing /app/data/T0015/307419/b5849in/keystone/examples/custom-session/keystone.ts
2026-01-18 18:40:49,949 - Knowledge - INFO - Async storage completed for 6 embeddings
2026-01-18 18:40:50,027 - Knowledge - INFO - Processing batch of 6 files
2026-01-18 18:40:50,073 - Knowledge - INFO - process ingested knowledge for /app/data/T0015/307419/b5849in/keystone/examples/virtual-field/README.md
2026-01-18 18:40:50,167 - Knowledge - INFO - Worker kw8 processing /app/data/T0015/307419/b5849in/keystone/examples/custom-field/3-pair-field-json/index.ts
2026-01-18 18:40:50,258 - Knowledge - INFO - process ingested knowledge for /app/data/T0015/307419/b5849in/keystone/examples/framework-astro/src/env.d.ts
2026-01-18 18:40:50,345 - Knowledge - INFO - process ingested knowledge for /app/data/T0015/307419/b5849in/keystone/examples/framework-astro/astro.config.mjs
2026-01-18 18:40:50,436 - Knowledge - INFO - Fast-tracked /app/data/T0015/307419/b5849in/keystone/examples/structure-field/package.json (ext=.json, size=620)
2026-01-18 18:40:50,536 - Knowledge - INFO - Worker kw17 processing /app/data/T0015/307419/b5849in/keystone/examples/custom-field/2-stars-field/index.ts
2026-01-18 18:40:50,654 - Knowledge - INFO - Worker kw20 processing /app/data/T0015/307419/b5849in/keystone/examples/custom-field/3-pair-field-nested/views.tsx
2026-01-18 18:40:50,727 - Knowledge - INFO - Fast-tracked /app/data/T0015/307419/b5849in/keystone/examples/usecase-blog/seed-data.ts (ext=.ts, size=1011)
2026-01-18 18:40:50,839 - Knowledge - INFO - Worker kw3 processing /app/data/T0015/307419/b5849in/keystone/examples/extend-graphql-schema-graphql-ts/sandbox.config.json
2026-01-18 18:40:50,922 - Knowledge - INFO - process ingested knowledge for /app/data/T0015/307419/b5849in/keystone/examples/graphql-gql.tada/keystone.ts
2026-01-18 18:40:51,002 - Knowledge - INFO - Worker kw11 processing /app/data/T0015/307419/b5849in/keystone/examples/extend-graphql-schema-nexus/README.md
2026-01-18 18:40:51,086 - Knowledge - INFO - Fast-tracked /app/data/T0015/307419/b5849in/keystone/examples/auth/sandbox.config.json (ext=.json, size=99)
2026-01-18 18:40:51,208 - Knowledge - INFO - Worker kw13 processing /app/data/T0015/307419/b5849in/keystone/examples/default-values/keystone.ts
2026-01-18 18:40:51,305 - Knowledge - INFO - Worker kw4 processing /app/data/T0015/307419/b5849in/keystone/examples/limits/keystone.ts
2026-01-18 18:40:51,386 - Knowledge - INFO - process ingested knowledge for /app/data/T0015/307419/b5849in/keystone/examples/graphql-gql.tada/schema.ts
2026-01-18 18:40:51,472 - Knowledge - INFO - Fast-tracked /app/data/T0015/307419/b5849in/keystone/examples/usecase-todo/seed-data.ts (ext=.ts, size=1460)
2026-01-18 18:40:51,552 - Knowledge - INFO - Worker kw9 processing /app/data/T0015/307419/b5849in/keystone/examples/usecase-blog-moderated/sandbox.config.json
2026-01-18 18:40:51,635 - Knowledge - INFO - Fast-tracked /app/data/T0015/307419/b5849in/keystone/examples/custom-session/keystone.ts (ext=.ts, size=1368)
2026-01-18 18:40:51,820 - Knowledge - INFO - process ingested knowledge for /app/data/T0015/307419/b5849in/keystone/examples/reuse/README.md
2026-01-18 18:40:51,905 - Knowledge - INFO - process ingested knowledge for /app/data/T0015/307419/b5849in/keystone/examples/virtual-field/sandbox.config.json
2026-01-18 18:40:51,987 - Knowledge - INFO - Worker kw8 processing /app/data/T0015/307419/b5849in/keystone/examples/custom-field/3-pair-field-json/views.tsx
2026-01-18 18:40:52,119 - Knowledge - INFO - process ingested knowledge for /app/data/T0015/307419/b5849in/keystone/examples/framework-astro/src/keystone/context.ts
2026-01-18 18:40:52,230 - Knowledge - INFO - process ingested knowledge for /app/data/T0015/307419/b5849in/keystone/examples/framework-astro/README.md
2026-01-18 18:40:52,318 - Knowledge - INFO - Worker kw18 processing /app/data/T0015/307419/b5849in/keystone/examples/structure-field/schema.ts
2026-01-18 18:40:52,401 - Knowledge - INFO - Worker kw17 processing /app/data/T0015/307419/b5849in/keystone/examples/custom-field/2-stars-field/views.tsx
2026-01-18 18:40:52,478 - Knowledge - INFO - Fast-tracked /app/data/T0015/307419/b5849in/keystone/examples/custom-field/3-pair-field-nested/views.tsx (ext=.tsx, size=1496)
2026-01-18 18:40:52,560 - Knowledge - INFO - Worker kw14 processing /app/data/T0015/307419/b5849in/keystone/examples/usecase-blog/README.md
2026-01-18 18:40:52,685 - Knowledge - INFO - Fast-tracked /app/data/T0015/307419/b5849in/keystone/examples/extend-graphql-schema-graphql-ts/sandbox.config.json (ext=.json, size=99)
2026-01-18 18:40:52,807 - Knowledge - INFO - process ingested knowledge for /app/data/T0015/307419/b5849in/keystone/examples/graphql-gql.tada/tada.ts
2026-01-18 18:40:52,886 - Knowledge - INFO - Fast-tracked /app/data/T0015/307419/b5849in/keystone/examples/extend-graphql-schema-nexus/README.md (ext=.md, size=2309)
2026-01-18 18:40:52,961 - Knowledge - INFO - Worker kw1 processing /app/data/T0015/307419/b5849in/keystone/examples/auth/keystone.ts
2026-01-18 18:40:53,037 - Knowledge - INFO - Fast-tracked /app/data/T0015/307419/b5849in/keystone/examples/default-values/keystone.ts (ext=.ts, size=340)
2026-01-18 18:40:53,142 - Knowledge - INFO - Fast-tracked /app/data/T0015/307419/b5849in/keystone/examples/limits/keystone.ts (ext=.ts, size=398)
2026-01-18 18:40:53,252 - Knowledge - INFO - process ingested knowledge for /app/data/T0015/307419/b5849in/keystone/examples/graphql-gql.tada/tada.generated.d.ts
2026-01-18 18:40:53,330 - Knowledge - INFO - Worker kw2 processing /app/data/T0015/307419/b5849in/keystone/examples/usecase-todo/README.md
2026-01-18 18:40:53,414 - Knowledge - INFO - Fast-tracked /app/data/T0015/307419/b5849in/keystone/examples/usecase-blog-moderated/sandbox.config.json (ext=.json, size=99)
2026-01-18 18:40:53,510 - Knowledge - INFO - Worker kw6 processing /app/data/T0015/307419/b5849in/keystone/examples/dynamic-is-required/package.json
2026-01-18 18:40:53,622 - Knowledge - INFO - process ingested knowledge for /app/data/T0015/307419/b5849in/keystone/examples/reuse/sandbox.config.json
2026-01-18 18:40:53,731 - Knowledge - INFO - [LLM_CALL] Completed: schema.ts:chunk1, Duration: 4656ms, PromptTokens: 3126, CompletionTokens: 296, Cost: $0.00043
2026-01-18 18:40:53,834 - Knowledge - INFO - Fast-tracked /app/data/T0015/307419/b5849in/keystone/examples/custom-field/3-pair-field-json/views.tsx (ext=.tsx, size=1496)
2026-01-18 18:40:53,944 - Knowledge - INFO - process ingested knowledge for /app/data/T0015/307419/b5849in/keystone/examples/framework-astro/src/keystone/schema.ts
2026-01-18 18:40:53,982 - Knowledge - INFO - process ingested knowledge for /app/data/T0015/307419/b5849in/keystone/examples/framework-astro/sandbox.config.json
2026-01-18 18:40:54,063 - Knowledge - INFO - Fast-tracked /app/data/T0015/307419/b5849in/keystone/examples/structure-field/schema.ts (ext=.ts, size=636)
2026-01-18 18:40:54,140 - Knowledge - INFO - Fast-tracked /app/data/T0015/307419/b5849in/keystone/examples/custom-field/2-stars-field/views.tsx (ext=.tsx, size=1695)
2026-01-18 18:40:54,229 - Knowledge - INFO - Worker kw20 processing /app/data/T0015/307419/b5849in/keystone/examples/custom-field/sandbox.config.json
2026-01-18 18:40:54,307 - Knowledge - INFO - Fast-tracked /app/data/T0015/307419/b5849in/keystone/examples/usecase-blog/README.md (ext=.md, size=1369)
2026-01-18 18:40:54,383 - Knowledge - INFO - Worker kw3 processing /app/data/T0015/307419/b5849in/keystone/examples/extend-graphql-schema-graphql-ts/keystone.ts
2026-01-18 18:40:54,477 - Knowledge - INFO - process ingested knowledge for /app/data/T0015/307419/b5849in/keystone/examples/hooks/package.json
2026-01-18 18:40:54,589 - Knowledge - INFO - Worker kw11 processing /app/data/T0015/307419/b5849in/keystone/examples/extend-graphql-schema-nexus/sandbox.config.json
2026-01-18 18:40:54,673 - Knowledge - INFO - Worker kw1 processing /app/data/T0015/307419/b5849in/keystone/examples/default-values/package.json
2026-01-18 18:40:54,751 - Knowledge - INFO - Worker kw13 processing /app/data/T0015/307419/b5849in/keystone/examples/limits/package.json
2026-01-18 18:40:54,837 - Knowledge - INFO - Worker kw4 processing /app/data/T0015/307419/b5849in/keystone/examples/better-list-search/package.json
2026-01-18 18:40:54,961 - Knowledge - INFO - process ingested knowledge for /app/data/T0015/307419/b5849in/keystone/examples/graphql-gql.tada/tsconfig.json
2026-01-18 18:40:55,061 - Knowledge - INFO - Fast-tracked /app/data/T0015/307419/b5849in/keystone/examples/usecase-todo/README.md (ext=.md, size=1559)
2026-01-18 18:40:55,152 - Knowledge - INFO - Worker kw9 processing /app/data/T0015/307419/b5849in/keystone/examples/usecase-blog-moderated/keystone.ts
2026-01-18 18:40:55,250 - Knowledge - INFO - Fast-tracked /app/data/T0015/307419/b5849in/keystone/examples/dynamic-is-required/package.json (ext=.json, size=424)
2026-01-18 18:40:55,361 - Knowledge - INFO - process ingested knowledge for /app/data/T0015/307419/b5849in/keystone/examples/reuse/keystone.ts
2026-01-18 18:40:55,442 - Knowledge - INFO - done ingest for /app/data/T0015/307419/b5849in/keystone/examples/extend-graphql-schema-graphql-tools/schema.ts
2026-01-18 18:40:55,444 - Knowledge - INFO - [WEBSOCKET] Sent: Type=progress_update, Size: 292, Duration: 0ms
2026-01-18 18:40:55,533 - Knowledge - INFO - Worker kw8 processing /app/data/T0015/307419/b5849in/keystone/examples/custom-field/package.json
2026-01-18 18:40:55,629 - Knowledge - INFO - process ingested knowledge for /app/data/T0015/307419/b5849in/keystone/examples/framework-astro/package.json
2026-01-18 18:40:55,703 - Knowledge - INFO - process ingested knowledge for /app/data/T0015/307419/b5849in/keystone/examples/framework-astro/keystone.ts
2026-01-18 18:40:55,784 - Knowledge - INFO - Worker kw18 processing /app/data/T0015/307419/b5849in/keystone/examples/structure-field/featured-posts.ts
2026-01-18 18:40:55,879 - Knowledge - INFO - Worker kw17 processing /app/data/T0015/307419/b5849in/keystone/examples/custom-field/3-pair-field/index.ts
2026-01-18 18:40:55,984 - Knowledge - INFO - Fast-tracked /app/data/T0015/307419/b5849in/keystone/examples/custom-field/sandbox.config.json (ext=.json, size=99)
2026-01-18 18:40:56,064 - Knowledge - INFO - Worker kw14 processing /app/data/T0015/307419/b5849in/keystone/examples/usecase-blog/sandbox.config.json
2026-01-18 18:40:56,165 - Knowledge - INFO - Fast-tracked /app/data/T0015/307419/b5849in/keystone/examples/extend-graphql-schema-graphql-ts/keystone.ts (ext=.ts, size=404)
2026-01-18 18:40:56,275 - Knowledge - INFO - process ingested knowledge for /app/data/T0015/307419/b5849in/keystone/examples/hooks/schema.ts
2026-01-18 18:40:56,351 - Knowledge - INFO - Fast-tracked /app/data/T0015/307419/b5849in/keystone/examples/extend-graphql-schema-nexus/sandbox.config.json (ext=.json, size=99)
2026-01-18 18:40:56,428 - Knowledge - INFO - Fast-tracked /app/data/T0015/307419/b5849in/keystone/examples/default-values/package.json (ext=.json, size=427)
2026-01-18 18:40:56,515 - Knowledge - INFO - Fast-tracked /app/data/T0015/307419/b5849in/keystone/examples/limits/package.json (ext=.json, size=477)
2026-01-18 18:40:56,605 - Knowledge - INFO - Fast-tracked /app/data/T0015/307419/b5849in/keystone/examples/better-list-search/package.json (ext=.json, size=497)
2026-01-18 18:40:56,690 - Knowledge - INFO - process ingested knowledge for /app/data/T0015/307419/b5849in/keystone/examples/graphql-gql.tada/README.md
2026-01-18 18:40:56,767 - Knowledge - INFO - Worker kw2 processing /app/data/T0015/307419/b5849in/keystone/examples/usecase-todo/sandbox.config.json
2026-01-18 18:40:56,842 - Knowledge - INFO - Fast-tracked /app/data/T0015/307419/b5849in/keystone/examples/usecase-blog-moderated/keystone.ts (ext=.ts, size=1595)
2026-01-18 18:40:56,924 - Knowledge - INFO - Worker kw6 processing /app/data/T0015/307419/b5849in/keystone/examples/dynamic-is-required/schema.ts
2026-01-18 18:40:57,004 - Knowledge - INFO - process ingested knowledge for /app/data/T0015/307419/b5849in/keystone/examples/graphql-ts-gql/package.json
2026-01-18 18:40:57,171 - Knowledge - INFO - [WEBSOCKET] Sent: Type=unknown, Size: ?, Duration: 1727ms
2026-01-18 18:40:57,273 - Knowledge - INFO - Fast-tracked /app/data/T0015/307419/b5849in/keystone/examples/custom-field/package.json (ext=.json, size=455)
2026-01-18 18:40:57,360 - Knowledge - INFO - process ingested knowledge for /app/data/T0015/307419/b5849in/keystone/examples/framework-astro/tsconfig.json
2026-01-18 18:40:57,437 - Knowledge - INFO - process ingested knowledge for /app/data/T0015/307419/b5849in/keystone/examples/reuse/package.json
2026-01-18 18:40:57,520 - Knowledge - INFO - Fast-tracked /app/data/T0015/307419/b5849in/keystone/examples/structure-field/featured-posts.ts (ext=.ts, size=208)
2026-01-18 18:40:57,626 - Knowledge - INFO - Worker kw17 processing /app/data/T0015/307419/b5849in/keystone/examples/custom-field/3-pair-field/views.tsx
2026-01-18 18:40:57,723 - Knowledge - INFO - Worker kw20 processing /app/data/T0015/307419/b5849in/keystone/examples/custom-field/keystone.ts
2026-01-18 18:40:57,802 - Knowledge - INFO - Fast-tracked /app/data/T0015/307419/b5849in/keystone/examples/usecase-blog/sandbox.config.json (ext=.json, size=99)
2026-01-18 18:40:57,872 - Knowledge - INFO - Worker kw3 processing /app/data/T0015/307419/b5849in/keystone/examples/extend-graphql-schema-nexus/package.json
2026-01-18 18:40:57,949 - Knowledge - INFO - process ingested knowledge for /app/data/T0015/307419/b5849in/keystone/examples/hooks/sandbox.config.json
2026-01-18 18:40:58,042 - Knowledge - INFO - Worker kw11 processing /app/data/T0015/307419/b5849in/keystone/examples/extend-graphql-schema-nexus/keystone.ts
2026-01-18 18:40:58,115 - Knowledge - INFO - Worker kw1 processing /app/data/T0015/307419/b5849in/keystone/examples/default-values/schema.ts
2026-01-18 18:40:58,232 - Knowledge - INFO - Worker kw13 processing /app/data/T0015/307419/b5849in/keystone/examples/limits/schema.ts
2026-01-18 18:40:58,312 - Knowledge - INFO - Worker kw4 processing /app/data/T0015/307419/b5849in/keystone/examples/better-list-search/schema.ts
2026-01-18 18:40:58,495 - Knowledge - INFO - Fast-tracked /app/data/T0015/307419/b5849in/keystone/examples/usecase-todo/sandbox.config.json (ext=.json, size=99)
2026-01-18 18:40:58,587 - Knowledge - INFO - Worker kw9 processing /app/data/T0015/307419/b5849in/keystone/examples/custom-session/package.json
2026-01-18 18:40:58,659 - Knowledge - INFO - Worker kw6 processing /app/data/T0015/307419/b5849in/keystone/examples/dynamic-is-required/keystone.ts
2026-01-18 18:40:58,744 - Knowledge - INFO - process ingested knowledge for /app/data/T0015/307419/b5849in/keystone/examples/graphql-ts-gql/schema.ts
2026-01-18 18:40:58,816 - Knowledge - INFO - Progress: 73.4% | Files: 960/1306 | Rate: 2.23 files/sec | Queue: 264
2026-01-18 18:40:58,842 - Knowledge - INFO - Processing batch of 6 files
2026-01-18 18:40:58,894 - Knowledge - INFO - Worker kw8 processing /app/data/T0015/307419/b5849in/keystone/examples/custom-field/4-conditional-field/index.tsx
2026-01-18 18:40:58,960 - Knowledge - INFO - [kw12] Queue=264, InProgress=0, PendingWorkers=20/20, Completed=964/1306 (73.8%)
2026-01-18 18:40:59,051 - Knowledge - INFO - process ingested knowledge for /app/data/T0015/307419/b5849in/keystone/examples/reuse/schema.ts
2026-01-18 18:40:59,169 - Knowledge - INFO - Worker kw18 processing /app/data/T0015/307419/b5849in/keystone/examples/structure-field/keystone.ts
2026-01-18 18:40:59,247 - Knowledge - INFO - Fast-tracked /app/data/T0015/307419/b5849in/keystone/examples/custom-field/3-pair-field/views.tsx (ext=.tsx, size=1000)
2026-01-18 18:40:59,324 - Knowledge - INFO - Fast-tracked /app/data/T0015/307419/b5849in/keystone/examples/custom-field/keystone.ts (ext=.ts, size=398)
2026-01-18 18:40:59,412 - Knowledge - INFO - Worker kw14 processing /app/data/T0015/307419/b5849in/keystone/examples/usecase-blog/keystone.ts
2026-01-18 18:40:59,516 - Knowledge - INFO - Fast-tracked /app/data/T0015/307419/b5849in/keystone/examples/extend-graphql-schema-nexus/package.json (ext=.json, size=500)
2026-01-18 18:40:59,532 - Knowledge - INFO - [kw5] Queue=264, InProgress=0, PendingWorkers=20/20, Completed=964/1306 (73.8%)
2026-01-18 18:40:59,692 - Knowledge - INFO - Fast-tracked /app/data/T0015/307419/b5849in/keystone/examples/extend-graphql-schema-nexus/keystone.ts (ext=.ts, size=515)
2026-01-18 18:40:59,770 - Knowledge - INFO - Worker kw1 processing /app/data/T0015/307419/b5849in/keystone/examples/default-values/README.md
2026-01-18 18:40:59,843 - Knowledge - INFO - Fast-tracked /app/data/T0015/307419/b5849in/keystone/examples/limits/schema.ts (ext=.ts, size=528)
2026-01-18 18:40:59,918 - Knowledge - INFO - Fast-tracked /app/data/T0015/307419/b5849in/keystone/examples/better-list-search/schema.ts (ext=.ts, size=1458)
2026-01-18 18:41:00,025 - Knowledge - INFO - Async storage completed for 6 embeddings
2026-01-18 18:41:00,107 - Knowledge - INFO - Fast-tracked /app/data/T0015/307419/b5849in/keystone/examples/custom-session/package.json (ext=.json, size=461)
2026-01-18 18:41:00,173 - Knowledge - INFO - [kw10] Queue=264, InProgress=0, PendingWorkers=20/20, Completed=964/1306 (73.8%)
2026-01-18 18:41:00,197 - Knowledge - INFO - Fast-tracked /app/data/T0015/307419/b5849in/keystone/examples/dynamic-is-required/keystone.ts (ext=.ts, size=398)
2026-01-18 18:41:00,267 - Knowledge - INFO - process ingested knowledge for /app/data/T0015/307419/b5849in/keystone/examples/graphql-ts-gql/README.md
2026-01-18 18:41:00,387 - Knowledge - INFO - [kw19] Queue=264, InProgress=0, PendingWorkers=20/20, Completed=964/1306 (73.8%)
2026-01-18 18:41:00,499 - Knowledge - INFO - process ingested knowledge for /app/data/T0015/307419/b5849in/keystone/examples/graphql-ts-gql/sandbox.config.json
2026-01-18 18:41:00,592 - Knowledge - INFO - Fast-tracked /app/data/T0015/307419/b5849in/keystone/examples/custom-field/4-conditional-field/index.tsx (ext=.tsx, size=1456)
2026-01-18 18:41:00,671 - Knowledge - INFO - Batch sizing: calculated=6, max_allowed=10, queue=264, active_workers=20/20
2026-01-18 18:41:00,843 - Knowledge - INFO - Fast-tracked /app/data/T0015/307419/b5849in/keystone/examples/structure-field/keystone.ts (ext=.ts, size=340)
2026-01-18 18:41:00,956 - Knowledge - INFO - Fast-tracked /app/data/T0015/307419/b5849in/keystone/examples/custom-field/schema.ts (small file (3007 bytes))
2026-01-18 18:41:01,066 - Knowledge - INFO - Worker kw20 processing /app/data/T0015/307419/b5849in/keystone/examples/extend-graphql-schema-graphql-ts/package.json
2026-01-18 18:41:01,145 - Knowledge - INFO - Fast-tracked /app/data/T0015/307419/b5849in/keystone/examples/usecase-blog/keystone.ts (ext=.ts, size=398)
2026-01-18 18:41:01,227 - Knowledge - INFO - Worker kw3 processing /app/data/T0015/307419/b5849in/keystone/examples/extend-graphql-schema-nexus/nexus-types.ts
2026-01-18 18:41:01,339 - Knowledge - INFO - Batch sizing: calculated=6, max_allowed=10, queue=264, active_workers=20/20
2026-01-18 18:41:01,464 - Knowledge - INFO - [kw16] Queue=264, InProgress=0, PendingWorkers=20/20, Completed=964/1306 (73.8%)
2026-01-18 18:41:01,469 - Knowledge - INFO - Worker kw11 processing /app/data/T0015/307419/b5849in/keystone/examples/auth/package.json
2026-01-18 18:41:01,551 - Knowledge - INFO - Fast-tracked /app/data/T0015/307419/b5849in/keystone/examples/default-values/README.md (ext=.md, size=1068)
2026-01-18 18:41:01,675 - Knowledge - INFO - Worker kw13 processing /app/data/T0015/307419/b5849in/keystone/examples/limits/seed-data.ts
2026-01-18 18:41:01,768 - Knowledge - INFO - Worker kw4 processing /app/data/T0015/307419/b5849in/keystone/examples/better-list-search/sandbox.config.json
2026-01-18 18:41:01,872 - Knowledge - INFO - Processing batch of 6 files
2026-01-18 18:41:02,036 - Knowledge - INFO - Batch sizing: calculated=6, max_allowed=10, queue=264, active_workers=20/20
2026-01-18 18:41:02,162 - Knowledge - INFO - Fast-tracked /app/data/T0015/307419/b5849in/keystone/examples/dynamic-is-required/schema.ts (small file (2089 bytes))
2026-01-18 18:41:02,357 - Knowledge - INFO - Batch sizing: calculated=6, max_allowed=10, queue=264, active_workers=20/20
2026-01-18 18:41:02,448 - Knowledge - INFO - process ingested knowledge for /app/data/T0015/307419/b5849in/keystone/examples/graphql-ts-gql/keystone.ts
2026-01-18 18:41:02,536 - Knowledge - INFO - Fast-tracked /app/data/T0015/307419/b5849in/keystone/examples/custom-field/3-pair-field-json/index.ts (small file (2774 bytes))
2026-01-18 18:41:02,694 - Knowledge - INFO - Worker kw18 processing /app/data/T0015/307419/b5849in/keystone/examples/usecase-blog/package.json
2026-01-18 18:41:02,700 - Knowledge - INFO - Async storing batch of 6 embeddings
2026-01-18 18:41:02,812 - Knowledge - INFO - Async storage completed for 6 embeddings
2026-01-18 18:41:02,876 - Knowledge - INFO - Fast-tracked /app/data/T0015/307419/b5849in/keystone/examples/extend-graphql-schema-graphql-ts/package.json (ext=.json, size=445)
2026-01-18 18:41:02,957 - Knowledge - INFO - Worker kw14 processing /app/data/T0015/307419/b5849in/keystone/examples/usecase-versioning/package.json
2026-01-18 18:41:03,026 - Knowledge - INFO - [kw7] Queue=258, InProgress=0, PendingWorkers=20/20, Completed=970/1306 (74.3%)
2026-01-18 18:41:03,149 - Knowledge - INFO - Async storing batch of 6 embeddings
2026-01-18 18:41:03,261 - Knowledge - INFO - Batch sizing: calculated=6, max_allowed=10, queue=264, active_workers=20/20
2026-01-18 18:41:03,381 - Knowledge - INFO - Fast-tracked /app/data/T0015/307419/b5849in/keystone/examples/auth/package.json (ext=.json, size=451)
2026-01-18 18:41:03,592 - Knowledge - INFO - Fast-tracked /app/data/T0015/307419/b5849in/keystone/examples/limits/seed-data.ts (ext=.ts, size=458)
2026-01-18 18:41:03,678 - Knowledge - INFO - Fast-tracked /app/data/T0015/307419/b5849in/keystone/examples/better-list-search/sandbox.config.json (ext=.json, size=99)
2026-01-18 18:41:03,784 - Knowledge - INFO - process ingested knowledge for /app/data/T0015/307419/b5849in/keystone/examples/extend-graphql-schema-graphql-tools/keystone.ts
2026-01-18 18:41:03,901 - Knowledge - INFO - Async storing batch of 6 embeddings
2026-01-18 18:41:03,982 - Knowledge - INFO - Async storage completed for 6 embeddings
2026-01-18 18:41:04,068 - Knowledge - INFO - Async storing batch of 6 embeddings
2026-01-18 18:41:04,160 - Knowledge - INFO - process ingested knowledge for /app/data/T0015/307419/b5849in/keystone/examples/extend-graphql-schema-graphql-tools/package.json
2026-01-18 18:41:04,281 - Knowledge - INFO - Async storage completed for 6 embeddings
2026-01-18 18:41:04,364 - Knowledge - INFO - Fast-tracked /app/data/T0015/307419/b5849in/keystone/examples/usecase-blog/package.json (ext=.json, size=528)
2026-01-18 18:41:04,449 - Knowledge - INFO - Worker kw12 processing /app/data/T0015/307419/b5849in/keystone/examples/usecase-versioning/seed-data.ts
2026-01-18 18:41:04,621 - Knowledge - INFO - Fast-tracked /app/data/T0015/307419/b5849in/keystone/examples/custom-field/3-pair-field-nested/index.ts (small file (2838 bytes))
2026-01-18 18:41:04,703 - Knowledge - INFO - Fast-tracked /app/data/T0015/307419/b5849in/keystone/examples/usecase-versioning/package.json (ext=.json, size=489)
2026-01-18 18:41:04,711 - Knowledge - INFO - Fast-tracked /app/data/T0015/307419/b5849in/keystone/examples/custom-field/3-pair-field/index.ts (small file (2617 bytes))
2026-01-18 18:41:04,778 - Knowledge - INFO - Batch sizing: calculated=6, max_allowed=10, queue=258, active_workers=20/20
2026-01-18 18:41:04,864 - Knowledge - INFO - Worker kw5 processing /app/data/T0015/307419/b5849in/keystone/examples/cloudinary/keystone.ts
2026-01-18 18:41:04,944 - Knowledge - INFO - Async storing batch of 6 embeddings
2026-01-18 18:41:05,028 - Knowledge - INFO - Fast-tracked /app/data/T0015/307419/b5849in/keystone/examples/extend-graphql-schema-nexus/schema.ts (small file (3059 bytes))
2026-01-18 18:41:05,116 - Knowledge - INFO - Worker kw13 processing /app/data/T0015/307419/b5849in/keystone/examples/limits/README.md
2026-01-18 18:41:05,193 - Knowledge - INFO - Worker kw4 processing /app/data/T0015/307419/b5849in/keystone/examples/better-list-search/keystone.ts
2026-01-18 18:41:05,276 - Knowledge - INFO - process ingested knowledge for /app/data/T0015/307419/b5849in/keystone/examples/usecase-todo/package.json
2026-01-18 18:41:05,361 - Knowledge - INFO - Worker kw10 processing /app/data/T0015/307419/b5849in/keystone/examples/custom-admin-ui-logo/sandbox.config.json
2026-01-18 18:41:05,488 - Knowledge - INFO - Processing batch of 6 files
2026-01-18 18:41:05,522 - Knowledge - INFO - Worker kw19 processing /app/data/T0015/307419/b5849in/keystone/examples/custom-output-paths/schema.ts
2026-01-18 18:41:05,603 - Knowledge - INFO - process ingested knowledge for /app/data/T0015/307419/b5849in/keystone/examples/extend-graphql-schema-graphql-tools/schema.ts
2026-01-18 18:41:05,757 - Knowledge - INFO - Fast-tracked /app/data/T0015/307419/b5849in/keystone/examples/auth/keystone.ts (small file (2500 bytes))
2026-01-18 18:41:05,779 - Knowledge - INFO - Processing batch of 6 files
2026-01-18 18:41:05,798 - Knowledge - INFO - Worker kw18 processing /app/data/T0015/307419/b5849in/keystone/examples/usecase-blog/schema.ts
2026-01-18 18:41:05,889 - Knowledge - INFO - Fast-tracked /app/data/T0015/307419/b5849in/keystone/examples/usecase-versioning/seed-data.ts (ext=.ts, size=596)
2026-01-18 18:41:06,013 - Knowledge - INFO - Async storage completed for 6 embeddings
2026-01-18 18:41:06,111 - Knowledge - INFO - Worker kw14 processing /app/data/T0015/307419/b5849in/keystone/examples/usecase-versioning/schema.ts
2026-01-18 18:41:06,202 - Knowledge - INFO - Async storage completed for 6 embeddings
2026-01-18 18:41:06,291 - Knowledge - INFO - Async storing batch of 6 embeddings
2026-01-18 18:41:06,375 - Knowledge - INFO - Fast-tracked /app/data/T0015/307419/b5849in/keystone/examples/cloudinary/keystone.ts (ext=.ts, size=363)
2026-01-18 18:41:06,435 - Knowledge - INFO - Async storage completed for 6 embeddings
2026-01-18 18:41:06,468 - Knowledge - INFO - Worker kw16 processing /app/data/T0015/307419/b5849in/keystone/examples/framework-nextjs-pages-directory/src/pages/_app.tsx
2026-01-18 18:41:06,615 - Knowledge - INFO - Fast-tracked /app/data/T0015/307419/b5849in/keystone/examples/limits/README.md (ext=.md, size=1333)
2026-01-18 18:41:06,681 - Knowledge - INFO - [LLM_CALL] Completed: schema.ts:chunk1, Duration: 3191ms, PromptTokens: 4996, CompletionTokens: 268, Cost: $0.00061
2026-01-18 18:41:06,699 - Knowledge - INFO - Fast-tracked /app/data/T0015/307419/b5849in/keystone/examples/better-list-search/keystone.ts (ext=.ts, size=398)
2026-01-18 18:41:06,792 - Knowledge - INFO - process ingested knowledge for /app/data/T0015/307419/b5849in/keystone/examples/usecase-todo/schema.ts
2026-01-18 18:41:06,884 - Knowledge - INFO - Fast-tracked /app/data/T0015/307419/b5849in/keystone/examples/custom-admin-ui-logo/sandbox.config.json (ext=.json, size=99)
2026-01-18 18:41:06,972 - Knowledge - INFO - process ingested knowledge for /app/data/T0015/307419/b5849in/keystone/examples/custom-session/schema.ts
2026-01-18 18:41:07,094 - Knowledge - INFO - Fast-tracked /app/data/T0015/307419/b5849in/keystone/examples/custom-output-paths/schema.ts (ext=.ts, size=1094)
2026-01-18 18:41:07,183 - Knowledge - INFO - process ingested knowledge for /app/data/T0015/307419/b5849in/keystone/examples/extend-graphql-schema-graphql-tools/README.md
2026-01-18 18:41:07,259 - Knowledge - INFO - Fast-tracked /app/data/T0015/307419/b5849in/keystone/examples/default-values/schema.ts (small file (2870 bytes))
2026-01-18 18:41:07,319 - Knowledge - INFO - Async storage completed for 6 embeddings
2026-01-18 18:41:07,346 - Knowledge - INFO - process ingested knowledge for /app/data/T0015/307419/b5849in/keystone/examples/custom-field/1-text-field/index.ts
2026-01-18 18:41:07,499 - Knowledge - INFO - Worker kw12 processing /app/data/T0015/307419/b5849in/keystone/examples/usecase-versioning/README.md
2026-01-18 18:41:07,691 - Knowledge - INFO - Fast-tracked /app/data/T0015/307419/b5849in/keystone/examples/usecase-versioning/schema.ts (ext=.ts, size=1121)
2026-01-18 18:41:07,865 - Knowledge - INFO - Worker kw7 processing /app/data/T0015/307419/b5849in/keystone/examples/framework-nextjs-pages-directory/package.json
2026-01-18 18:41:07,945 - Knowledge - INFO - Worker kw5 processing /app/data/T0015/307419/b5849in/keystone/examples/custom-admin-ui-logo/package.json
2026-01-18 18:41:08,131 - Knowledge - INFO - Fast-tracked /app/data/T0015/307419/b5849in/keystone/examples/framework-nextjs-pages-directory/src/pages/_app.tsx (ext=.tsx, size=188)
2026-01-18 18:41:08,246 - Knowledge - INFO - Async storage completed for 6 embeddings
2026-01-18 18:41:08,381 - Knowledge - INFO - done ingest for /app/data/T0015/307419/b5849in/keystone/examples/usecase-blog-moderated/schema.ts
2026-01-18 18:41:08,466 - Knowledge - INFO - Async storage completed for 6 embeddings
2026-01-18 18:41:08,492 - Knowledge - INFO - Processing batch of 6 files
2026-01-18 18:41:08,590 - Knowledge - INFO - process ingested knowledge for /app/data/T0015/307419/b5849in/keystone/examples/usecase-todo/seed-data.ts
2026-01-18 18:41:08,686 - Knowledge - INFO - Worker kw10 processing /app/data/T0015/307419/b5849in/keystone/examples/custom-admin-ui-logo/keystone.ts
2026-01-18 18:41:08,840 - Knowledge - INFO - process ingested knowledge for /app/data/T0015/307419/b5849in/keystone/examples/custom-session/sandbox.config.json
2026-01-18 18:41:08,976 - Knowledge - INFO - Worker kw19 processing /app/data/T0015/307419/b5849in/keystone/examples/custom-output-paths/my-types.ts
2026-01-18 18:41:09,163 - Knowledge - INFO - process ingested knowledge for /app/data/T0015/307419/b5849in/keystone/examples/extend-graphql-schema-graphql-tools/sandbox.config.json
2026-01-18 18:41:09,332 - Knowledge - INFO - Async storage completed for 6 embeddings
2026-01-18 18:41:09,523 - Knowledge - INFO - process ingested knowledge for /app/data/T0015/307419/b5849in/keystone/examples/custom-field/1-text-field/views.tsx
2026-01-18 18:41:09,635 - Knowledge - INFO - Async storage completed for 8 embeddings
2026-01-18 18:41:09,661 - Knowledge - INFO - [LLM_CALL] Completed: index.ts:chunk1, Duration: 6880ms, PromptTokens: 2632, CompletionTokens: 235, Cost: $0.00036
2026-01-18 18:41:09,715 - Knowledge - INFO - Fast-tracked /app/data/T0015/307419/b5849in/keystone/examples/usecase-versioning/README.md (ext=.md, size=1420)
2026-01-18 18:41:09,815 - Knowledge - INFO - Async storage completed for 8 embeddings
2026-01-18 18:41:09,922 - Knowledge - INFO - Fast-tracked /app/data/T0015/307419/b5849in/keystone/examples/framework-nextjs-pages-directory/package.json (ext=.json, size=997)
2026-01-18 18:41:10,017 - Knowledge - INFO - Fast-tracked /app/data/T0015/307419/b5849in/keystone/examples/custom-admin-ui-logo/package.json (ext=.json, size=538)
2026-01-18 18:41:10,117 - Knowledge - INFO - Worker kw16 processing /app/data/T0015/307419/b5849in/keystone/examples/framework-nextjs-pages-directory/src/styles/globals.css
2026-01-18 18:41:10,801 - Knowledge - INFO - process ingested knowledge for /app/data/T0015/307419/b5849in/keystone/examples/custom-field/README.md
2026-01-18 18:41:10,962 - Knowledge - INFO - process ingested knowledge for /app/data/T0015/307419/b5849in/keystone/examples/usecase-todo/README.md
2026-01-18 18:41:11,035 - Knowledge - INFO - Fast-tracked /app/data/T0015/307419/b5849in/keystone/examples/custom-admin-ui-logo/keystone.ts (ext=.ts, size=340)
2026-01-18 18:41:11,130 - Knowledge - INFO - process ingested knowledge for /app/data/T0015/307419/b5849in/keystone/examples/custom-session/keystone.ts
2026-01-18 18:41:11,237 - Knowledge - INFO - Worker kw19 processing /app/data/T0015/307419/b5849in/keystone/examples/custom-output-paths/sandbox.config.json
2026-01-18 18:41:11,534 - Knowledge - INFO - process ingested knowledge for /app/data/T0015/307419/b5849in/keystone/examples/custom-field/3-pair-field-json/index.ts
2026-01-18 18:41:11,691 - Knowledge - INFO - done ingest for /app/data/T0015/307419/b5849in/keystone/examples/custom-field/2-stars-field/index.ts
2026-01-18 18:41:11,705 - Knowledge - INFO - [LLM_CALL] Completed: nexus-types.ts:chunk1, Duration: 6606ms, PromptTokens: 15444, CompletionTokens: 331, Cost: $0.00168
2026-01-18 18:41:11,792 - Knowledge - INFO - Worker kw12 processing /app/data/T0015/307419/b5849in/keystone/examples/usecase-versioning/sandbox.config.json
2026-01-18 18:41:11,956 - Knowledge - INFO - Worker kw7 processing /app/data/T0015/307419/b5849in/keystone/examples/framework-nextjs-pages-directory/next.config.js
2026-01-18 18:41:12,049 - Knowledge - INFO - Worker kw5 processing /app/data/T0015/307419/b5849in/keystone/examples/custom-admin-ui-logo/schema.ts
2026-01-18 18:41:12,191 - Knowledge - INFO - Fast-tracked /app/data/T0015/307419/b5849in/keystone/examples/framework-nextjs-pages-directory/src/styles/globals.css (ext=.css, size=562)
2026-01-18 18:41:12,523 - Knowledge - INFO - Worker kw10 processing /app/data/T0015/307419/b5849in/keystone/examples/assets-s3/package.json
2026-01-18 18:41:12,553 - Knowledge - INFO - process ingested knowledge for /app/data/T0015/307419/b5849in/keystone/examples/custom-field/3-pair-field-nested/index.ts
2026-01-18 18:41:12,556 - Knowledge - INFO - process ingested knowledge for /app/data/T0015/307419/b5849in/keystone/examples/usecase-todo/sandbox.config.json
2026-01-18 18:41:12,625 - Knowledge - INFO - process ingested knowledge for /app/data/T0015/307419/b5849in/keystone/examples/dynamic-is-required/package.json
2026-01-18 18:41:12,765 - Knowledge - INFO - Fast-tracked /app/data/T0015/307419/b5849in/keystone/examples/custom-output-paths/sandbox.config.json (ext=.json, size=99)
2026-01-18 18:41:12,856 - Knowledge - INFO - process ingested knowledge for /app/data/T0015/307419/b5849in/keystone/examples/custom-field/3-pair-field-json/views.tsx
2026-01-18 18:41:13,027 - Knowledge - INFO - done ingest for /app/data/T0015/307419/b5849in/keystone/examples/extend-graphql-schema-nexus/nexus-types.ts
2026-01-18 18:41:13,040 - Knowledge - INFO - [LLM_CALL] Completed: keystone-types.ts:chunk1, Duration: 6495ms, PromptTokens: 5628, CompletionTokens: 392, Cost: $0.00072
2026-01-18 18:41:13,112 - Knowledge - INFO - Fast-tracked /app/data/T0015/307419/b5849in/keystone/examples/usecase-versioning/sandbox.config.json (ext=.json, size=99)
2026-01-18 18:41:13,212 - Knowledge - INFO - Fast-tracked /app/data/T0015/307419/b5849in/keystone/examples/framework-nextjs-pages-directory/next.config.js (ext=.js, size=173)
2026-01-18 18:41:13,299 - Knowledge - INFO - Fast-tracked /app/data/T0015/307419/b5849in/keystone/examples/custom-admin-ui-logo/schema.ts (ext=.ts, size=970)
2026-01-18 18:41:13,422 - Knowledge - INFO - Worker kw16 processing /app/data/T0015/307419/b5849in/keystone/examples/framework-nextjs-pages-directory/src/keystone/context.ts
2026-01-18 18:41:13,560 - Knowledge - INFO - Fast-tracked /app/data/T0015/307419/b5849in/keystone/examples/assets-s3/package.json (ext=.json, size=624)
2026-01-18 18:41:13,636 - Knowledge - INFO - process ingested knowledge for /app/data/T0015/307419/b5849in/keystone/examples/custom-field/3-pair-field-nested/views.tsx
2026-01-18 18:41:13,858 - Knowledge - INFO - process ingested knowledge for /app/data/T0015/307419/b5849in/keystone/examples/dynamic-is-required/schema.ts
2026-01-18 18:41:13,897 - Knowledge - INFO - Worker kw19 processing /app/data/T0015/307419/b5849in/keystone/examples/custom-output-paths/keystone.ts
2026-01-18 18:41:13,976 - Knowledge - INFO - process ingested knowledge for /app/data/T0015/307419/b5849in/keystone/examples/custom-field/package.json
2026-01-18 18:41:14,140 - Knowledge - INFO - done ingest for /app/data/T0015/307419/b5849in/keystone/examples/extend-graphql-schema-nexus/keystone-types.ts
2026-01-18 18:41:14,196 - Knowledge - INFO - [LLM_CALL] Completed: schema.ts:chunk1, Duration: 5815ms, PromptTokens: 2642, CompletionTokens: 270, Cost: $0.00037
2026-01-18 18:41:14,253 - Knowledge - INFO - Worker kw12 processing /app/data/T0015/307419/b5849in/keystone/examples/usecase-versioning/keystone.ts
2026-01-18 18:41:14,333 - Knowledge - INFO - Worker kw7 processing /app/data/T0015/307419/b5849in/keystone/examples/framework-nextjs-pages-directory/tsconfig.json
2026-01-18 18:41:14,417 - Knowledge - INFO - Worker kw5 processing /app/data/T0015/307419/b5849in/keystone/examples/custom-admin-ui-logo/admin/components/CustomLogo.tsx
2026-01-18 18:41:14,508 - Knowledge - INFO - Fast-tracked /app/data/T0015/307419/b5849in/keystone/examples/framework-nextjs-pages-directory/src/keystone/context.ts (ext=.ts, size=467)
2026-01-18 18:41:14,585 - Knowledge - INFO - Worker kw10 processing /app/data/T0015/307419/b5849in/keystone/examples/assets-s3/schema.ts
2026-01-18 18:41:14,700 - Knowledge - INFO - process ingested knowledge for /app/data/T0015/307419/b5849in/keystone/examples/custom-field/sandbox.config.json
2026-01-18 18:41:14,810 - Knowledge - INFO - process ingested knowledge for /app/data/T0015/307419/b5849in/keystone/examples/dynamic-is-required/keystone.ts
2026-01-18 18:41:14,910 - Knowledge - INFO - Fast-tracked /app/data/T0015/307419/b5849in/keystone/examples/custom-output-paths/keystone.ts (ext=.ts, size=716)
2026-01-18 18:41:14,983 - Knowledge - INFO - process ingested knowledge for /app/data/T0015/307419/b5849in/keystone/examples/custom-field/4-conditional-field/index.tsx
2026-01-18 18:41:15,184 - Knowledge - INFO - done ingest for /app/data/T0015/307419/b5849in/keystone/examples/usecase-blog/schema.ts
2026-01-18 18:41:15,185 - Knowledge - INFO - done ingest for /app/data/T0015/307419/b5849in/keystone/examples/auth/schema.ts
2026-01-18 18:41:15,185 - Knowledge - INFO - done ingest for /app/data/T0015/307419/b5849in/keystone/examples/extend-graphql-schema-graphql-ts/schema.ts
2026-01-18 18:41:15,188 - Knowledge - INFO - [kw2] Queue=228, InProgress=0, PendingWorkers=20/20, Completed=1011/1306 (77.4%)
2026-01-18 18:41:15,188 - Knowledge - INFO - [WEBSOCKET] Sent: Type=progress_update, Size: 294, Duration: 2ms
2026-01-18 18:41:15,275 - Knowledge - INFO - Fast-tracked /app/data/T0015/307419/b5849in/keystone/examples/usecase-versioning/keystone.ts (ext=.ts, size=398)
2026-01-18 18:41:15,362 - Knowledge - INFO - Fast-tracked /app/data/T0015/307419/b5849in/keystone/examples/framework-nextjs-pages-directory/tsconfig.json (ext=.json, size=513)
2026-01-18 18:41:15,463 - Knowledge - INFO - Fast-tracked /app/data/T0015/307419/b5849in/keystone/examples/custom-admin-ui-logo/admin/components/CustomLogo.tsx (ext=.tsx, size=617)
2026-01-18 18:41:15,526 - Knowledge - INFO - Worker kw16 processing /app/data/T0015/307419/b5849in/keystone/examples/framework-nextjs-pages-directory/src/keystone/seed.ts
2026-01-18 18:41:15,648 - Knowledge - INFO - Worker kw10 processing /app/data/T0015/307419/b5849in/keystone/examples/assets-s3/keystone.ts
2026-01-18 18:41:15,727 - Knowledge - INFO - process ingested knowledge for /app/data/T0015/307419/b5849in/keystone/examples/custom-field/keystone.ts
2026-01-18 18:41:15,917 - Knowledge - INFO - Worker kw19 processing /app/data/T0015/307419/b5849in/keystone/examples/framework-nextjs-pages-directory/src/pages/api/graphql.ts
2026-01-18 18:41:16,384 - Knowledge - INFO - Batch sizing: calculated=6, max_allowed=10, queue=228, active_workers=20/20
2026-01-18 18:41:16,508 - Knowledge - INFO - Processing batch of 6 files
2026-01-18 18:41:16,509 - Knowledge - INFO - [WEBSOCKET] Sent: Type=unknown, Size: ?, Duration: 1322ms
2026-01-18 18:41:16,589 - Knowledge - INFO - Worker kw12 processing /app/data/T0015/307419/b5849in/keystone/examples/cloudinary/package.json
2026-01-18 18:41:16,687 - Knowledge - INFO - Worker kw7 processing /app/data/T0015/307419/b5849in/keystone/examples/framework-nextjs-pages-directory/README.md
2026-01-18 18:41:16,767 - Knowledge - INFO - Worker kw5 processing /app/data/T0015/307419/b5849in/keystone/examples/custom-admin-ui-logo/admin/config.tsx
2026-01-18 18:41:16,849 - Knowledge - INFO - Fast-tracked /app/data/T0015/307419/b5849in/keystone/examples/framework-nextjs-pages-directory/src/keystone/seed.ts (ext=.ts, size=353)
2026-01-18 18:41:16,961 - Knowledge - INFO - Fast-tracked /app/data/T0015/307419/b5849in/keystone/examples/assets-s3/keystone.ts (ext=.ts, size=438)
2026-01-18 18:41:17,039 - Knowledge - INFO - process ingested knowledge for /app/data/T0015/307419/b5849in/keystone/examples/extend-graphql-schema-graphql-ts/package.json
2026-01-18 18:41:17,129 - Knowledge - INFO - Fast-tracked /app/data/T0015/307419/b5849in/keystone/examples/framework-nextjs-pages-directory/src/pages/api/graphql.ts (ext=.ts, size=1063)
2026-01-18 18:41:17,340 - Knowledge - INFO - process ingested knowledge for /app/data/T0015/307419/b5849in/keystone/examples/limits/sandbox.config.json
2026-01-18 18:41:17,464 - Knowledge - INFO - Progress: 77.0% | Files: 1021/1306 | Rate: 2.26 files/sec | Queue: 222
2026-01-18 18:41:17,467 - Knowledge - INFO - Processing batch of 6 files
2026-01-18 18:41:17,468 - Knowledge - INFO - Processing batch of 6 files
2026-01-18 18:41:17,469 - Knowledge - INFO - Async storing batch of 6 embeddings
2026-01-18 18:41:17,469 - Knowledge - INFO - [kw6] Queue=222, InProgress=0, PendingWorkers=20/20, Completed=1026/1306 (78.6%)
2026-01-18 18:41:17,470 - Knowledge - INFO - [kw8] Queue=222, InProgress=0, PendingWorkers=20/20, Completed=1026/1306 (78.6%)
2026-01-18 18:41:17,490 - Knowledge - INFO - Processing batch of 6 files
2026-01-18 18:41:17,499 - Knowledge - INFO - Processing batch of 6 files
2026-01-18 18:41:17,499 - Knowledge - INFO - Processing batch of 6 files
2026-01-18 18:41:17,500 - Knowledge - INFO - Processing batch of 6 files
2026-01-18 18:41:17,503 - Knowledge - INFO - Processing batch of 6 files
2026-01-18 18:41:17,505 - Knowledge - INFO - Processing batch of 6 files
2026-01-18 18:41:17,570 - Knowledge - INFO - Fast-tracked /app/data/T0015/307419/b5849in/keystone/examples/cloudinary/package.json (ext=.json, size=552)
2026-01-18 18:41:17,693 - Knowledge - INFO - Fast-tracked /app/data/T0015/307419/b5849in/keystone/examples/framework-nextjs-pages-directory/README.md (ext=.md, size=2900)
2026-01-18 18:41:17,778 - Knowledge - INFO - Fast-tracked /app/data/T0015/307419/b5849in/keystone/examples/custom-admin-ui-logo/admin/config.tsx (ext=.tsx, size=264)
2026-01-18 18:41:17,850 - Knowledge - INFO - Worker kw16 processing /app/data/T0015/307419/b5849in/keystone/examples/framework-nextjs-pages-directory/src/keystone/schema.ts
2026-01-18 18:41:17,936 - Knowledge - INFO - Worker kw10 processing /app/data/T0015/307419/b5849in/keystone/examples/custom-output-paths/package.json
2026-01-18 18:41:18,104 - Knowledge - INFO - Worker kw19 processing /app/data/T0015/307419/b5849in/keystone/examples/framework-nextjs-pages-directory/src/pages/index.tsx
2026-01-18 18:41:18,197 - Knowledge - INFO - process ingested knowledge for /app/data/T0015/307419/b5849in/keystone/examples/limits/keystone.ts
2026-01-18 18:41:18,295 - Knowledge - INFO - [kw15] Queue=222, InProgress=0, PendingWorkers=20/20, Completed=1042/1306 (79.8%)
2026-01-18 18:41:18,414 - Knowledge - INFO - process ingested knowledge for /app/data/T0015/307419/b5849in/keystone/examples/default-values/sandbox.config.json
2026-01-18 18:41:18,506 - Knowledge - INFO - process ingested knowledge for /app/data/T0015/307419/b5849in/keystone/examples/usecase-todo/keystone.ts
2026-01-18 18:41:18,592 - Knowledge - INFO - Worker kw2 processing /app/data/T0015/307419/b5849in/keystone/examples/testing/schema.ts
2026-01-18 18:41:18,606 - Knowledge - INFO - [WEBSOCKET] Sent: Type=progress_update, Size: 295, Duration: 0ms
2026-01-18 18:41:18,675 - Knowledge - INFO - Batch sizing: calculated=6, max_allowed=10, queue=222, active_workers=20/20
2026-01-18 18:41:18,759 - Knowledge - INFO - Batch sizing: calculated=6, max_allowed=10, queue=222, active_workers=20/20
2026-01-18 18:41:18,887 - Knowledge - INFO - process ingested knowledge for /app/data/T0015/307419/b5849in/keystone/examples/usecase-blog/seed-data.ts
2026-01-18 18:41:18,992 - Knowledge - INFO - process ingested knowledge for /app/data/T0015/307419/b5849in/keystone/examples/extend-graphql-schema-nexus/schema.ts
2026-01-18 18:41:19,067 - Knowledge - INFO - process ingested knowledge for /app/data/T0015/307419/b5849in/keystone/examples/extend-graphql-schema-graphql-ts/schema.ts
2026-01-18 18:41:19,144 - Knowledge - INFO - process ingested knowledge for /app/data/T0015/307419/b5849in/keystone/examples/auth/schema.ts
2026-01-18 18:41:19,224 - Knowledge - INFO - process ingested knowledge for /app/data/T0015/307419/b5849in/keystone/examples/custom-field/4-conditional-field/views.tsx
2026-01-18 18:41:19,326 - Knowledge - INFO - process ingested knowledge for /app/data/T0015/307419/b5849in/keystone/examples/structure-field/package.json
2026-01-18 18:41:19,412 - Knowledge - INFO - Worker kw12 processing /app/data/T0015/307419/b5849in/keystone/examples/cloudinary/schema.ts
2026-01-18 18:41:19,490 - Knowledge - INFO - Worker kw7 processing /app/data/T0015/307419/b5849in/keystone/examples/framework-nextjs-pages-directory/keystone.ts
2026-01-18 18:41:19,577 - Knowledge - INFO - Worker kw5 processing /app/data/T0015/307419/b5849in/keystone/examples/custom-admin-ui-logo/README.md
2026-01-18 18:41:19,666 - Knowledge - INFO - Fast-tracked /app/data/T0015/307419/b5849in/keystone/examples/framework-nextjs-pages-directory/src/keystone/schema.ts (ext=.ts, size=732)
2026-01-18 18:41:19,764 - Knowledge - INFO - Fast-tracked /app/data/T0015/307419/b5849in/keystone/examples/custom-output-paths/package.json (ext=.json, size=507)
2026-01-18 18:41:19,925 - Knowledge - INFO - process ingested knowledge for /app/data/T0015/307419/b5849in/keystone/examples/better-list-search/package.json
2026-01-18 18:41:20,005 - Knowledge - INFO - Batch sizing: calculated=6, max_allowed=10, queue=222, active_workers=20/20
2026-01-18 18:41:20,086 - Knowledge - INFO - process ingested knowledge for /app/data/T0015/307419/b5849in/keystone/examples/default-values/keystone.ts
2026-01-18 18:41:20,171 - Knowledge - INFO - process ingested knowledge for /app/data/T0015/307419/b5849in/keystone/examples/usecase-blog-moderated/package.json
2026-01-18 18:41:20,258 - Knowledge - INFO - Fast-tracked /app/data/T0015/307419/b5849in/keystone/examples/testing/schema.ts (ext=.ts, size=1561)
2026-01-18 18:41:20,325 - Knowledge - INFO - [WEBSOCKET] Sent: Type=unknown, Size: ?, Duration: 1718ms
2026-01-18 18:41:20,648 - Knowledge - INFO - process ingested knowledge for /app/data/T0015/307419/b5849in/keystone/examples/usecase-blog/README.md
2026-01-18 18:41:20,757 - Knowledge - INFO - process ingested knowledge for /app/data/T0015/307419/b5849in/keystone/examples/extend-graphql-schema-nexus/keystone-types.ts
2026-01-18 18:41:20,850 - Knowledge - INFO - process ingested knowledge for /app/data/T0015/307419/b5849in/keystone/examples/extend-graphql-schema-graphql-ts/README.md
2026-01-18 18:41:20,931 - Knowledge - INFO - process ingested knowledge for /app/data/T0015/307419/b5849in/keystone/examples/auth/sandbox.config.json
2026-01-18 18:41:21,009 - Knowledge - INFO - process ingested knowledge for /app/data/T0015/307419/b5849in/keystone/examples/custom-field/schema.ts
2026-01-18 18:41:21,125 - Knowledge - INFO - process ingested knowledge for /app/data/T0015/307419/b5849in/keystone/examples/structure-field/schema.ts
2026-01-18 18:41:21,207 - Knowledge - INFO - Fast-tracked /app/data/T0015/307419/b5849in/keystone/examples/cloudinary/schema.ts (ext=.ts, size=712)
2026-01-18 18:41:21,315 - Knowledge - INFO - Fast-tracked /app/data/T0015/307419/b5849in/keystone/examples/framework-nextjs-pages-directory/keystone.ts (ext=.ts, size=601)
2026-01-18 18:41:21,417 - Knowledge - INFO - Fast-tracked /app/data/T0015/307419/b5849in/keystone/examples/custom-admin-ui-logo/README.md (ext=.md, size=2026)
2026-01-18 18:41:21,488 - Knowledge - INFO - Worker kw16 processing /app/data/T0015/307419/b5849in/keystone/examples/framework-nextjs-pages-directory/src/util/request.ts
2026-01-18 18:41:21,589 - Knowledge - INFO - Fast-tracked /app/data/T0015/307419/b5849in/keystone/examples/assets-s3/schema.ts (small file (2299 bytes))
2026-01-18 18:41:21,673 - Knowledge - INFO - process ingested knowledge for /app/data/T0015/307419/b5849in/keystone/examples/better-list-search/schema.ts
2026-01-18 18:41:21,851 - Knowledge - INFO - process ingested knowledge for /app/data/T0015/307419/b5849in/keystone/examples/limits/package.json
2026-01-18 18:41:21,933 - Knowledge - INFO - process ingested knowledge for /app/data/T0015/307419/b5849in/keystone/examples/usecase-blog-moderated/schema.ts
2026-01-18 18:41:22,012 - Knowledge - INFO - Worker kw2 processing /app/data/T0015/307419/b5849in/keystone/examples/testing/example-test.ts
2026-01-18 18:41:22,090 - Knowledge - INFO - Progress: 79.8% | Files: 1042/1306 | Rate: 2.29 files/sec | Queue: 204
2026-01-18 18:41:22,091 - Knowledge - INFO - Async storing batch of 6 embeddings
2026-01-18 18:41:22,091 - Knowledge - INFO - Async storing batch of 6 embeddings
2026-01-18 18:41:22,091 - Knowledge - INFO - Async storing batch of 6 embeddings
2026-01-18 18:41:22,201 - Knowledge - INFO - process ingested knowledge for /app/data/T0015/307419/b5849in/keystone/examples/usecase-blog/sandbox.config.json
2026-01-18 18:41:22,313 - Knowledge - INFO - process ingested knowledge for /app/data/T0015/307419/b5849in/keystone/examples/extend-graphql-schema-nexus/README.md
2026-01-18 18:41:22,403 - Knowledge - INFO - process ingested knowledge for /app/data/T0015/307419/b5849in/keystone/examples/extend-graphql-schema-graphql-ts/sandbox.config.json
2026-01-18 18:41:22,490 - Knowledge - INFO - process ingested knowledge for /app/data/T0015/307419/b5849in/keystone/examples/auth/keystone.ts
2026-01-18 18:41:22,570 - Knowledge - INFO - process ingested knowledge for /app/data/T0015/307419/b5849in/keystone/examples/custom-field/2-stars-field/index.ts
2026-01-18 18:41:22,685 - Knowledge - INFO - process ingested knowledge for /app/data/T0015/307419/b5849in/keystone/examples/structure-field/featured-posts.ts
2026-01-18 18:41:22,763 - Knowledge - INFO - Async storage completed for 6 embeddings
2026-01-18 18:41:22,854 - Knowledge - INFO - Worker kw7 processing /app/data/T0015/307419/b5849in/keystone/examples/testing/package.json
2026-01-18 18:41:22,990 - Knowledge - INFO - Async storage completed for 6 embeddings
2026-01-18 18:41:23,067 - Knowledge - INFO - Fast-tracked /app/data/T0015/307419/b5849in/keystone/examples/framework-nextjs-pages-directory/src/util/request.ts (ext=.ts, size=106)
2026-01-18 18:41:23,153 - Knowledge - INFO - Async storage completed for 6 embeddings
2026-01-18 18:41:23,251 - Knowledge - INFO - process ingested knowledge for /app/data/T0015/307419/b5849in/keystone/examples/better-list-search/sandbox.config.json
2026-01-18 18:41:23,325 - Knowledge - INFO - process ingested knowledge for /app/data/T0015/307419/b5849in/keystone/examples/limits/schema.ts
2026-01-18 18:41:23,405 - Knowledge - INFO - process ingested knowledge for /app/data/T0015/307419/b5849in/keystone/examples/usecase-blog-moderated/sandbox.config.json
2026-01-18 18:41:23,487 - Knowledge - INFO - Fast-tracked /app/data/T0015/307419/b5849in/keystone/examples/testing/example-test.ts (ext=.ts, size=3046)
2026-01-18 18:41:23,571 - Knowledge - INFO - [kw20] Queue=204, InProgress=0, PendingWorkers=20/20, Completed=1042/1306 (79.8%)
2026-01-18 18:41:23,644 - Knowledge - INFO - Worker kw8 processing /app/data/T0015/307419/b5849in/keystone/examples/custom-session-jwt/sandbox.config.json
2026-01-18 18:41:23,732 - Knowledge - INFO - Worker kw15 processing /app/data/T0015/307419/b5849in/keystone/examples/graphql-codegen/package.json
2026-01-18 18:41:23,838 - Knowledge - INFO - Worker kw6 processing /app/data/T0015/307419/b5849in/keystone/examples/usecase-relationship-union/schema.ts
2026-01-18 18:41:23,852 - Knowledge - INFO - Async storage completed for 6 embeddings
2026-01-18 18:41:23,926 - Knowledge - INFO - process ingested knowledge for /app/data/T0015/307419/b5849in/keystone/examples/usecase-blog/keystone.ts
2026-01-18 18:41:24,000 - Knowledge - INFO - process ingested knowledge for /app/data/T0015/307419/b5849in/keystone/examples/extend-graphql-schema-nexus/sandbox.config.json
2026-01-18 18:41:24,100 - Knowledge - INFO - process ingested knowledge for /app/data/T0015/307419/b5849in/keystone/examples/extend-graphql-schema-graphql-ts/keystone.ts
2026-01-18 18:41:24,202 - Knowledge - INFO - process ingested knowledge for /app/data/T0015/307419/b5849in/keystone/examples/default-values/package.json
2026-01-18 18:41:24,299 - Knowledge - INFO - process ingested knowledge for /app/data/T0015/307419/b5849in/keystone/examples/custom-field/2-stars-field/views.tsx
2026-01-18 18:41:24,376 - Knowledge - INFO - process ingested knowledge for /app/data/T0015/307419/b5849in/keystone/examples/structure-field/keystone.ts
2026-01-18 18:41:24,492 - Knowledge - INFO - Processing batch of 6 files
2026-01-18 18:41:24,543 - Knowledge - INFO - Fast-tracked /app/data/T0015/307419/b5849in/keystone/examples/testing/package.json (ext=.json, size=563)
2026-01-18 18:41:24,659 - Knowledge - INFO - Processing batch of 6 files
2026-01-18 18:41:24,719 - Knowledge - INFO - Async storage completed for 6 embeddings
2026-01-18 18:41:24,815 - Knowledge - INFO - Processing batch of 6 files
2026-01-18 18:41:24,892 - Knowledge - INFO - process ingested knowledge for /app/data/T0015/307419/b5849in/keystone/examples/better-list-search/keystone.ts
2026-01-18 18:41:25,001 - Knowledge - INFO - process ingested knowledge for /app/data/T0015/307419/b5849in/keystone/examples/limits/seed-data.ts
2026-01-18 18:41:25,124 - Knowledge - INFO - process ingested knowledge for /app/data/T0015/307419/b5849in/keystone/examples/usecase-blog-moderated/keystone.ts
2026-01-18 18:41:25,201 - Knowledge - INFO - Worker kw2 processing /app/data/T0015/307419/b5849in/keystone/examples/testing/README.md
2026-01-18 18:41:25,281 - Knowledge - INFO - Batch sizing: calculated=6, max_allowed=10, queue=204, active_workers=20/20
2026-01-18 18:41:25,367 - Knowledge - INFO - Fast-tracked /app/data/T0015/307419/b5849in/keystone/examples/custom-session-jwt/sandbox.config.json (ext=.json, size=99)
2026-01-18 18:41:25,468 - Knowledge - INFO - Fast-tracked /app/data/T0015/307419/b5849in/keystone/examples/graphql-codegen/package.json (ext=.json, size=700)
2026-01-18 18:41:25,551 - Knowledge - INFO - Worker kw6 processing /app/data/T0015/307419/b5849in/keystone/examples/usecase-relationship-union/README.md
2026-01-18 18:41:25,737 - Knowledge - INFO - process ingested knowledge for /app/data/T0015/307419/b5849in/keystone/examples/usecase-versioning/package.json
2026-01-18 18:41:25,812 - Knowledge - INFO - process ingested knowledge for /app/data/T0015/307419/b5849in/keystone/examples/extend-graphql-schema-nexus/keystone.ts
2026-01-18 18:41:25,920 - Knowledge - INFO - process ingested knowledge for /app/data/T0015/307419/b5849in/keystone/examples/extend-graphql-schema-nexus/package.json
2026-01-18 18:41:26,016 - Knowledge - INFO - process ingested knowledge for /app/data/T0015/307419/b5849in/keystone/examples/default-values/schema.ts
2026-01-18 18:41:26,175 - Knowledge - INFO - process ingested knowledge for /app/data/T0015/307419/b5849in/keystone/examples/custom-field/3-pair-field/index.ts
2026-01-18 18:41:26,258 - Knowledge - INFO - process ingested knowledge for /app/data/T0015/307419/b5849in/keystone/examples/usecase-blog/package.json
2026-01-18 18:41:26,355 - Knowledge - INFO - process ingested knowledge for /app/data/T0015/307419/b5849in/keystone/examples/usecase-versioning/seed-data.ts
2026-01-18 18:41:26,448 - Knowledge - INFO - Async storage completed for 6 embeddings
2026-01-18 18:41:26,520 - Knowledge - INFO - process ingested knowledge for /app/data/T0015/307419/b5849in/keystone/examples/cloudinary/keystone.ts
2026-01-18 18:41:26,682 - Knowledge - INFO - Processing batch of 6 files
2026-01-18 18:41:26,735 - Knowledge - INFO - process ingested knowledge for /app/data/T0015/307419/b5849in/keystone/examples/custom-admin-ui-logo/sandbox.config.json
2026-01-18 18:41:27,030 - Knowledge - INFO - process ingested knowledge for /app/data/T0015/307419/b5849in/keystone/examples/limits/README.md
2026-01-18 18:41:27,076 - Knowledge - INFO - process ingested knowledge for /app/data/T0015/307419/b5849in/keystone/examples/custom-session/package.json
2026-01-18 18:41:27,157 - Knowledge - INFO - Fast-tracked /app/data/T0015/307419/b5849in/keystone/examples/testing/README.md (ext=.md, size=2480)
2026-01-18 18:41:27,272 - Knowledge - INFO - Async storing batch of 6 embeddings
2026-01-18 18:41:27,348 - Knowledge - INFO - [LLM_CALL] Completed: index.tsx:chunk1, Duration: 4410ms, PromptTokens: 2814, CompletionTokens: 277, Cost: $0.00039
2026-01-18 18:41:27,350 - Knowledge - INFO - Worker kw8 processing /app/data/T0015/307419/b5849in/keystone/examples/custom-session-jwt/keystone.ts
2026-01-18 18:41:27,431 - Knowledge - INFO - Worker kw15 processing /app/data/T0015/307419/b5849in/keystone/examples/graphql-codegen/gql/fragment-masking.ts
2026-01-18 18:41:27,532 - Knowledge - INFO - Fast-tracked /app/data/T0015/307419/b5849in/keystone/examples/usecase-relationship-union/README.md (ext=.md, size=1206)
2026-01-18 18:41:27,684 - Knowledge - INFO - process ingested knowledge for /app/data/T0015/307419/b5849in/keystone/examples/usecase-versioning/schema.ts
2026-01-18 18:41:27,725 - Knowledge - INFO - process ingested knowledge for /app/data/T0015/307419/b5849in/keystone/examples/auth/package.json
2026-01-18 18:41:27,838 - Knowledge - INFO - process ingested knowledge for /app/data/T0015/307419/b5849in/keystone/examples/extend-graphql-schema-nexus/nexus-types.ts
2026-01-18 18:41:27,917 - Knowledge - INFO - process ingested knowledge for /app/data/T0015/307419/b5849in/keystone/examples/default-values/README.md
2026-01-18 18:41:28,030 - Knowledge - INFO - process ingested knowledge for /app/data/T0015/307419/b5849in/keystone/examples/custom-field/3-pair-field/views.tsx
2026-01-18 18:41:28,150 - Knowledge - INFO - process ingested knowledge for /app/data/T0015/307419/b5849in/keystone/examples/usecase-blog/schema.ts
2026-01-18 18:41:28,272 - Knowledge - INFO - process ingested knowledge for /app/data/T0015/307419/b5849in/keystone/examples/usecase-versioning/README.md
2026-01-18 18:41:28,475 - Knowledge - INFO - process ingested knowledge for /app/data/T0015/307419/b5849in/keystone/examples/custom-admin-ui-logo/package.json
2026-01-18 18:41:28,563 - Knowledge - INFO - process ingested knowledge for /app/data/T0015/307419/b5849in/keystone/examples/framework-nextjs-pages-directory/src/pages/_app.tsx
2026-01-18 18:41:28,671 - Knowledge - INFO - process ingested knowledge for /app/data/T0015/307419/b5849in/keystone/examples/custom-admin-ui-logo/keystone.ts
2026-01-18 18:41:28,962 - Knowledge - INFO - Worker kw2 processing /app/data/T0015/307419/b5849in/keystone/examples/testing/sandbox.config.json
2026-01-18 18:41:29,050 - Knowledge - INFO - Worker kw20 processing /app/data/T0015/307419/b5849in/keystone/examples/graphql-codegen/schema.ts
2026-01-18 18:41:29,127 - Knowledge - INFO - done ingest for /app/data/T0015/307419/b5849in/keystone/examples/framework-nextjs-pages-directory/src/pages/index.tsx
2026-01-18 18:41:29,216 - Knowledge - INFO - Worker kw8 processing /app/data/T0015/307419/b5849in/keystone/examples/field-groups/package.json
2026-01-18 18:41:29,227 - Knowledge - INFO - [kw4] Queue=198, InProgress=0, PendingWorkers=20/20, Completed=1068/1306 (81.8%)
2026-01-18 18:41:29,329 - Knowledge - INFO - Worker kw15 processing /app/data/T0015/307419/b5849in/keystone/examples/graphql-codegen/gql/graphql.ts
2026-01-18 18:41:29,371 - Knowledge - INFO - Processing batch of 6 files
2026-01-18 18:41:29,413 - Knowledge - INFO - Worker kw6 processing /app/data/T0015/307419/b5849in/keystone/examples/usecase-relationship-union/sandbox.config.json
2026-01-18 18:41:29,736 - Knowledge - INFO - [WEBSOCKET] Sent: Type=progress_update, Size: 292, Duration: 0ms
2026-01-18 18:41:29,802 - Knowledge - INFO - [kw9] Queue=198, InProgress=0, PendingWorkers=20/20, Completed=1072/1306 (82.1%)
2026-01-18 18:41:30,273 - Knowledge - INFO - process ingested knowledge for /app/data/T0015/307419/b5849in/keystone/examples/custom-admin-ui-logo/schema.ts
2026-01-18 18:41:30,350 - Knowledge - INFO - process ingested knowledge for /app/data/T0015/307419/b5849in/keystone/examples/usecase-versioning/sandbox.config.json
2026-01-18 18:41:30,364 - Knowledge - INFO - Fast-tracked /app/data/T0015/307419/b5849in/keystone/examples/testing/sandbox.config.json (ext=.json, size=99)
2026-01-18 18:41:30,425 - Knowledge - INFO - process ingested knowledge for /app/data/T0015/307419/b5849in/keystone/examples/framework-nextjs-pages-directory/src/styles/globals.css
2026-01-18 18:41:30,447 - Knowledge - INFO - Fast-tracked /app/data/T0015/307419/b5849in/keystone/examples/graphql-codegen/schema.ts (ext=.ts, size=1807)
2026-01-18 18:41:30,493 - Knowledge - INFO - process ingested knowledge for /app/data/T0015/307419/b5849in/keystone/examples/assets-s3/package.json
2026-01-18 18:41:30,637 - Knowledge - INFO - Fast-tracked /app/data/T0015/307419/b5849in/keystone/examples/field-groups/package.json (ext=.json, size=425)
2026-01-18 18:41:30,762 - Knowledge - INFO - Batch sizing: calculated=5, max_allowed=10, queue=198, active_workers=20/20
2026-01-18 18:41:30,895 - Knowledge - INFO - Worker kw15 processing /app/data/T0015/307419/b5849in/keystone/examples/graphql-codegen/gql/gql.ts
2026-01-18 18:41:31,014 - Knowledge - INFO - process ingested knowledge for /app/data/T0015/307419/b5849in/keystone/examples/framework-nextjs-pages-directory/package.json
2026-01-18 18:41:31,148 - Knowledge - INFO - Fast-tracked /app/data/T0015/307419/b5849in/keystone/examples/usecase-relationship-union/sandbox.config.json (ext=.json, size=99)
2026-01-18 18:41:31,240 - Knowledge - INFO - [LLM_CALL] Completed: my-types.ts:chunk1, Duration: 9150ms, PromptTokens: 3500, CompletionTokens: 507, Cost: $0.00055
2026-01-18 18:41:31,342 - Knowledge - INFO - Batch sizing: calculated=5, max_allowed=10, queue=198, active_workers=20/20
2026-01-18 18:41:31,604 - Knowledge - INFO - Worker kw2 processing /app/data/T0015/307419/b5849in/keystone/examples/testing/keystone.ts
2026-01-18 18:41:31,751 - Knowledge - INFO - Worker kw20 processing /app/data/T0015/307419/b5849in/keystone/examples/graphql-codegen/README.md
2026-01-18 18:41:31,878 - Knowledge - INFO - process ingested knowledge for /app/data/T0015/307419/b5849in/keystone/examples/custom-admin-ui-logo/admin/components/CustomLogo.tsx
2026-01-18 18:41:31,942 - Knowledge - INFO - Worker kw8 processing /app/data/T0015/307419/b5849in/keystone/examples/field-groups/schema.ts
2026-01-18 18:41:32,132 - Knowledge - INFO - Worker kw15 processing /app/data/T0015/307419/b5849in/keystone/examples/graphql-codegen/gql/index.ts
2026-01-18 18:41:32,215 - Knowledge - INFO - process ingested knowledge for /app/data/T0015/307419/b5849in/keystone/examples/framework-nextjs-pages-directory/src/keystone/context.ts
2026-01-18 18:41:32,285 - Knowledge - INFO - process ingested knowledge for /app/data/T0015/307419/b5849in/keystone/examples/assets-s3/schema.ts
2026-01-18 18:41:32,286 - Knowledge - INFO - process ingested knowledge for /app/data/T0015/307419/b5849in/keystone/examples/usecase-versioning/keystone.ts
2026-01-18 18:41:32,288 - Knowledge - INFO - Worker kw6 processing /app/data/T0015/307419/b5849in/keystone/examples/usecase-relationship-union/keystone.ts
2026-01-18 18:41:32,383 - Knowledge - INFO - done ingest for /app/data/T0015/307419/b5849in/keystone/examples/custom-output-paths/my-types.ts
2026-01-18 18:41:32,385 - Knowledge - INFO - [WEBSOCKET] Sent: Type=unknown, Size: ?, Duration: 2649ms
2026-01-18 18:41:32,497 - Knowledge - INFO - process ingested knowledge for /app/data/T0015/307419/b5849in/keystone/examples/framework-nextjs-pages-directory/next.config.js
2026-01-18 18:41:32,558 - Knowledge - INFO - Fast-tracked /app/data/T0015/307419/b5849in/keystone/examples/testing/keystone.ts (ext=.ts, size=1601)
2026-01-18 18:41:32,656 - Knowledge - INFO - Fast-tracked /app/data/T0015/307419/b5849in/keystone/examples/graphql-codegen/README.md (ext=.md, size=1202)
2026-01-18 18:41:32,857 - Knowledge - INFO - Fast-tracked /app/data/T0015/307419/b5849in/keystone/examples/field-groups/schema.ts (ext=.ts, size=1482)
2026-01-18 18:41:32,879 - Knowledge - INFO - process ingested knowledge for /app/data/T0015/307419/b5849in/keystone/examples/custom-admin-ui-logo/admin/config.tsx
2026-01-18 18:41:32,987 - Knowledge - INFO - Fast-tracked /app/data/T0015/307419/b5849in/keystone/examples/graphql-codegen/gql/index.ts (ext=.ts, size=58)
2026-01-18 18:41:33,078 - Knowledge - INFO - process ingested knowledge for /app/data/T0015/307419/b5849in/keystone/examples/framework-nextjs-pages-directory/src/keystone/seed.ts
2026-01-18 18:41:33,145 - Knowledge - INFO - process ingested knowledge for /app/data/T0015/307419/b5849in/keystone/examples/assets-s3/keystone.ts
2026-01-18 18:41:33,255 - Knowledge - INFO - process ingested knowledge for /app/data/T0015/307419/b5849in/keystone/examples/cloudinary/package.json
2026-01-18 18:41:33,373 - Knowledge - INFO - Fast-tracked /app/data/T0015/307419/b5849in/keystone/examples/usecase-relationship-union/keystone.ts (ext=.ts, size=398)
2026-01-18 18:41:33,560 - Knowledge - INFO - Progress: 82.1% | Files: 1073/1306 | Rate: 2.31 files/sec | Queue: 188
2026-01-18 18:41:33,561 - Knowledge - INFO - [kw11] Queue=188, InProgress=0, PendingWorkers=20/20, Completed=1073/1306 (82.2%)
2026-01-18 18:41:33,561 - Knowledge - INFO - Async storing batch of 6 embeddings
2026-01-18 18:41:33,561 - Knowledge - INFO - [kw18] Queue=188, InProgress=0, PendingWorkers=20/20, Completed=1073/1306 (82.2%)
2026-01-18 18:41:33,561 - Knowledge - INFO - [kw17] Queue=188, InProgress=0, PendingWorkers=20/20, Completed=1073/1306 (82.2%)
2026-01-18 18:41:33,562 - Knowledge - INFO - Async storing batch of 6 embeddings
2026-01-18 18:41:33,562 - Knowledge - INFO - [kw3] Queue=188, InProgress=0, PendingWorkers=20/20, Completed=1073/1306 (82.2%)
2026-01-18 18:41:33,563 - Knowledge - INFO - [kw14] Queue=188, InProgress=0, PendingWorkers=20/20, Completed=1073/1306 (82.2%)
2026-01-18 18:41:33,563 - Knowledge - INFO - [kw1] Queue=188, InProgress=0, PendingWorkers=20/20, Completed=1073/1306 (82.2%)
2026-01-18 18:41:33,605 - Knowledge - INFO - Processing batch of 6 files
2026-01-18 18:41:33,661 - Knowledge - INFO - process ingested knowledge for /app/data/T0015/307419/b5849in/keystone/examples/framework-nextjs-pages-directory/tsconfig.json
2026-01-18 18:41:33,743 - Knowledge - INFO - Worker kw2 processing /app/data/T0015/307419/b5849in/keystone/examples/usecase-relationship-union/package.json
2026-01-18 18:41:33,844 - Knowledge - INFO - Worker kw20 processing /app/data/T0015/307419/b5849in/keystone/examples/graphql-codegen/sandbox.config.json
2026-01-18 18:41:33,918 - Knowledge - INFO - Worker kw8 processing /app/data/T0015/307419/b5849in/keystone/examples/field-groups/sandbox.config.json
2026-01-18 18:41:34,038 - Knowledge - INFO - process ingested knowledge for /app/data/T0015/307419/b5849in/keystone/examples/custom-admin-ui-logo/README.md
2026-01-18 18:41:34,115 - Knowledge - INFO - Worker kw15 processing /app/data/T0015/307419/b5849in/keystone/examples/graphql-codegen/codegen.ts
2026-01-18 18:41:34,196 - Knowledge - INFO - process ingested knowledge for /app/data/T0015/307419/b5849in/keystone/examples/framework-nextjs-pages-directory/src/keystone/schema.ts
2026-01-18 18:41:34,301 - Knowledge - INFO - process ingested knowledge for /app/data/T0015/307419/b5849in/keystone/examples/custom-output-paths/package.json
2026-01-18 18:41:34,393 - Knowledge - INFO - process ingested knowledge for /app/data/T0015/307419/b5849in/keystone/examples/cloudinary/schema.ts
2026-01-18 18:41:34,497 - Knowledge - INFO - Worker kw6 processing /app/data/T0015/307419/b5849in/keystone/examples/custom-session-jwt/package.json
2026-01-18 18:41:34,597 - Knowledge - INFO - [kw13] Queue=188, InProgress=0, PendingWorkers=20/20, Completed=1078/1306 (82.5%)
2026-01-18 18:41:34,701 - Knowledge - INFO - Batch sizing: calculated=5, max_allowed=10, queue=188, active_workers=20/20
2026-01-18 18:41:34,818 - Knowledge - INFO - Worker kw4 processing /app/data/T0015/307419/b5849in/keystone/examples/logging-opentelemetry/otel.ts
2026-01-18 18:41:34,906 - Knowledge - INFO - Batch sizing: calculated=5, max_allowed=10, queue=188, active_workers=20/20
2026-01-18 18:41:34,988 - Knowledge - INFO - Batch sizing: calculated=5, max_allowed=10, queue=188, active_workers=20/20
2026-01-18 18:41:35,070 - Knowledge - INFO - Worker kw9 processing /app/data/T0015/307419/b5849in/keystone/examples/document-field-hooks/sandbox.config.json
2026-01-18 18:41:35,149 - Knowledge - INFO - Batch sizing: calculated=5, max_allowed=10, queue=188, active_workers=20/20
2026-01-18 18:41:35,240 - Knowledge - INFO - Batch sizing: calculated=5, max_allowed=10, queue=188, active_workers=20/20
2026-01-18 18:41:35,343 - Knowledge - INFO - Batch sizing: calculated=5, max_allowed=10, queue=188, active_workers=20/20
2026-01-18 18:41:35,435 - Knowledge - INFO - process ingested knowledge for /app/data/T0015/307419/b5849in/keystone/examples/custom-output-paths/schema.ts
2026-01-18 18:41:35,520 - Knowledge - INFO - process ingested knowledge for /app/data/T0015/307419/b5849in/keystone/examples/framework-nextjs-pages-directory/README.md
2026-01-18 18:41:35,642 - Knowledge - INFO - Fast-tracked /app/data/T0015/307419/b5849in/keystone/examples/usecase-relationship-union/package.json (ext=.json, size=439)
2026-01-18 18:41:35,761 - Knowledge - INFO - Fast-tracked /app/data/T0015/307419/b5849in/keystone/examples/graphql-codegen/sandbox.config.json (ext=.json, size=99)
2026-01-18 18:41:35,836 - Knowledge - INFO - Fast-tracked /app/data/T0015/307419/b5849in/keystone/examples/field-groups/sandbox.config.json (ext=.json, size=99)
2026-01-18 18:41:36,036 - Knowledge - INFO - Fast-tracked /app/data/T0015/307419/b5849in/keystone/examples/graphql-codegen/codegen.ts (ext=.ts, size=307)
2026-01-18 18:41:37,255 - Knowledge - INFO - Async storing batch of 6 embeddings
2026-01-18 18:41:36,453 - Knowledge - INFO - Fast-tracked /app/data/T0015/307419/b5849in/keystone/examples/custom-session-jwt/package.json (ext=.json, size=532)
2026-01-18 18:41:36,544 - Knowledge - INFO - Batch sizing: calculated=5, max_allowed=10, queue=188, active_workers=20/20
2026-01-18 18:41:36,725 - Knowledge - INFO - Fast-tracked /app/data/T0015/307419/b5849in/keystone/examples/logging-opentelemetry/otel.ts (ext=.ts, size=1372)
2026-01-18 18:41:36,830 - Knowledge - INFO - Async storing batch of 6 embeddings
2026-01-18 18:41:36,900 - Knowledge - INFO - Async storing batch of 6 embeddings
2026-01-18 18:41:36,955 - Knowledge - INFO - [kw5] Queue=178, InProgress=0, PendingWorkers=20/20, Completed=1078/1306 (82.5%)
2026-01-18 18:41:37,029 - Knowledge - INFO - Async storing batch of 6 embeddings
2026-01-18 18:41:37,062 - Knowledge - INFO - Fast-tracked /app/data/T0015/307419/b5849in/keystone/examples/document-field-hooks/sandbox.config.json (ext=.json, size=99)
2026-01-18 18:41:37,249 - Knowledge - INFO - Async storing batch of 6 embeddings
2026-01-18 18:41:37,250 - Knowledge - INFO - [kw10] Queue=168, InProgress=0, PendingWorkers=20/20, Completed=1078/1306 (82.5%)
2026-01-18 18:41:36,213 - Knowledge - INFO - process ingested knowledge for /app/data/T0015/307419/b5849in/keystone/examples/framework-nextjs-pages-directory/src/util/request.ts
2026-01-18 18:41:37,355 - Knowledge - INFO - Async storing batch of 6 embeddings
2026-01-18 18:41:37,393 - Knowledge - INFO - [kw12] Queue=158, InProgress=0, PendingWorkers=20/20, Completed=1078/1306 (82.5%)
2026-01-18 18:41:37,423 - Knowledge - INFO - process ingested knowledge for /app/data/T0015/307419/b5849in/keystone/examples/custom-output-paths/my-types.ts
2026-01-18 18:41:37,545 - Knowledge - INFO - process ingested knowledge for /app/data/T0015/307419/b5849in/keystone/examples/framework-nextjs-pages-directory/keystone.ts
2026-01-18 18:41:37,619 - Knowledge - INFO - Async storage completed for 6 embeddings
2026-01-18 18:41:37,725 - Knowledge - INFO - Worker kw20 processing /app/data/T0015/307419/b5849in/keystone/examples/graphql-codegen/keystone.ts
2026-01-18 18:41:37,801 - Knowledge - INFO - Worker kw8 processing /app/data/T0015/307419/b5849in/keystone/examples/field-groups/keystone.ts
2026-01-18 18:41:37,998 - Knowledge - INFO - Worker kw14 processing /app/data/T0015/307419/b5849in/keystone/examples/transactions/keystone.ts
2026-01-18 18:41:38,086 - Knowledge - INFO - Worker kw6 processing /app/data/T0015/307419/b5849in/keystone/examples/custom-session-jwt/schema.ts
2026-01-18 18:41:38,167 - Knowledge - INFO - Async storing batch of 6 embeddings
2026-01-18 18:41:38,267 - Knowledge - INFO - Worker kw4 processing /app/data/T0015/307419/b5849in/keystone/examples/logging-opentelemetry/sandbox.config.json
2026-01-18 18:41:38,357 - Knowledge - INFO - Worker kw11 processing /app/data/T0015/307419/b5849in/keystone/examples/actions/keystone.ts
2026-01-18 18:41:38,454 - Knowledge - INFO - Worker kw18 processing /app/data/T0015/307419/b5849in/keystone/examples/custom-admin-ui-navigation/README.md
2026-01-18 18:41:38,528 - Knowledge - INFO - Batch sizing: calculated=5, max_allowed=10, queue=178, active_workers=20/20
2026-01-18 18:41:38,624 - Knowledge - INFO - Worker kw17 processing /app/data/T0015/307419/b5849in/keystone/examples/extend-graphql-subscriptions/schema.ts
2026-01-18 18:41:38,694 - Knowledge - INFO - Worker kw9 processing /app/data/T0015/307419/b5849in/keystone/examples/document-field-hooks/keystone.ts
2026-01-18 18:41:38,790 - Knowledge - INFO - Worker kw3 processing /app/data/T0015/307419/b5849in/keystone/examples/extend-graphql-subscriptions/sandbox.config.json
2026-01-18 18:41:38,897 - Knowledge - INFO - Batch sizing: calculated=5, max_allowed=10, queue=168, active_workers=20/20
2026-01-18 18:41:39,109 - Knowledge - INFO - Worker kw1 processing /app/data/T0015/307419/b5849in/keystone/examples/custom-admin-ui-pages/package.json
2026-01-18 18:41:39,200 - Knowledge - INFO - Batch sizing: calculated=5, max_allowed=10, queue=158, active_workers=20/20
2026-01-18 18:41:39,335 - Knowledge - INFO - process ingested knowledge for /app/data/T0015/307419/b5849in/keystone/examples/custom-output-paths/sandbox.config.json
2026-01-18 18:41:39,368 - Knowledge - INFO - process ingested knowledge for /app/data/T0015/307419/b5849in/keystone/examples/testing/package.json
2026-01-18 18:41:39,462 - Knowledge - INFO - Processing batch of 6 files
2026-01-18 18:41:39,545 - Knowledge - INFO - Fast-tracked /app/data/T0015/307419/b5849in/keystone/examples/graphql-codegen/keystone.ts (ext=.ts, size=340)
2026-01-18 18:41:39,628 - Knowledge - INFO - Fast-tracked /app/data/T0015/307419/b5849in/keystone/examples/field-groups/keystone.ts (ext=.ts, size=398)
2026-01-18 18:41:39,725 - Knowledge - INFO - [kw16] Queue=153, InProgress=0, PendingWorkers=20/20, Completed=1084/1306 (83.0%)
2026-01-18 18:41:39,749 - Knowledge - INFO - Fast-tracked /app/data/T0015/307419/b5849in/keystone/examples/transactions/keystone.ts (ext=.ts, size=460)
2026-01-18 18:41:39,827 - Knowledge - INFO - Fast-tracked /app/data/T0015/307419/b5849in/keystone/examples/graphql-codegen/gql/gql.ts (small file (2080 bytes))
2026-01-18 18:41:39,839 - Knowledge - INFO - Fast-tracked /app/data/T0015/307419/b5849in/keystone/examples/custom-session-jwt/schema.ts (ext=.ts, size=1369)
2026-01-18 18:41:39,920 - Knowledge - INFO - Worker kw13 processing /app/data/T0015/307419/b5849in/keystone/examples/custom-admin-ui-pages/README.md
2026-01-18 18:41:40,043 - Knowledge - INFO - Fast-tracked /app/data/T0015/307419/b5849in/keystone/examples/logging-opentelemetry/sandbox.config.json (ext=.json, size=99)
2026-01-18 18:41:40,125 - Knowledge - INFO - Fast-tracked /app/data/T0015/307419/b5849in/keystone/examples/actions/keystone.ts (ext=.ts, size=398)
2026-01-18 18:41:40,205 - Knowledge - INFO - Fast-tracked /app/data/T0015/307419/b5849in/keystone/examples/custom-admin-ui-navigation/README.md (ext=.md, size=4894)
2026-01-18 18:41:40,283 - Knowledge - INFO - Async storing batch of 6 embeddings
2026-01-18 18:41:40,386 - Knowledge - INFO - Worker kw17 processing /app/data/T0015/307419/b5849in/keystone/examples/extend-graphql-subscriptions/admin/pages/subscriptions.tsx
2026-01-18 18:41:40,463 - Knowledge - INFO - Fast-tracked /app/data/T0015/307419/b5849in/keystone/examples/document-field-hooks/keystone.ts (ext=.ts, size=340)
2026-01-18 18:41:40,564 - Knowledge - INFO - Fast-tracked /app/data/T0015/307419/b5849in/keystone/examples/extend-graphql-subscriptions/sandbox.config.json (ext=.json, size=99)
2026-01-18 18:41:40,638 - Knowledge - INFO - Async storing batch of 6 embeddings
2026-01-18 18:41:40,751 - Knowledge - INFO - Fast-tracked /app/data/T0015/307419/b5849in/keystone/examples/custom-admin-ui-pages/package.json (ext=.json, size=539)
2026-01-18 18:41:40,823 - Knowledge - INFO - Async storing batch of 6 embeddings
2026-01-18 18:41:40,906 - Knowledge - INFO - process ingested knowledge for /app/data/T0015/307419/b5849in/keystone/examples/custom-output-paths/keystone.ts
2026-01-18 18:41:41,144 - Knowledge - INFO - process ingested knowledge for /app/data/T0015/307419/b5849in/keystone/examples/testing/schema.ts
2026-01-18 18:41:41,226 - Knowledge - INFO - Worker kw20 processing /app/data/T0015/307419/b5849in/keystone/examples/logging-opentelemetry/package.json
2026-01-18 18:41:41,348 - Knowledge - INFO - Fast-tracked /app/data/T0015/307419/b5849in/keystone/examples/custom-session-jwt/keystone.ts (small file (2739 bytes))
2026-01-18 18:41:41,423 - Knowledge - INFO - Batch sizing: calculated=5, max_allowed=10, queue=153, active_workers=20/20
2026-01-18 18:41:41,504 - Knowledge - INFO - Worker kw14 processing /app/data/T0015/307419/b5849in/keystone/examples/omit/package.json
2026-01-18 18:41:41,588 - Knowledge - INFO - Async storage completed for 6 embeddings
2026-01-18 18:41:41,659 - Knowledge - INFO - [kw7] Queue=138, InProgress=0, PendingWorkers=20/20, Completed=1084/1306 (83.0%)
2026-01-18 18:41:41,787 - Knowledge - INFO - Fast-tracked /app/data/T0015/307419/b5849in/keystone/examples/custom-admin-ui-pages/README.md (ext=.md, size=3186)
2026-01-18 18:41:41,892 - Knowledge - INFO - Worker kw4 processing /app/data/T0015/307419/b5849in/keystone/examples/logging-opentelemetry/keystone.ts
2026-01-18 18:41:41,973 - Knowledge - INFO - Worker kw11 processing /app/data/T0015/307419/b5849in/keystone/examples/custom-admin-ui-navigation/package.json
2026-01-18 18:41:42,075 - Knowledge - INFO - Worker kw18 processing /app/data/T0015/307419/b5849in/keystone/examples/custom-admin-ui-navigation/sandbox.config.json
2026-01-18 18:41:42,170 - Knowledge - INFO - Worker kw5 processing /app/data/T0015/307419/b5849in/keystone/examples/custom-id/seed-data.ts
2026-01-18 18:41:42,292 - Knowledge - INFO - Worker kw17 processing /app/data/T0015/307419/b5849in/keystone/examples/extend-graphql-subscriptions/admin/components/CustomNavigation.tsx
2026-01-18 18:41:42,357 - Knowledge - INFO - Worker kw9 processing /app/data/T0015/307419/b5849in/keystone/examples/actions/package.json
2026-01-18 18:41:42,429 - Knowledge - INFO - Worker kw3 processing /app/data/T0015/307419/b5849in/keystone/examples/extend-graphql-subscriptions/keystone.ts
2026-01-18 18:41:42,504 - Knowledge - INFO - Worker kw10 processing /app/data/T0015/307419/b5849in/keystone/examples/script/script.ts
2026-01-18 18:41:42,530 - Knowledge - INFO - Async storage completed for 6 embeddings
2026-01-18 18:41:42,578 - Knowledge - INFO - Worker kw1 processing /app/data/T0015/307419/b5849in/keystone/examples/custom-admin-ui-pages/schema.ts
2026-01-18 18:41:42,676 - Knowledge - INFO - Worker kw12 processing /app/data/T0015/307419/b5849in/keystone/examples/framework-nextjs-two-servers/keystone-server/src/schema.ts
2026-01-18 18:41:42,742 - Knowledge - INFO - process ingested knowledge for /app/data/T0015/307419/b5849in/keystone/examples/framework-nextjs-pages-directory/src/pages/api/graphql.ts
2026-01-18 18:41:42,824 - Knowledge - INFO - process ingested knowledge for /app/data/T0015/307419/b5849in/keystone/examples/testing/example-test.ts
2026-01-18 18:41:42,903 - Knowledge - INFO - Fast-tracked /app/data/T0015/307419/b5849in/keystone/examples/logging-opentelemetry/package.json (ext=.json, size=601)
2026-01-18 18:41:42,988 - Knowledge - INFO - Async storage completed for 6 embeddings
2026-01-18 18:41:43,073 - Knowledge - INFO - Async storing batch of 6 embeddings
2026-01-18 18:41:43,154 - Knowledge - INFO - Fast-tracked /app/data/T0015/307419/b5849in/keystone/examples/omit/package.json (ext=.json, size=417)
2026-01-18 18:41:43,333 - Knowledge - INFO - Batch sizing: calculated=5, max_allowed=10, queue=138, active_workers=20/20
2026-01-18 18:41:43,427 - Knowledge - INFO - Worker kw13 processing /app/data/T0015/307419/b5849in/keystone/examples/custom-admin-ui-pages/sandbox.config.json
2026-01-18 18:41:43,516 - Knowledge - INFO - Worker kw4 processing /app/data/T0015/307419/b5849in/keystone/examples/document-field-hooks/package.json
2026-01-18 18:41:43,601 - Knowledge - INFO - Fast-tracked /app/data/T0015/307419/b5849in/keystone/examples/custom-admin-ui-navigation/package.json (ext=.json, size=521)
2026-01-18 18:41:43,678 - Knowledge - INFO - Fast-tracked /app/data/T0015/307419/b5849in/keystone/examples/custom-admin-ui-navigation/sandbox.config.json (ext=.json, size=99)
2026-01-18 18:41:43,826 - Knowledge - INFO - Fast-tracked /app/data/T0015/307419/b5849in/keystone/examples/custom-id/seed-data.ts (ext=.ts, size=1205)
2026-01-18 18:41:43,927 - Knowledge - INFO - Fast-tracked /app/data/T0015/307419/b5849in/keystone/examples/extend-graphql-subscriptions/admin/components/CustomNavigation.tsx (ext=.tsx, size=783)
2026-01-18 18:41:44,034 - Knowledge - INFO - Fast-tracked /app/data/T0015/307419/b5849in/keystone/examples/actions/package.json (ext=.json, size=420)
2026-01-18 18:41:44,120 - Knowledge - INFO - Fast-tracked /app/data/T0015/307419/b5849in/keystone/examples/extend-graphql-subscriptions/keystone.ts (ext=.ts, size=490)
2026-01-18 18:41:44,205 - Knowledge - INFO - Fast-tracked /app/data/T0015/307419/b5849in/keystone/examples/script/script.ts (ext=.ts, size=653)
2026-01-18 18:41:44,387 - Knowledge - INFO - Fast-tracked /app/data/T0015/307419/b5849in/keystone/examples/custom-admin-ui-pages/schema.ts (ext=.ts, size=970)
2026-01-18 18:41:44,498 - Knowledge - INFO - Fast-tracked /app/data/T0015/307419/b5849in/keystone/examples/framework-nextjs-two-servers/keystone-server/src/schema.ts (ext=.ts, size=1151)
2026-01-18 18:41:44,581 - Knowledge - INFO - process ingested knowledge for /app/data/T0015/307419/b5849in/keystone/examples/framework-nextjs-pages-directory/src/pages/index.tsx
2026-01-18 18:41:44,687 - Knowledge - INFO - process ingested knowledge for /app/data/T0015/307419/b5849in/keystone/examples/testing/README.md
2026-01-18 18:41:44,767 - Knowledge - INFO - Worker kw20 processing /app/data/T0015/307419/b5849in/keystone/examples/logging-opentelemetry/schema.ts
2026-01-18 18:41:44,970 - Knowledge - INFO - Worker kw16 processing /app/data/T0015/307419/b5849in/keystone/examples/framework-nextjs-two-servers/keystone-server/README.md
2026-01-18 18:41:45,119 - Knowledge - INFO - Worker kw14 processing /app/data/T0015/307419/b5849in/keystone/examples/omit/schema.ts
2026-01-18 18:41:45,233 - Knowledge - INFO - Processing batch of 6 files
2026-01-18 18:41:45,250 - Knowledge - INFO - Async storing batch of 6 embeddings
2026-01-18 18:41:45,394 - Knowledge - INFO - Fast-tracked /app/data/T0015/307419/b5849in/keystone/examples/custom-admin-ui-pages/sandbox.config.json (ext=.json, size=99)
2026-01-18 18:41:45,527 - Knowledge - INFO - Fast-tracked /app/data/T0015/307419/b5849in/keystone/examples/document-field-hooks/package.json (ext=.json, size=561)
2026-01-18 18:41:45,640 - Knowledge - INFO - [LLM_CALL] Completed: fragment-masking.ts:chunk1, Duration: 7722ms, PromptTokens: 2656, CompletionTokens: 403, Cost: $0.00043
2026-01-18 18:41:45,647 - Knowledge - INFO - Worker kw11 processing /app/data/T0015/307419/b5849in/keystone/examples/custom-admin-ui-navigation/schema.ts
2026-01-18 18:41:45,719 - Knowledge - INFO - Worker kw18 processing /app/data/T0015/307419/b5849in/keystone/examples/custom-admin-ui-navigation/keystone.ts
2026-01-18 18:41:45,800 - Knowledge - INFO - Worker kw5 processing /app/data/T0015/307419/b5849in/keystone/examples/custom-id/README.md
2026-01-18 18:41:45,880 - Knowledge - INFO - Worker kw17 processing /app/data/T0015/307419/b5849in/keystone/examples/extend-graphql-subscriptions/admin/config.ts
2026-01-18 18:41:46,000 - Knowledge - INFO - Worker kw9 processing /app/data/T0015/307419/b5849in/keystone/examples/actions/schema.ts
2026-01-18 18:41:46,122 - Knowledge - INFO - Worker kw3 processing /app/data/T0015/307419/b5849in/keystone/examples/transactions/package.json
2026-01-18 18:41:46,211 - Knowledge - INFO - Worker kw10 processing /app/data/T0015/307419/b5849in/keystone/examples/script/README.md
2026-01-18 18:41:46,281 - Knowledge - INFO - Worker kw1 processing /app/data/T0015/307419/b5849in/keystone/examples/custom-admin-ui-pages/admin/pages/custom-page.tsx
2026-01-18 18:41:46,368 - Knowledge - INFO - Worker kw12 processing /app/data/T0015/307419/b5849in/keystone/examples/framework-nextjs-two-servers/keystone-server/src/seed/users.json
2026-01-18 18:41:46,535 - Knowledge - INFO - process ingested knowledge for /app/data/T0015/307419/b5849in/keystone/examples/testing/sandbox.config.json
2026-01-18 18:41:46,620 - Knowledge - INFO - Fast-tracked /app/data/T0015/307419/b5849in/keystone/examples/logging-opentelemetry/schema.ts (ext=.ts, size=368)
2026-01-18 18:41:46,733 - Knowledge - INFO - Fast-tracked /app/data/T0015/307419/b5849in/keystone/examples/framework-nextjs-two-servers/keystone-server/README.md (ext=.md, size=657)
2026-01-18 18:41:46,831 - Knowledge - INFO - Worker kw14 processing /app/data/T0015/307419/b5849in/keystone/examples/omit/sandbox.config.json
2026-01-18 18:41:46,952 - Knowledge - INFO - process ingested knowledge for /app/data/T0015/307419/b5849in/keystone/examples/custom-session-jwt/sandbox.config.json
2026-01-18 18:41:47,025 - Knowledge - INFO - Worker kw7 processing /app/data/T0015/307419/b5849in/keystone/examples/framework-nextjs-two-servers/nextjs-frontend/src/pages/_app.tsx
2026-01-18 18:41:47,114 - Knowledge - INFO - Worker kw13 processing /app/data/T0015/307419/b5849in/keystone/examples/custom-admin-ui-pages/keystone.ts
2026-01-18 18:41:47,224 - Knowledge - INFO - Worker kw4 processing /app/data/T0015/307419/b5849in/keystone/examples/document-field-hooks/schema.ts
2026-01-18 18:41:47,350 - Knowledge - INFO - done ingest for /app/data/T0015/307419/b5849in/keystone/examples/graphql-codegen/gql/fragment-masking.ts
2026-01-18 18:41:47,350 - Knowledge - INFO - [LLM_CALL] Completed: schema.ts:chunk1, Duration: 5653ms, PromptTokens: 2800, CompletionTokens: 300, Cost: $0.00040
2026-01-18 18:41:47,464 - Knowledge - INFO - Fast-tracked /app/data/T0015/307419/b5849in/keystone/examples/custom-admin-ui-navigation/schema.ts (ext=.ts, size=970)
2026-01-18 18:41:47,542 - Knowledge - INFO - Fast-tracked /app/data/T0015/307419/b5849in/keystone/examples/custom-admin-ui-navigation/keystone.ts (ext=.ts, size=340)
2026-01-18 18:41:47,632 - Knowledge - INFO - Fast-tracked /app/data/T0015/307419/b5849in/keystone/examples/custom-id/README.md (ext=.md, size=2049)
2026-01-18 18:41:47,722 - Knowledge - INFO - Fast-tracked /app/data/T0015/307419/b5849in/keystone/examples/extend-graphql-subscriptions/admin/config.ts (ext=.ts, size=213)
2026-01-18 18:41:47,810 - Knowledge - INFO - Worker kw9 processing /app/data/T0015/307419/b5849in/keystone/examples/actions/sandbox.config.json
2026-01-18 18:41:47,879 - Knowledge - INFO - Fast-tracked /app/data/T0015/307419/b5849in/keystone/examples/transactions/package.json (ext=.json, size=425)
2026-01-18 18:41:47,961 - Knowledge - INFO - Fast-tracked /app/data/T0015/307419/b5849in/keystone/examples/script/README.md (ext=.md, size=1202)
2026-01-18 18:41:48,059 - Knowledge - INFO - Fast-tracked /app/data/T0015/307419/b5849in/keystone/examples/custom-admin-ui-pages/admin/pages/custom-page.tsx (ext=.tsx, size=903)
2026-01-18 18:41:48,149 - Knowledge - INFO - Fast-tracked /app/data/T0015/307419/b5849in/keystone/examples/framework-nextjs-two-servers/keystone-server/src/seed/users.json (ext=.json, size=187)
2026-01-18 18:41:48,236 - Knowledge - INFO - process ingested knowledge for /app/data/T0015/307419/b5849in/keystone/examples/testing/keystone.ts
2026-01-18 18:41:48,351 - Knowledge - INFO - Async storage completed for 6 embeddings
2026-01-18 18:41:48,440 - Knowledge - INFO - Worker kw16 processing /app/data/T0015/307419/b5849in/keystone/examples/framework-nextjs-two-servers/keystone-server/sandbox.config.json
2026-01-18 18:41:48,563 - Knowledge - INFO - Fast-tracked /app/data/T0015/307419/b5849in/keystone/examples/omit/sandbox.config.json (ext=.json, size=99)
2026-01-18 18:41:48,673 - Knowledge - INFO - process ingested knowledge for /app/data/T0015/307419/b5849in/keystone/examples/custom-session-jwt/keystone.ts
2026-01-18 18:41:48,785 - Knowledge - INFO - Fast-tracked /app/data/T0015/307419/b5849in/keystone/examples/framework-nextjs-two-servers/nextjs-frontend/src/pages/_app.tsx (ext=.tsx, size=188)
2026-01-18 18:41:48,896 - Knowledge - INFO - Fast-tracked /app/data/T0015/307419/b5849in/keystone/examples/custom-admin-ui-pages/keystone.ts (ext=.ts, size=340)
2026-01-18 18:41:48,972 - Knowledge - INFO - Fast-tracked /app/data/T0015/307419/b5849in/keystone/examples/logging-opentelemetry/keystone.ts (small file (2497 bytes))
2026-01-18 18:41:49,170 - Knowledge - INFO - done ingest for /app/data/T0015/307419/b5849in/keystone/examples/usecase-relationship-union/schema.ts
2026-01-18 18:41:49,176 - Knowledge - INFO - [kw19] Queue=128, InProgress=0, PendingWorkers=20/20, Completed=1090/1306 (83.5%)
2026-01-18 18:41:49,286 - Knowledge - INFO - Worker kw11 processing /app/data/T0015/307419/b5849in/keystone/examples/custom-admin-ui-navigation/admin/components/CustomNavigation.tsx
2026-01-18 18:41:49,348 - Knowledge - INFO - [LLM_CALL] Completed: graphql.ts:chunk1, Duration: 10534ms, PromptTokens: 8634, CompletionTokens: 490, Cost: $0.00106
2026-01-18 18:41:49,404 - Knowledge - INFO - Worker kw18 processing /app/data/T0015/307419/b5849in/keystone/examples/extend-graphql-subscriptions/package.json
2026-01-18 18:41:49,474 - Knowledge - INFO - Worker kw5 processing /app/data/T0015/307419/b5849in/keystone/examples/custom-id/sandbox.config.json
2026-01-18 18:41:49,581 - Knowledge - INFO - Worker kw17 processing /app/data/T0015/307419/b5849in/keystone/examples/extend-graphql-subscriptions/README.md
2026-01-18 18:41:49,676 - Knowledge - INFO - Fast-tracked /app/data/T0015/307419/b5849in/keystone/examples/actions/sandbox.config.json (ext=.json, size=99)
2026-01-18 18:41:49,766 - Knowledge - INFO - Worker kw3 processing /app/data/T0015/307419/b5849in/keystone/examples/transactions/schema.ts
2026-01-18 18:41:49,904 - Knowledge - INFO - Worker kw10 processing /app/data/T0015/307419/b5849in/keystone/examples/script/sandbox.config.json
2026-01-18 18:41:49,991 - Knowledge - INFO - Worker kw1 processing /app/data/T0015/307419/b5849in/keystone/examples/custom-admin-ui-pages/admin/components/CustomNavigation.tsx
2026-01-18 18:41:50,072 - Knowledge - INFO - Worker kw12 processing /app/data/T0015/307419/b5849in/keystone/examples/framework-nextjs-two-servers/keystone-server/src/seed/posts.json
2026-01-18 18:41:50,171 - Knowledge - INFO - process ingested knowledge for /app/data/T0015/307419/b5849in/keystone/examples/usecase-relationship-union/package.json
2026-01-18 18:41:50,380 - Knowledge - INFO - Fast-tracked /app/data/T0015/307419/b5849in/keystone/examples/framework-nextjs-two-servers/keystone-server/sandbox.config.json (ext=.json, size=141)
2026-01-18 18:41:50,507 - Knowledge - INFO - Worker kw14 processing /app/data/T0015/307419/b5849in/keystone/examples/omit/keystone.ts
2026-01-18 18:41:50,615 - Knowledge - INFO - process ingested knowledge for /app/data/T0015/307419/b5849in/keystone/examples/field-groups/package.json
2026-01-18 18:41:50,730 - Knowledge - INFO - Worker kw7 processing /app/data/T0015/307419/b5849in/keystone/examples/framework-nextjs-two-servers/nextjs-frontend/src/graphql.ts
2026-01-18 18:41:50,801 - Knowledge - INFO - Worker kw13 processing /app/data/T0015/307419/b5849in/keystone/examples/custom-id/package.json
2026-01-18 18:41:51,110 - Knowledge - INFO - Batch sizing: calculated=5, max_allowed=10, queue=128, active_workers=20/20
2026-01-18 18:41:51,218 - Knowledge - INFO - Fast-tracked /app/data/T0015/307419/b5849in/keystone/examples/custom-admin-ui-navigation/admin/components/CustomNavigation.tsx (ext=.tsx, size=786)
2026-01-18 18:41:51,313 - Knowledge - INFO - done ingest for /app/data/T0015/307419/b5849in/keystone/examples/graphql-codegen/gql/graphql.ts
2026-01-18 18:41:51,364 - Knowledge - INFO - Processing batch of 6 files
2026-01-18 18:41:51,364 - Knowledge - INFO - Processing batch of 6 files
2026-01-18 18:41:51,402 - Knowledge - INFO - Fast-tracked /app/data/T0015/307419/b5849in/keystone/examples/extend-graphql-subscriptions/package.json (ext=.json, size=737)
2026-01-18 18:41:51,482 - Knowledge - INFO - Fast-tracked /app/data/T0015/307419/b5849in/keystone/examples/custom-id/sandbox.config.json (ext=.json, size=99)
2026-01-18 18:41:51,562 - Knowledge - INFO - Fast-tracked /app/data/T0015/307419/b5849in/keystone/examples/extend-graphql-subscriptions/README.md (ext=.md, size=2256)
2026-01-18 18:41:51,756 - Knowledge - INFO - Worker kw3 processing /app/data/T0015/307419/b5849in/keystone/examples/transactions/sandbox.config.json
2026-01-18 18:41:51,844 - Knowledge - INFO - Fast-tracked /app/data/T0015/307419/b5849in/keystone/examples/script/sandbox.config.json (ext=.json, size=99)
2026-01-18 18:41:51,917 - Knowledge - INFO - Fast-tracked /app/data/T0015/307419/b5849in/keystone/examples/custom-admin-ui-pages/admin/components/CustomNavigation.tsx (ext=.tsx, size=774)
2026-01-18 18:41:52,017 - Knowledge - INFO - Fast-tracked /app/data/T0015/307419/b5849in/keystone/examples/framework-nextjs-two-servers/keystone-server/src/seed/posts.json (ext=.json, size=2549)
2026-01-18 18:41:52,219 - Knowledge - INFO - Worker kw16 processing /app/data/T0015/307419/b5849in/keystone/examples/framework-nextjs-two-servers/keystone-server/keystone.ts
2026-01-18 18:41:52,299 - Knowledge - INFO - Fast-tracked /app/data/T0015/307419/b5849in/keystone/examples/omit/keystone.ts (ext=.ts, size=1359)
2026-01-18 18:41:52,418 - Knowledge - INFO - process ingested knowledge for /app/data/T0015/307419/b5849in/keystone/examples/field-groups/schema.ts
2026-01-18 18:41:52,464 - Knowledge - INFO - Fast-tracked /app/data/T0015/307419/b5849in/keystone/examples/framework-nextjs-two-servers/nextjs-frontend/src/graphql.ts (ext=.ts, size=593)
2026-01-18 18:41:52,553 - Knowledge - INFO - Fast-tracked /app/data/T0015/307419/b5849in/keystone/examples/custom-id/package.json (ext=.json, size=519)
2026-01-18 18:41:52,564 - Knowledge - INFO - Async storage completed for 6 embeddings
2026-01-18 18:41:52,732 - Knowledge - INFO - Async storing batch of 6 embeddings
2026-01-18 18:41:52,754 - Knowledge - INFO - Worker kw11 processing /app/data/T0015/307419/b5849in/keystone/examples/custom-admin-ui-navigation/admin/config.ts
2026-01-18 18:41:52,755 - Knowledge - INFO - [WEBSOCKET] Sent: Type=progress_update, Size: 296, Duration: 0ms
2026-01-18 18:41:52,959 - Knowledge - INFO - process ingested knowledge for /app/data/T0015/307419/b5849in/keystone/examples/graphql-codegen/schema.ts
2026-01-18 18:41:53,049 - Knowledge - INFO - Async storage completed for 6 embeddings
2026-01-18 18:41:53,072 - Knowledge - INFO - process ingested knowledge for /app/data/T0015/307419/b5849in/keystone/examples/usecase-relationship-union/schema.ts
2026-01-18 18:41:53,147 - Knowledge - INFO - Worker kw18 processing /app/data/T0015/307419/b5849in/keystone/examples/extend-graphql-subscriptions/websocket.ts
2026-01-18 18:41:53,240 - Knowledge - INFO - Worker kw5 processing /app/data/T0015/307419/b5849in/keystone/examples/custom-id/keystone.ts
2026-01-18 18:41:53,396 - Knowledge - INFO - Fast-tracked /app/data/T0015/307419/b5849in/keystone/examples/transactions/sandbox.config.json (ext=.json, size=99)
2026-01-18 18:41:53,488 - Knowledge - INFO - Worker kw10 processing /app/data/T0015/307419/b5849in/keystone/examples/script/keystone.ts
2026-01-18 18:41:53,583 - Knowledge - INFO - Worker kw1 processing /app/data/T0015/307419/b5849in/keystone/examples/custom-admin-ui-pages/admin/config.ts
2026-01-18 18:41:53,698 - Knowledge - INFO - Worker kw12 processing /app/data/T0015/307419/b5849in/keystone/examples/framework-nextjs-two-servers/keystone-server/src/seed/index.ts
2026-01-18 18:41:53,805 - Knowledge - INFO - Fast-tracked /app/data/T0015/307419/b5849in/keystone/examples/framework-nextjs-two-servers/keystone-server/keystone.ts (ext=.ts, size=670)
2026-01-18 18:41:53,911 - Knowledge - INFO - Fast-tracked /app/data/T0015/307419/b5849in/keystone/examples/omit/schema.ts (small file (2292 bytes))
2026-01-18 18:41:53,987 - Knowledge - INFO - process ingested knowledge for /app/data/T0015/307419/b5849in/keystone/examples/field-groups/sandbox.config.json
2026-01-18 18:41:54,075 - Knowledge - INFO - Worker kw7 processing /app/data/T0015/307419/b5849in/keystone/examples/framework-nextjs-two-servers/nextjs-frontend/src/styles/globals.css
2026-01-18 18:41:54,153 - Knowledge - INFO - Worker kw13 processing /app/data/T0015/307419/b5849in/keystone/examples/custom-id/schema.ts
2026-01-18 18:41:54,300 - Knowledge - INFO - Worker kw19 processing /app/data/T0015/307419/b5849in/keystone/examples/framework-nextjs-two-servers/nextjs-frontend/tsconfig.json
2026-01-18 18:41:54,380 - Knowledge - INFO - Fast-tracked /app/data/T0015/307419/b5849in/keystone/examples/custom-admin-ui-navigation/admin/config.ts (ext=.ts, size=213)
2026-01-18 18:41:54,481 - Knowledge - INFO - [WEBSOCKET] Sent: Type=unknown, Size: ?, Duration: 1726ms
2026-01-18 18:41:54,557 - Knowledge - INFO - process ingested knowledge for /app/data/T0015/307419/b5849in/keystone/examples/graphql-codegen/README.md
2026-01-18 18:41:54,764 - Knowledge - INFO - process ingested knowledge for /app/data/T0015/307419/b5849in/keystone/examples/usecase-relationship-union/README.md
2026-01-18 18:41:54,874 - Knowledge - INFO - Fast-tracked /app/data/T0015/307419/b5849in/keystone/examples/extend-graphql-subscriptions/websocket.ts (ext=.ts, size=1914)
2026-01-18 18:41:54,951 - Knowledge - INFO - Fast-tracked /app/data/T0015/307419/b5849in/keystone/examples/custom-id/keystone.ts (ext=.ts, size=523)
2026-01-18 18:41:55,129 - Knowledge - INFO - Fast-tracked /app/data/T0015/307419/b5849in/keystone/examples/transactions/schema.ts (small file (2778 bytes))
2026-01-18 18:41:55,238 - Knowledge - INFO - Fast-tracked /app/data/T0015/307419/b5849in/keystone/examples/script/keystone.ts (ext=.ts, size=986)
2026-01-18 18:41:55,330 - Knowledge - INFO - Fast-tracked /app/data/T0015/307419/b5849in/keystone/examples/custom-admin-ui-pages/admin/config.ts (ext=.ts, size=212)
2026-01-18 18:41:55,486 - Knowledge - INFO - Fast-tracked /app/data/T0015/307419/b5849in/keystone/examples/framework-nextjs-two-servers/keystone-server/src/seed/index.ts (ext=.ts, size=1491)
2026-01-18 18:41:55,600 - Knowledge - INFO - Worker kw16 processing /app/data/T0015/307419/b5849in/keystone/examples/framework-nextjs-two-servers/nextjs-frontend/src/pages/blog/[slug].tsx
2026-01-18 18:41:55,670 - Knowledge - INFO - Async storage completed for 6 embeddings
2026-01-18 18:41:55,751 - Knowledge - INFO - process ingested knowledge for /app/data/T0015/307419/b5849in/keystone/examples/field-groups/keystone.ts
2026-01-18 18:41:55,886 - Knowledge - INFO - Fast-tracked /app/data/T0015/307419/b5849in/keystone/examples/framework-nextjs-two-servers/nextjs-frontend/src/styles/globals.css (ext=.css, size=335)
2026-01-18 18:41:55,979 - Knowledge - INFO - Fast-tracked /app/data/T0015/307419/b5849in/keystone/examples/custom-id/schema.ts (small file (2527 bytes))
2026-01-18 18:41:56,077 - Knowledge - INFO - Fast-tracked /app/data/T0015/307419/b5849in/keystone/examples/framework-nextjs-two-servers/nextjs-frontend/tsconfig.json (ext=.json, size=514)
2026-01-18 18:41:56,138 - Knowledge - INFO - Async storage completed for 6 embeddings
2026-01-18 18:41:56,278 - Knowledge - INFO - Progress: 84.4% | Files: 1104/1306 | Rate: 2.26 files/sec | Queue: 123
2026-01-18 18:41:56,280 - Knowledge - INFO - [LLM_CALL] Completed: schema.ts:chunk1, Duration: 1800ms, PromptTokens: 2222, CompletionTokens: 256, Cost: $0.00032
2026-01-18 18:41:56,357 - Knowledge - INFO - process ingested knowledge for /app/data/T0015/307419/b5849in/keystone/examples/graphql-codegen/sandbox.config.json
2026-01-18 18:41:56,462 - Knowledge - INFO - process ingested knowledge for /app/data/T0015/307419/b5849in/keystone/examples/usecase-relationship-union/sandbox.config.json
2026-01-18 18:41:56,556 - Knowledge - INFO - Async storage completed for 6 embeddings
2026-01-18 18:41:56,634 - Knowledge - INFO - Worker kw5 processing /app/data/T0015/307419/b5849in/keystone/examples/script/package.json
2026-01-18 18:41:56,726 - Knowledge - INFO - Async storage completed for 6 embeddings
2026-01-18 18:41:56,845 - Knowledge - INFO - Worker kw10 processing /app/data/T0015/307419/b5849in/keystone/examples/framework-nextjs-two-servers/package.json
2026-01-18 18:41:56,924 - Knowledge - INFO - Async storage completed for 6 embeddings
2026-01-18 18:41:57,048 - Knowledge - INFO - Worker kw12 processing /app/data/T0015/307419/b5849in/keystone/examples/framework-nextjs-two-servers/keystone-server/package.json
2026-01-18 18:41:57,169 - Knowledge - INFO - Worker kw16 processing /app/data/T0015/307419/b5849in/keystone/examples/framework-nextjs-two-servers/nextjs-frontend/src/pages/index.tsx
2026-01-18 18:41:57,200 - Knowledge - INFO - Async storage completed for 6 embeddings
2026-01-18 18:41:57,459 - Knowledge - INFO - Worker kw7 processing /app/data/T0015/307419/b5849in/keystone/examples/framework-nextjs-two-servers/nextjs-frontend/package.json
2026-01-18 18:41:57,539 - Knowledge - INFO - Async storage completed for 6 embeddings
2026-01-18 18:41:57,623 - Knowledge - INFO - Worker kw19 processing /app/data/T0015/307419/b5849in/keystone/examples/framework-nextjs-two-servers/nextjs-frontend/README.md
2026-01-18 18:41:57,819 - Knowledge - INFO - [kw2] Queue=123, InProgress=0, PendingWorkers=20/20, Completed=1107/1306 (84.8%)
2026-01-18 18:41:57,887 - Knowledge - INFO - done ingest for /app/data/T0015/307419/b5849in/keystone/examples/document-field-hooks/schema.ts
2026-01-18 18:41:57,888 - Knowledge - INFO - done ingest for /app/data/T0015/307419/b5849in/keystone/examples/actions/schema.ts
2026-01-18 18:41:57,920 - Knowledge - INFO - Processing batch of 5 files
2026-01-18 18:41:57,924 - Knowledge - INFO - Processing batch of 5 files
2026-01-18 18:41:57,924 - Knowledge - INFO - Processing batch of 6 files
2026-01-18 18:41:57,936 - Knowledge - INFO - [kw8] Queue=123, InProgress=0, PendingWorkers=20/20, Completed=1118/1306 (85.6%)
2026-01-18 18:41:57,998 - Knowledge - INFO - process ingested knowledge for /app/data/T0015/307419/b5849in/keystone/examples/graphql-codegen/keystone.ts
2026-01-18 18:41:58,079 - Knowledge - INFO - process ingested knowledge for /app/data/T0015/307419/b5849in/keystone/examples/usecase-relationship-union/keystone.ts
2026-01-18 18:41:58,188 - Knowledge - INFO - Processing batch of 5 files
2026-01-18 18:41:58,241 - Knowledge - INFO - Fast-tracked /app/data/T0015/307419/b5849in/keystone/examples/script/package.json (ext=.json, size=467)
2026-01-18 18:41:58,387 - Knowledge - INFO - Processing batch of 5 files
2026-01-18 18:41:58,454 - Knowledge - INFO - Fast-tracked /app/data/T0015/307419/b5849in/keystone/examples/framework-nextjs-two-servers/package.json (ext=.json, size=305)
2026-01-18 18:41:58,573 - Knowledge - INFO - Processing batch of 5 files
2026-01-18 18:41:58,642 - Knowledge - INFO - Fast-tracked /app/data/T0015/307419/b5849in/keystone/examples/framework-nextjs-two-servers/keystone-server/package.json (ext=.json, size=607)
2026-01-18 18:41:58,730 - Knowledge - INFO - Fast-tracked /app/data/T0015/307419/b5849in/keystone/examples/framework-nextjs-two-servers/nextjs-frontend/src/pages/index.tsx (ext=.tsx, size=1880)
2026-01-18 18:41:58,887 - Knowledge - INFO - Fast-tracked /app/data/T0015/307419/b5849in/keystone/examples/framework-nextjs-two-servers/nextjs-frontend/package.json (ext=.json, size=695)
2026-01-18 18:41:59,012 - Knowledge - INFO - Processing batch of 5 files
2026-01-18 18:41:59,087 - Knowledge - INFO - Fast-tracked /app/data/T0015/307419/b5849in/keystone/examples/framework-nextjs-two-servers/nextjs-frontend/README.md (ext=.md, size=303)
2026-01-18 18:41:59,183 - Knowledge - INFO - Batch sizing: calculated=5, max_allowed=10, queue=123, active_workers=20/20
2026-01-18 18:41:59,452 - Knowledge - INFO - Processing batch of 5 files
2026-01-18 18:41:59,454 - Knowledge - INFO - process ingested knowledge for /app/data/T0015/307419/b5849in/keystone/examples/transactions/keystone.ts
2026-01-18 18:41:59,460 - Knowledge - INFO - Processing batch of 5 files
2026-01-18 18:41:59,546 - Knowledge - INFO - process ingested knowledge for /app/data/T0015/307419/b5849in/keystone/examples/actions/keystone.ts
2026-01-18 18:41:59,629 - Knowledge - INFO - process ingested knowledge for /app/data/T0015/307419/b5849in/keystone/examples/graphql-codegen/package.json
2026-01-18 18:41:59,719 - Knowledge - INFO - Batch sizing: calculated=5, max_allowed=10, queue=123, active_workers=20/20
2026-01-18 18:41:59,847 - Knowledge - INFO - process ingested knowledge for /app/data/T0015/307419/b5849in/keystone/examples/logging-opentelemetry/package.json
2026-01-18 18:41:59,945 - Knowledge - INFO - process ingested knowledge for /app/data/T0015/307419/b5849in/keystone/examples/custom-session-jwt/package.json
2026-01-18 18:42:00,032 - Knowledge - INFO - process ingested knowledge for /app/data/T0015/307419/b5849in/keystone/examples/custom-admin-ui-navigation/README.md
2026-01-18 18:42:00,156 - Knowledge - INFO - Async storage completed for 6 embeddings
2026-01-18 18:42:00,238 - Knowledge - INFO - process ingested knowledge for /app/data/T0015/307419/b5849in/keystone/examples/extend-graphql-subscriptions/sandbox.config.json
2026-01-18 18:42:00,388 - Knowledge - INFO - Async storage completed for 6 embeddings
2026-01-18 18:42:00,484 - Knowledge - INFO - process ingested knowledge for /app/data/T0015/307419/b5849in/keystone/examples/custom-admin-ui-pages/package.json
2026-01-18 18:42:00,601 - Knowledge - INFO - Async storage completed for 6 embeddings
2026-01-18 18:42:00,700 - Knowledge - INFO - Fast-tracked /app/data/T0015/307419/b5849in/keystone/examples/framework-nextjs-two-servers/nextjs-frontend/src/pages/blog/[slug].tsx (small file (2629 bytes))
2026-01-18 18:42:00,798 - Knowledge - INFO - Worker kw7 processing /app/data/T0015/307419/b5849in/keystone/examples/framework-nextjs-two-servers/nextjs-frontend/next.config.js
2026-01-18 18:42:00,917 - Knowledge - INFO - process ingested knowledge for /app/data/T0015/307419/b5849in/keystone/examples/custom-admin-ui-pages/README.md
2026-01-18 18:42:01,027 - Knowledge - INFO - Worker kw19 processing /app/data/T0015/307419/b5849in/keystone/examples/framework-nextjs-two-servers/README.md
2026-01-18 18:42:01,074 - Knowledge - INFO - done ingest for /app/data/T0015/307419/b5849in/keystone/examples/extend-graphql-subscriptions/schema.ts
2026-01-18 18:42:01,146 - Knowledge - INFO - Async storing batch of 6 embeddings
2026-01-18 18:42:01,240 - Knowledge - INFO - process ingested knowledge for /app/data/T0015/307419/b5849in/keystone/examples/logging-opentelemetry/otel.ts
2026-01-18 18:42:01,330 - Knowledge - INFO - process ingested knowledge for /app/data/T0015/307419/b5849in/keystone/examples/omit/package.json
2026-01-18 18:42:01,409 - Knowledge - INFO - process ingested knowledge for /app/data/T0015/307419/b5849in/keystone/examples/document-field-hooks/sandbox.config.json
2026-01-18 18:42:01,500 - Knowledge - INFO - process ingested knowledge for /app/data/T0015/307419/b5849in/keystone/examples/custom-admin-ui-navigation/package.json
2026-01-18 18:42:01,591 - Knowledge - INFO - process ingested knowledge for /app/data/T0015/307419/b5849in/keystone/examples/graphql-codegen/gql/fragment-masking.ts
2026-01-18 18:42:01,695 - Knowledge - INFO - Async storing batch of 6 embeddings
2026-01-18 18:42:01,767 - Knowledge - INFO - process ingested knowledge for /app/data/T0015/307419/b5849in/keystone/examples/logging-opentelemetry/schema.ts
2026-01-18 18:42:01,874 - Knowledge - INFO - process ingested knowledge for /app/data/T0015/307419/b5849in/keystone/examples/custom-session-jwt/schema.ts
2026-01-18 18:42:01,943 - Knowledge - INFO - process ingested knowledge for /app/data/T0015/307419/b5849in/keystone/examples/custom-admin-ui-navigation/sandbox.config.json
2026-01-18 18:42:02,098 - Knowledge - INFO - Processing batch of 5 files
2026-01-18 18:42:02,142 - Knowledge - INFO - process ingested knowledge for /app/data/T0015/307419/b5849in/keystone/examples/extend-graphql-subscriptions/keystone.ts
2026-01-18 18:42:02,289 - Knowledge - INFO - Processing batch of 5 files
2026-01-18 18:42:02,356 - Knowledge - INFO - process ingested knowledge for /app/data/T0015/307419/b5849in/keystone/examples/custom-admin-ui-pages/schema.ts
2026-01-18 18:42:02,476 - Knowledge - INFO - Processing batch of 5 files
2026-01-18 18:42:02,535 - Knowledge - INFO - Async storage completed for 6 embeddings
2026-01-18 18:42:02,616 - Knowledge - INFO - Fast-tracked /app/data/T0015/307419/b5849in/keystone/examples/framework-nextjs-two-servers/nextjs-frontend/next.config.js (ext=.js, size=173)
2026-01-18 18:42:02,713 - Knowledge - INFO - process ingested knowledge for /app/data/T0015/307419/b5849in/keystone/examples/custom-admin-ui-pages/sandbox.config.json
2026-01-18 18:42:02,803 - Knowledge - INFO - Fast-tracked /app/data/T0015/307419/b5849in/keystone/examples/framework-nextjs-two-servers/README.md (ext=.md, size=812)
2026-01-18 18:42:03,031 - Knowledge - INFO - Worker kw2 processing /app/data/T0015/307419/b5849in/keystone/examples/relationships/schema.ts
2026-01-18 18:42:03,044 - Knowledge - INFO - [LLM_CALL] Completed: subscriptions.tsx:chunk1, Duration: 6765ms, PromptTokens: 3034, CompletionTokens: 393, Cost: $0.00046
2026-01-18 18:42:03,106 - Knowledge - INFO - process ingested knowledge for /app/data/T0015/307419/b5849in/keystone/examples/logging-opentelemetry/sandbox.config.json
2026-01-18 18:42:03,222 - Knowledge - INFO - process ingested knowledge for /app/data/T0015/307419/b5849in/keystone/examples/omit/schema.ts
2026-01-18 18:42:03,333 - Knowledge - INFO - process ingested knowledge for /app/data/T0015/307419/b5849in/keystone/examples/document-field-hooks/keystone.ts
2026-01-18 18:42:03,413 - Knowledge - INFO - process ingested knowledge for /app/data/T0015/307419/b5849in/keystone/examples/custom-admin-ui-navigation/schema.ts
2026-01-18 18:42:03,498 - Knowledge - INFO - process ingested knowledge for /app/data/T0015/307419/b5849in/keystone/examples/graphql-codegen/gql/graphql.ts
2026-01-18 18:42:03,582 - Knowledge - INFO - Worker kw8 processing /app/data/T0015/307419/b5849in/keystone/examples/custom-session-passport/schema.ts
2026-01-18 18:42:03,964 - Knowledge - INFO - process ingested knowledge for /app/data/T0015/307419/b5849in/keystone/examples/custom-admin-ui-navigation/keystone.ts
2026-01-18 18:42:03,997 - Knowledge - INFO - process ingested knowledge for /app/data/T0015/307419/b5849in/keystone/examples/custom-id/seed-data.ts
2026-01-18 18:42:04,161 - Knowledge - INFO - process ingested knowledge for /app/data/T0015/307419/b5849in/keystone/examples/script/script.ts
2026-01-18 18:42:04,162 - Knowledge - INFO - process ingested knowledge for /app/data/T0015/307419/b5849in/keystone/examples/transactions/package.json
2026-01-18 18:42:04,347 - Knowledge - INFO - process ingested knowledge for /app/data/T0015/307419/b5849in/keystone/examples/custom-admin-ui-pages/admin/pages/custom-page.tsx
2026-01-18 18:42:04,361 - Knowledge - INFO - process ingested knowledge for /app/data/T0015/307419/b5849in/keystone/examples/framework-nextjs-two-servers/keystone-server/src/schema.ts
2026-01-18 18:42:04,547 - Knowledge - INFO - Async storage completed for 6 embeddings
2026-01-18 18:42:04,725 - Knowledge - INFO - process ingested knowledge for /app/data/T0015/307419/b5849in/keystone/examples/custom-admin-ui-pages/keystone.ts
2026-01-18 18:42:04,756 - Knowledge - INFO - Worker kw19 processing /app/data/T0015/307419/b5849in/keystone/examples/relationships/structure-relationships.tsx
2026-01-18 18:42:04,883 - Knowledge - INFO - Worker kw2 processing /app/data/T0015/307419/b5849in/keystone/examples/relationships/sandbox.config.json
2026-01-18 18:42:04,955 - Knowledge - INFO - done ingest for /app/data/T0015/307419/b5849in/keystone/examples/extend-graphql-subscriptions/admin/pages/subscriptions.tsx
2026-01-18 18:42:04,957 - Knowledge - INFO - [kw6] Queue=113, InProgress=0, PendingWorkers=20/20, Completed=1166/1306 (89.3%)
2026-01-18 18:42:04,957 - Knowledge - INFO - [WEBSOCKET] Sent: Type=progress_update, Size: 295, Duration: 0ms
2026-01-18 18:42:05,075 - Knowledge - INFO - process ingested knowledge for /app/data/T0015/307419/b5849in/keystone/examples/logging-opentelemetry/keystone.ts
2026-01-18 18:42:05,155 - Knowledge - INFO - process ingested knowledge for /app/data/T0015/307419/b5849in/keystone/examples/omit/sandbox.config.json
2026-01-18 18:42:05,266 - Knowledge - INFO - process ingested knowledge for /app/data/T0015/307419/b5849in/keystone/examples/actions/package.json
2026-01-18 18:42:05,385 - Knowledge - INFO - process ingested knowledge for /app/data/T0015/307419/b5849in/keystone/examples/custom-admin-ui-navigation/admin/components/CustomNavigation.tsx
2026-01-18 18:42:05,485 - Knowledge - INFO - process ingested knowledge for /app/data/T0015/307419/b5849in/keystone/examples/graphql-codegen/gql/gql.ts
2026-01-18 18:42:05,592 - Knowledge - INFO - Fast-tracked /app/data/T0015/307419/b5849in/keystone/examples/custom-session-passport/schema.ts (ext=.ts, size=1501)
2026-01-18 18:42:05,697 - Knowledge - INFO - process ingested knowledge for /app/data/T0015/307419/b5849in/keystone/examples/extend-graphql-subscriptions/package.json
2026-01-18 18:42:05,809 - Knowledge - INFO - process ingested knowledge for /app/data/T0015/307419/b5849in/keystone/examples/custom-id/README.md
2026-01-18 18:42:05,879 - Knowledge - INFO - process ingested knowledge for /app/data/T0015/307419/b5849in/keystone/examples/script/README.md
2026-01-18 18:42:05,993 - Knowledge - INFO - process ingested knowledge for /app/data/T0015/307419/b5849in/keystone/examples/transactions/schema.ts
2026-01-18 18:42:06,103 - Knowledge - INFO - process ingested knowledge for /app/data/T0015/307419/b5849in/keystone/examples/custom-admin-ui-pages/admin/components/CustomNavigation.tsx
2026-01-18 18:42:06,206 - Knowledge - INFO - process ingested knowledge for /app/data/T0015/307419/b5849in/keystone/examples/framework-nextjs-two-servers/keystone-server/src/seed/users.json
2026-01-18 18:42:06,393 - Knowledge - INFO - process ingested knowledge for /app/data/T0015/307419/b5849in/keystone/examples/custom-id/package.json
2026-01-18 18:42:06,476 - Knowledge - INFO - Fast-tracked /app/data/T0015/307419/b5849in/keystone/examples/relationships/structure-relationships.tsx (ext=.tsx, size=407)
2026-01-18 18:42:06,551 - Knowledge - INFO - Fast-tracked /app/data/T0015/307419/b5849in/keystone/examples/relationships/sandbox.config.json (ext=.json, size=99)
2026-01-18 18:42:06,760 - Knowledge - INFO - Batch sizing: calculated=5, max_allowed=10, queue=113, active_workers=20/20
2026-01-18 18:42:06,857 - Knowledge - INFO - [WEBSOCKET] Sent: Type=unknown, Size: ?, Duration: 1900ms
2026-01-18 18:42:06,934 - Knowledge - INFO - process ingested knowledge for /app/data/T0015/307419/b5849in/keystone/examples/document-field-hooks/package.json
2026-01-18 18:42:07,031 - Knowledge - INFO - process ingested knowledge for /app/data/T0015/307419/b5849in/keystone/examples/omit/keystone.ts
2026-01-18 18:42:07,128 - Knowledge - INFO - process ingested knowledge for /app/data/T0015/307419/b5849in/keystone/examples/actions/schema.ts
2026-01-18 18:42:07,244 - Knowledge - INFO - process ingested knowledge for /app/data/T0015/307419/b5849in/keystone/examples/custom-admin-ui-navigation/admin/config.ts
2026-01-18 18:42:07,369 - Knowledge - INFO - process ingested knowledge for /app/data/T0015/307419/b5849in/keystone/examples/graphql-codegen/gql/index.ts
2026-01-18 18:42:07,456 - Knowledge - INFO - Worker kw8 processing /app/data/T0015/307419/b5849in/keystone/examples/custom-session-passport/keystone.ts
2026-01-18 18:42:07,541 - Knowledge - INFO - process ingested knowledge for /app/data/T0015/307419/b5849in/keystone/examples/extend-graphql-subscriptions/websocket.ts
2026-01-18 18:42:07,619 - Knowledge - INFO - process ingested knowledge for /app/data/T0015/307419/b5849in/keystone/examples/custom-id/sandbox.config.json
2026-01-18 18:42:07,694 - Knowledge - INFO - process ingested knowledge for /app/data/T0015/307419/b5849in/keystone/examples/script/sandbox.config.json
2026-01-18 18:42:07,803 - Knowledge - INFO - process ingested knowledge for /app/data/T0015/307419/b5849in/keystone/examples/transactions/sandbox.config.json
2026-01-18 18:42:07,888 - Knowledge - INFO - process ingested knowledge for /app/data/T0015/307419/b5849in/keystone/examples/custom-admin-ui-pages/admin/config.ts
2026-01-18 18:42:07,975 - Knowledge - INFO - process ingested knowledge for /app/data/T0015/307419/b5849in/keystone/examples/framework-nextjs-two-servers/keystone-server/src/seed/posts.json
2026-01-18 18:42:08,068 - Knowledge - INFO - process ingested knowledge for /app/data/T0015/307419/b5849in/keystone/examples/custom-id/schema.ts
2026-01-18 18:42:08,162 - Knowledge - INFO - Worker kw19 processing /app/data/T0015/307419/b5849in/keystone/examples/relationships/package.json
2026-01-18 18:42:08,262 - Knowledge - INFO - Worker kw2 processing /app/data/T0015/307419/b5849in/keystone/examples/relationships/keystone.ts
2026-01-18 18:42:08,452 - Knowledge - INFO - Progress: 89.3% | Files: 1169/1306 | Rate: 2.33 files/sec | Queue: 108
2026-01-18 18:42:08,455 - Knowledge - INFO - Async storing batch of 6 embeddings
2026-01-18 18:42:08,475 - Knowledge - INFO - Processing batch of 5 files
2026-01-18 18:42:08,482 - Knowledge - INFO - Processing batch of 5 files
2026-01-18 18:42:08,483 - Knowledge - INFO - Processing batch of 5 files
2026-01-18 18:42:08,535 - Knowledge - INFO - process ingested knowledge for /app/data/T0015/307419/b5849in/keystone/examples/document-field-hooks/schema.ts
2026-01-18 18:42:08,705 - Knowledge - INFO - process ingested knowledge for /app/data/T0015/307419/b5849in/keystone/examples/actions/sandbox.config.json
2026-01-18 18:42:08,946 - Knowledge - INFO - Fast-tracked /app/data/T0015/307419/b5849in/keystone/examples/custom-session-passport/keystone.ts (ext=.ts, size=578)
2026-01-18 18:42:08,971 - Knowledge - INFO - process ingested knowledge for /app/data/T0015/307419/b5849in/keystone/examples/graphql-codegen/codegen.ts
2026-01-18 18:42:09,242 - Knowledge - INFO - process ingested knowledge for /app/data/T0015/307419/b5849in/keystone/examples/custom-id/keystone.ts
2026-01-18 18:42:09,243 - Knowledge - INFO - process ingested knowledge for /app/data/T0015/307419/b5849in/keystone/examples/script/keystone.ts
2026-01-18 18:42:09,724 - Knowledge - INFO - Fast-tracked /app/data/T0015/307419/b5849in/keystone/examples/relationships/package.json (ext=.json, size=471)
2026-01-18 18:42:09,730 - Knowledge - INFO - [kw14] Queue=108, InProgress=0, PendingWorkers=20/20, Completed=1178/1306 (90.2%)
2026-01-18 18:42:09,805 - Knowledge - INFO - Fast-tracked /app/data/T0015/307419/b5849in/keystone/examples/relationships/keystone.ts (ext=.ts, size=398)
2026-01-18 18:42:09,951 - Knowledge - INFO - Worker kw6 processing /app/data/T0015/307419/b5849in/keystone/examples/extend-express-app/README.md
2026-01-18 18:42:10,031 - Knowledge - INFO - process ingested knowledge for /app/data/T0015/307419/b5849in/keystone/examples/framework-nextjs-two-servers/keystone-server/README.md
2026-01-18 18:42:10,035 - Knowledge - INFO - [kw11] Queue=108, InProgress=0, PendingWorkers=20/20, Completed=1178/1306 (90.2%)
2026-01-18 18:42:10,107 - Knowledge - INFO - process ingested knowledge for /app/data/T0015/307419/b5849in/keystone/examples/framework-nextjs-two-servers/nextjs-frontend/src/pages/_app.tsx
2026-01-18 18:42:10,208 - Knowledge - INFO - process ingested knowledge for /app/data/T0015/307419/b5849in/keystone/examples/extend-graphql-subscriptions/schema.ts
2026-01-18 18:42:10,270 - Knowledge - INFO - process ingested knowledge for /app/data/T0015/307419/b5849in/keystone/examples/framework-nextjs-two-servers/keystone-server/src/seed/index.ts
2026-01-18 18:42:10,360 - Knowledge - INFO - [kw20] Queue=108, InProgress=0, PendingWorkers=20/20, Completed=1178/1306 (90.2%)
2026-01-18 18:42:10,512 - Knowledge - INFO - Worker kw8 processing /app/data/T0015/307419/b5849in/keystone/examples/custom-session-passport/auth.ts
2026-01-18 18:42:10,913 - Knowledge - INFO - Async storage completed for 6 embeddings
2026-01-18 18:42:11,037 - Knowledge - INFO - Batch sizing: calculated=5, max_allowed=10, queue=108, active_workers=20/20
2026-01-18 18:42:11,096 - Knowledge - INFO - process ingested knowledge for /app/data/T0015/307419/b5849in/keystone/examples/framework-nextjs-two-servers/package.json
2026-01-18 18:42:11,097 - Knowledge - INFO - [kw3] Queue=108, InProgress=0, PendingWorkers=20/20, Completed=1178/1306 (90.2%)
2026-01-18 18:42:11,097 - Knowledge - INFO - [kw18] Queue=108, InProgress=0, PendingWorkers=20/20, Completed=1178/1306 (90.2%)
2026-01-18 18:42:11,125 - Knowledge - INFO - Worker kw2 processing /app/data/T0015/307419/b5849in/keystone/examples/relationships/structure-relationships-2.tsx
2026-01-18 18:42:11,207 - Knowledge - INFO - Fast-tracked /app/data/T0015/307419/b5849in/keystone/examples/extend-express-app/README.md (ext=.md, size=934)
2026-01-18 18:42:11,366 - Knowledge - INFO - process ingested knowledge for /app/data/T0015/307419/b5849in/keystone/examples/script/package.json
2026-01-18 18:42:11,389 - Knowledge - INFO - Batch sizing: calculated=5, max_allowed=10, queue=108, active_workers=20/20
2026-01-18 18:42:11,523 - Knowledge - INFO - process ingested knowledge for /app/data/T0015/307419/b5849in/keystone/examples/framework-nextjs-two-servers/keystone-server/sandbox.config.json
2026-01-18 18:42:11,605 - Knowledge - INFO - process ingested knowledge for /app/data/T0015/307419/b5849in/keystone/examples/framework-nextjs-two-servers/nextjs-frontend/src/graphql.ts
2026-01-18 18:42:11,605 - Knowledge - INFO - [kw1] Queue=108, InProgress=0, PendingWorkers=20/20, Completed=1178/1306 (90.2%)
2026-01-18 18:42:11,605 - Knowledge - INFO - [kw13] Queue=108, InProgress=0, PendingWorkers=20/20, Completed=1178/1306 (90.2%)
2026-01-18 18:42:11,669 - Knowledge - INFO - process ingested knowledge for /app/data/T0015/307419/b5849in/keystone/examples/extend-graphql-subscriptions/admin/pages/subscriptions.tsx
2026-01-18 18:42:11,737 - Knowledge - INFO - Batch sizing: calculated=5, max_allowed=10, queue=108, active_workers=20/20
2026-01-18 18:42:11,814 - Knowledge - INFO - process ingested knowledge for /app/data/T0015/307419/b5849in/keystone/examples/framework-nextjs-two-servers/keystone-server/package.json
2026-01-18 18:42:11,864 - Knowledge - INFO - Worker kw8 processing /app/data/T0015/307419/b5849in/keystone/examples/extend-express-app/package.json
2026-01-18 18:42:12,140 - Knowledge - INFO - [kw4] Queue=108, InProgress=0, PendingWorkers=20/20, Completed=1179/1306 (90.3%)
2026-01-18 18:42:12,140 - Knowledge - INFO - Async storing batch of 5 embeddings
2026-01-18 18:42:12,140 - Knowledge - INFO - [kw9] Queue=103, InProgress=0, PendingWorkers=20/20, Completed=1181/1306 (90.4%)
2026-01-18 18:42:12,143 - Knowledge - INFO - Processing batch of 5 files
2026-01-18 18:42:12,243 - Knowledge - INFO - Batch sizing: calculated=5, max_allowed=10, queue=108, active_workers=20/20
2026-01-18 18:42:12,327 - Knowledge - INFO - Batch sizing: calculated=5, max_allowed=10, queue=108, active_workers=20/20
2026-01-18 18:42:12,359 - Knowledge - INFO - [kw15] Queue=103, InProgress=0, PendingWorkers=20/20, Completed=1183/1306 (90.6%)
2026-01-18 18:42:12,415 - Knowledge - INFO - Fast-tracked /app/data/T0015/307419/b5849in/keystone/examples/relationships/structure-relationships-2.tsx (ext=.tsx, size=468)
2026-01-18 18:42:12,516 - Knowledge - INFO - Worker kw6 processing /app/data/T0015/307419/b5849in/keystone/examples/extend-express-app/sandbox.config.json
2026-01-18 18:42:12,763 - Knowledge - INFO - Async storing batch of 5 embeddings
2026-01-18 18:42:12,837 - Knowledge - INFO - process ingested knowledge for /app/data/T0015/307419/b5849in/keystone/examples/framework-nextjs-two-servers/keystone-server/keystone.ts
2026-01-18 18:42:12,837 - Knowledge - INFO - [kw10] Queue=98, InProgress=0, PendingWorkers=20/20, Completed=1183/1306 (90.6%)
2026-01-18 18:42:12,841 - Knowledge - INFO - process ingested knowledge for /app/data/T0015/307419/b5849in/keystone/examples/framework-nextjs-two-servers/nextjs-frontend/src/styles/globals.css
2026-01-18 18:42:12,916 - Knowledge - INFO - Batch sizing: calculated=5, max_allowed=10, queue=108, active_workers=20/20
2026-01-18 18:42:12,985 - Knowledge - INFO - Batch sizing: calculated=5, max_allowed=10, queue=108, active_workers=20/20
2026-01-18 18:42:13,128 - Knowledge - INFO - process ingested knowledge for /app/data/T0015/307419/b5849in/keystone/examples/extend-graphql-subscriptions/admin/components/CustomNavigation.tsx
2026-01-18 18:42:13,145 - Knowledge - INFO - Async storing batch of 6 embeddings
2026-01-18 18:42:13,148 - Knowledge - INFO - [kw5] Queue=93, InProgress=0, PendingWorkers=20/20, Completed=1183/1306 (90.6%)
2026-01-18 18:42:13,370 - Knowledge - INFO - Fast-tracked /app/data/T0015/307419/b5849in/keystone/examples/extend-express-app/package.json (ext=.json, size=512)
2026-01-18 18:42:13,459 - Knowledge - INFO - Batch sizing: calculated=5, max_allowed=10, queue=108, active_workers=20/20
2026-01-18 18:42:13,558 - Knowledge - INFO - Worker kw14 processing /app/data/T0015/307419/b5849in/keystone/examples/number-fields/sandbox.config.json
2026-01-18 18:42:13,632 - Knowledge - INFO - Batch sizing: calculated=5, max_allowed=10, queue=103, active_workers=20/20
2026-01-18 18:42:13,716 - Knowledge - INFO - process ingested knowledge for /app/data/T0015/307419/b5849in/keystone/examples/framework-nextjs-two-servers/nextjs-frontend/tsconfig.json
2026-01-18 18:42:13,787 - Knowledge - INFO - [kw12] Queue=93, InProgress=0, PendingWorkers=20/20, Completed=1183/1306 (90.6%)
2026-01-18 18:42:13,824 - Knowledge - INFO - Async storing batch of 5 embeddings
2026-01-18 18:42:13,904 - Knowledge - INFO - Async storing batch of 5 embeddings
2026-01-18 18:42:13,991 - Knowledge - INFO - Batch sizing: calculated=5, max_allowed=10, queue=103, active_workers=20/20
2026-01-18 18:42:14,074 - Knowledge - INFO - Worker kw2 processing /app/data/T0015/307419/b5849in/keystone/examples/custom-session-passport/package.json
2026-01-18 18:42:14,156 - Knowledge - INFO - Fast-tracked /app/data/T0015/307419/b5849in/keystone/examples/extend-express-app/sandbox.config.json (ext=.json, size=99)
2026-01-18 18:42:14,243 - Knowledge - INFO - Worker kw11 processing /app/data/T0015/307419/b5849in/keystone/examples/singleton/seed-data.ts
2026-01-18 18:42:14,373 - Knowledge - INFO - process ingested knowledge for /app/data/T0015/307419/b5849in/keystone/examples/framework-nextjs-two-servers/nextjs-frontend/src/pages/blog/[slug].tsx
2026-01-18 18:42:14,449 - Knowledge - INFO - Batch sizing: calculated=4, max_allowed=10, queue=98, active_workers=20/20
2026-01-18 18:42:14,552 - Knowledge - INFO - process ingested knowledge for /app/data/T0015/307419/b5849in/keystone/examples/framework-nextjs-two-servers/nextjs-frontend/package.json
2026-01-18 18:42:14,647 - Knowledge - INFO - Async storing batch of 5 embeddings
2026-01-18 18:42:14,742 - Knowledge - INFO - Async storing batch of 5 embeddings
2026-01-18 18:42:14,856 - Knowledge - INFO - process ingested knowledge for /app/data/T0015/307419/b5849in/keystone/examples/extend-graphql-subscriptions/admin/config.ts
2026-01-18 18:42:14,975 - Knowledge - INFO - Worker kw20 processing /app/data/T0015/307419/b5849in/keystone/examples/virtual-field-banner/schema.ts
2026-01-18 18:42:15,083 - Knowledge - INFO - Batch sizing: calculated=4, max_allowed=10, queue=93, active_workers=20/20
2026-01-18 18:42:15,176 - Knowledge - INFO - Worker kw8 processing /app/data/T0015/307419/b5849in/keystone/examples/extend-express-app/schema.ts
2026-01-18 18:42:15,295 - Knowledge - INFO - Async storing batch of 5 embeddings
2026-01-18 18:42:15,378 - Knowledge - INFO - Fast-tracked /app/data/T0015/307419/b5849in/keystone/examples/number-fields/sandbox.config.json (ext=.json, size=99)
2026-01-18 18:42:15,446 - Knowledge - INFO - Async storing batch of 5 embeddings
2026-01-18 18:42:15,563 - Knowledge - INFO - process ingested knowledge for /app/data/T0015/307419/b5849in/keystone/examples/framework-nextjs-two-servers/nextjs-frontend/README.md
2026-01-18 18:42:15,660 - Knowledge - INFO - Batch sizing: calculated=4, max_allowed=10, queue=93, active_workers=20/20
2026-01-18 18:42:15,725 - Knowledge - INFO - Worker kw3 processing /app/data/T0015/307419/b5849in/keystone/examples/custom-session-invalidation/schema.ts
2026-01-18 18:42:15,835 - Knowledge - INFO - Worker kw18 processing /app/data/T0015/307419/b5849in/keystone/examples/assets-local/schema.ts
2026-01-18 18:42:15,949 - Knowledge - INFO - Async storing batch of 6 embeddings
2026-01-18 18:42:16,046 - Knowledge - INFO - Fast-tracked /app/data/T0015/307419/b5849in/keystone/examples/custom-session-passport/package.json (ext=.json, size=698)
2026-01-18 18:42:16,153 - Knowledge - INFO - Worker kw6 processing /app/data/T0015/307419/b5849in/keystone/examples/extend-express-app/keystone.ts
2026-01-18 18:42:16,240 - Knowledge - INFO - Fast-tracked /app/data/T0015/307419/b5849in/keystone/examples/singleton/seed-data.ts (ext=.ts, size=792)
2026-01-18 18:42:16,330 - Knowledge - INFO - process ingested knowledge for /app/data/T0015/307419/b5849in/keystone/examples/framework-nextjs-two-servers/nextjs-frontend/src/pages/index.tsx
2026-01-18 18:42:16,424 - Knowledge - INFO - Async storing batch of 5 embeddings
2026-01-18 18:42:16,495 - Knowledge - INFO - process ingested knowledge for /app/data/T0015/307419/b5849in/keystone/examples/framework-nextjs-two-servers/nextjs-frontend/next.config.js
2026-01-18 18:42:16,577 - Knowledge - INFO - Worker kw1 processing /app/data/T0015/307419/b5849in/keystone/examples/usecase-roles/README.md
2026-01-18 18:42:16,689 - Knowledge - INFO - Worker kw13 processing /app/data/T0015/307419/b5849in/keystone/examples/empty-lists/schema.ts
2026-01-18 18:42:16,809 - Knowledge - INFO - process ingested knowledge for /app/data/T0015/307419/b5849in/keystone/examples/extend-graphql-subscriptions/README.md
2026-01-18 18:42:16,897 - Knowledge - INFO - Fast-tracked /app/data/T0015/307419/b5849in/keystone/examples/virtual-field-banner/schema.ts (ext=.ts, size=1368)
2026-01-18 18:42:16,982 - Knowledge - INFO - Async storing batch of 5 embeddings
2026-01-18 18:42:17,072 - Knowledge - INFO - Fast-tracked /app/data/T0015/307419/b5849in/keystone/examples/extend-express-app/schema.ts (ext=.ts, size=369)
2026-01-18 18:42:17,178 - Knowledge - INFO - Worker kw4 processing /app/data/T0015/307419/b5849in/keystone/examples/auth-magic-link/sandbox.config.json
2026-01-18 18:42:17,263 - Knowledge - INFO - Worker kw14 processing /app/data/T0015/307419/b5849in/keystone/examples/number-fields/keystone.ts
2026-01-18 18:42:17,367 - Knowledge - INFO - Worker kw9 processing /app/data/T0015/307419/b5849in/keystone/examples/logging/sandbox.config.json
2026-01-18 18:42:17,445 - Knowledge - INFO - process ingested knowledge for /app/data/T0015/307419/b5849in/keystone/examples/framework-nextjs-two-servers/README.md
2026-01-18 18:42:17,516 - Knowledge - INFO - Async storing batch of 5 embeddings
2026-01-18 18:42:17,612 - Knowledge - INFO - Worker kw3 processing /app/data/T0015/307419/b5849in/keystone/examples/custom-session-invalidation/README.md
2026-01-18 18:42:17,705 - Knowledge - INFO - Fast-tracked /app/data/T0015/307419/b5849in/keystone/examples/assets-local/schema.ts (ext=.ts, size=1135)
2026-01-18 18:42:17,790 - Knowledge - INFO - Worker kw15 processing /app/data/T0015/307419/b5849in/keystone/examples/framework-nextjs-app-directory/src/keystone/seed.ts
2026-01-18 18:42:17,874 - Knowledge - INFO - Fast-tracked /app/data/T0015/307419/b5849in/keystone/examples/relationships/schema.ts (small file (2719 bytes))
2026-01-18 18:42:17,951 - Knowledge - INFO - Worker kw6 processing /app/data/T0015/307419/b5849in/keystone/examples/number-fields/package.json
2026-01-18 18:42:18,018 - Knowledge - INFO - Worker kw11 processing /app/data/T0015/307419/b5849in/keystone/examples/singleton/README.md
2026-01-18 18:42:18,237 - Knowledge - INFO - Worker kw10 processing /app/data/T0015/307419/b5849in/keystone/examples/framework-nextjs-app-directory/src/app/layout.tsx
2026-01-18 18:42:18,410 - Knowledge - INFO - Fast-tracked /app/data/T0015/307419/b5849in/keystone/examples/usecase-roles/README.md (ext=.md, size=1017)
2026-01-18 18:42:18,528 - Knowledge - INFO - Worker kw13 processing /app/data/T0015/307419/b5849in/keystone/examples/empty-lists/sandbox.config.json
2026-01-18 18:42:18,686 - Knowledge - INFO - Worker kw20 processing /app/data/T0015/307419/b5849in/keystone/examples/virtual-field-banner/sandbox.config.json
2026-01-18 18:42:18,807 - Knowledge - INFO - Worker kw5 processing /app/data/T0015/307419/b5849in/keystone/examples/framework-nextjs-app-directory/next.config.mjs
2026-01-18 18:42:18,890 - Knowledge - INFO - [kw16] Queue=46, InProgress=0, PendingWorkers=20/20, Completed=1183/1306 (90.6%)
2026-01-18 18:42:18,922 - Knowledge - INFO - Fast-tracked /app/data/T0015/307419/b5849in/keystone/examples/custom-session-passport/auth.ts (small file (2559 bytes))
2026-01-18 18:42:19,058 - Knowledge - INFO - Fast-tracked /app/data/T0015/307419/b5849in/keystone/examples/auth-magic-link/sandbox.config.json (ext=.json, size=99)
2026-01-18 18:42:19,107 - Knowledge - INFO - [kw7] Queue=46, InProgress=0, PendingWorkers=20/20, Completed=1183/1306 (90.6%)
2026-01-18 18:42:19,144 - Knowledge - INFO - Fast-tracked /app/data/T0015/307419/b5849in/keystone/examples/number-fields/keystone.ts (ext=.ts, size=340)
2026-01-18 18:42:19,257 - Knowledge - INFO - Fast-tracked /app/data/T0015/307419/b5849in/keystone/examples/logging/sandbox.config.json (ext=.json, size=99)
2026-01-18 18:42:19,346 - Knowledge - INFO - process ingested knowledge for /app/data/T0015/307419/b5849in/keystone/examples/relationships/structure-relationships.tsx
2026-01-18 18:42:19,381 - Knowledge - INFO - [kw17] Queue=46, InProgress=0, PendingWorkers=20/20, Completed=1183/1306 (90.6%)
2026-01-18 18:42:19,452 - Knowledge - INFO - Worker kw12 processing /app/data/T0015/307419/b5849in/keystone/examples/custom-session-next-auth/session.ts
2026-01-18 18:42:19,572 - Knowledge - INFO - Fast-tracked /app/data/T0015/307419/b5849in/keystone/examples/custom-session-invalidation/README.md (ext=.md, size=5483)
2026-01-18 18:42:19,656 - Knowledge - INFO - Worker kw18 processing /app/data/T0015/307419/b5849in/keystone/examples/assets-local/sandbox.config.json
2026-01-18 18:42:19,747 - Knowledge - INFO - Fast-tracked /app/data/T0015/307419/b5849in/keystone/examples/framework-nextjs-app-directory/src/keystone/seed.ts (ext=.ts, size=353)
2026-01-18 18:42:19,832 - Knowledge - INFO - Async storage completed for 6 embeddings
2026-01-18 18:42:19,976 - Knowledge - INFO - Fast-tracked /app/data/T0015/307419/b5849in/keystone/examples/number-fields/package.json (ext=.json, size=426)
2026-01-18 18:42:20,095 - Knowledge - INFO - Fast-tracked /app/data/T0015/307419/b5849in/keystone/examples/singleton/README.md (ext=.md, size=28)
2026-01-18 18:42:20,174 - Knowledge - INFO - Fast-tracked /app/data/T0015/307419/b5849in/keystone/examples/framework-nextjs-app-directory/src/app/layout.tsx (ext=.tsx, size=684)
2026-01-18 18:42:20,251 - Knowledge - INFO - Worker kw1 processing /app/data/T0015/307419/b5849in/keystone/examples/usecase-roles/sandbox.config.json
2026-01-18 18:42:20,358 - Knowledge - INFO - Fast-tracked /app/data/T0015/307419/b5849in/keystone/examples/empty-lists/sandbox.config.json (ext=.json, size=99)
2026-01-18 18:42:20,436 - Knowledge - INFO - Fast-tracked /app/data/T0015/307419/b5849in/keystone/examples/virtual-field-banner/sandbox.config.json (ext=.json, size=99)
2026-01-18 18:42:20,519 - Knowledge - INFO - Fast-tracked /app/data/T0015/307419/b5849in/keystone/examples/framework-nextjs-app-directory/next.config.mjs (ext=.mjs, size=305)
2026-01-18 18:42:20,611 - Knowledge - INFO - Batch sizing: calculated=4, max_allowed=10, queue=46, active_workers=20/20
2026-01-18 18:42:20,726 - Knowledge - INFO - Async storage completed for 6 embeddings
2026-01-18 18:42:20,813 - Knowledge - INFO - Worker kw4 processing /app/data/T0015/307419/b5849in/keystone/examples/auth-magic-link/keystone.ts
2026-01-18 18:42:20,903 - Knowledge - INFO - Batch sizing: calculated=4, max_allowed=10, queue=46, active_workers=20/20
2026-01-18 18:42:20,986 - Knowledge - INFO - Worker kw14 processing /app/data/T0015/307419/b5849in/keystone/examples/README.md
2026-01-18 18:42:21,103 - Knowledge - INFO - Worker kw9 processing /app/data/T0015/307419/b5849in/keystone/examples/logging/keystone.ts
2026-01-18 18:42:21,177 - Knowledge - INFO - process ingested knowledge for /app/data/T0015/307419/b5849in/keystone/examples/relationships/package.json
2026-01-18 18:42:21,271 - Knowledge - INFO - Batch sizing: calculated=4, max_allowed=10, queue=46, active_workers=20/20
2026-01-18 18:42:21,389 - Knowledge - INFO - Worker kw12 processing /app/data/T0015/307419/b5849in/keystone/examples/custom-session-next-auth/admin/pages/api/auth/[...nextauth].ts
2026-01-18 18:42:21,488 - Knowledge - INFO - Worker kw3 processing /app/data/T0015/307419/b5849in/keystone/examples/custom-session-invalidation/sandbox.config.json
2026-01-18 18:42:21,568 - Knowledge - INFO - Fast-tracked /app/data/T0015/307419/b5849in/keystone/examples/assets-local/sandbox.config.json (ext=.json, size=99)
2026-01-18 18:42:21,650 - Knowledge - INFO - Worker kw15 processing /app/data/T0015/307419/b5849in/keystone/examples/framework-nextjs-app-directory/src/keystone/schema.ts
2026-01-18 18:42:21,795 - Knowledge - INFO - Processing batch of 5 files
2026-01-18 18:42:21,848 - Knowledge - INFO - Worker kw6 processing /app/data/T0015/307419/b5849in/keystone/examples/number-fields/schema.ts
2026-01-18 18:42:21,915 - Knowledge - INFO - Worker kw11 processing /app/data/T0015/307419/b5849in/keystone/examples/singleton/sandbox.config.json
2026-01-18 18:42:21,998 - Knowledge - INFO - Worker kw10 processing /app/data/T0015/307419/b5849in/keystone/examples/framework-nextjs-app-directory/package.json
2026-01-18 18:42:22,114 - Knowledge - INFO - Fast-tracked /app/data/T0015/307419/b5849in/keystone/examples/usecase-roles/sandbox.config.json (ext=.json, size=99)
2026-01-18 18:42:22,197 - Knowledge - INFO - Worker kw13 processing /app/data/T0015/307419/b5849in/keystone/examples/empty-lists/keystone.ts
2026-01-18 18:42:22,273 - Knowledge - INFO - Worker kw20 processing /app/data/T0015/307419/b5849in/keystone/examples/virtual-field-banner/keystone.ts
2026-01-18 18:42:22,344 - Knowledge - INFO - Worker kw5 processing /app/data/T0015/307419/b5849in/keystone/examples/framework-nextjs-app-directory/keystone.ts
2026-01-18 18:42:22,454 - Knowledge - INFO - Async storing batch of 5 embeddings
2026-01-18 18:42:22,603 - Knowledge - INFO - Processing batch of 5 files
2026-01-18 18:42:22,677 - Knowledge - INFO - Worker kw4 processing /app/data/T0015/307419/b5849in/keystone/examples/logging/package.json
2026-01-18 18:42:22,757 - Knowledge - INFO - Async storing batch of 5 embeddings
2026-01-18 18:42:22,841 - Knowledge - INFO - Fast-tracked /app/data/T0015/307419/b5849in/keystone/examples/README.md (ext=.md, size=786)
2026-01-18 18:42:22,940 - Knowledge - INFO - Worker kw9 processing /app/data/T0015/307419/b5849in/keystone/examples/framework-nextjs-app-directory/src/pages/api/graphql.ts
2026-01-18 18:42:23,116 - Knowledge - INFO - Async storing batch of 5 embeddings
2026-01-18 18:42:23,206 - Knowledge - INFO - Fast-tracked /app/data/T0015/307419/b5849in/keystone/examples/custom-session-next-auth/admin/pages/api/auth/[...nextauth].ts (ext=.ts, size=1474)
2026-01-18 18:42:23,299 - Knowledge - INFO - Fast-tracked /app/data/T0015/307419/b5849in/keystone/examples/custom-session-invalidation/sandbox.config.json (ext=.json, size=99)
2026-01-18 18:42:23,421 - Knowledge - INFO - Worker kw18 processing /app/data/T0015/307419/b5849in/keystone/examples/assets-local/keystone.ts
2026-01-18 18:42:23,534 - Knowledge - INFO - Fast-tracked /app/data/T0015/307419/b5849in/keystone/examples/framework-nextjs-app-directory/src/keystone/schema.ts (ext=.ts, size=941)
2026-01-18 18:42:23,546 - Knowledge - INFO - [WEBSOCKET] Sent: Type=progress_update, Size: 296, Duration: 0ms
2026-01-18 18:42:23,617 - Knowledge - INFO - process ingested knowledge for /app/data/T0015/307419/b5849in/keystone/examples/relationships/schema.ts
2026-01-18 18:42:23,725 - Knowledge - INFO - Fast-tracked /app/data/T0015/307419/b5849in/keystone/examples/number-fields/schema.ts (ext=.ts, size=1298)
2026-01-18 18:42:23,807 - Knowledge - INFO - Fast-tracked /app/data/T0015/307419/b5849in/keystone/examples/singleton/sandbox.config.json (ext=.json, size=99)
2026-01-18 18:42:23,901 - Knowledge - INFO - Fast-tracked /app/data/T0015/307419/b5849in/keystone/examples/framework-nextjs-app-directory/package.json (ext=.json, size=1045)
2026-01-18 18:42:23,974 - Knowledge - INFO - Worker kw1 processing /app/data/T0015/307419/b5849in/keystone/examples/usecase-roles/keystone.ts
2026-01-18 18:42:24,086 - Knowledge - INFO - Fast-tracked /app/data/T0015/307419/b5849in/keystone/examples/empty-lists/keystone.ts (ext=.ts, size=399)
2026-01-18 18:42:24,168 - Knowledge - INFO - Fast-tracked /app/data/T0015/307419/b5849in/keystone/examples/virtual-field-banner/keystone.ts (ext=.ts, size=340)
2026-01-18 18:42:24,260 - Knowledge - INFO - Fast-tracked /app/data/T0015/307419/b5849in/keystone/examples/framework-nextjs-app-directory/keystone.ts (ext=.ts, size=564)
2026-01-18 18:42:24,352 - Knowledge - INFO - Worker kw16 processing /app/data/T0015/307419/b5849in/keystone/examples/extend-prisma-schema/package.json
2026-01-18 18:42:24,456 - Knowledge - INFO - process ingested knowledge for /app/data/T0015/307419/b5849in/keystone/examples/custom-session-passport/schema.ts
2026-01-18 18:42:24,540 - Knowledge - INFO - Fast-tracked /app/data/T0015/307419/b5849in/keystone/examples/logging/package.json (ext=.json, size=485)
2026-01-18 18:42:24,644 - Knowledge - INFO - Worker kw7 processing /app/data/T0015/307419/b5849in/keystone/examples/extend-prisma-schema/keystone.ts
2026-01-18 18:42:24,724 - Knowledge - INFO - Worker kw14 processing /app/data/T0015/307419/b5849in/keystone/examples/singleton/package.json
2026-01-18 18:42:24,839 - Knowledge - INFO - Fast-tracked /app/data/T0015/307419/b5849in/keystone/examples/framework-nextjs-app-directory/src/pages/api/graphql.ts (ext=.ts, size=1068)
2026-01-18 18:42:24,918 - Knowledge - INFO - Worker kw17 processing /app/data/T0015/307419/b5849in/keystone/examples/document-field-customisation/keystone-server/src/component-blocks/tweet.tsx
2026-01-18 18:42:25,038 - Knowledge - INFO - Worker kw12 processing /app/data/T0015/307419/b5849in/keystone/examples/custom-session-next-auth/sandbox.config.json
2026-01-18 18:42:25,109 - Knowledge - INFO - Worker kw3 processing /app/data/T0015/307419/b5849in/keystone/examples/custom-session-invalidation/keystone.ts
2026-01-18 18:42:25,213 - Knowledge - INFO - Fast-tracked /app/data/T0015/307419/b5849in/keystone/examples/assets-local/keystone.ts (ext=.ts, size=908)
2026-01-18 18:42:25,305 - Knowledge - INFO - Worker kw15 processing /app/data/T0015/307419/b5849in/keystone/examples/framework-nextjs-app-directory/src/util/request.ts
2026-01-18 18:42:25,397 - Knowledge - INFO - [WEBSOCKET] Sent: Type=unknown, Size: ?, Duration: 1851ms
2026-01-18 18:42:25,484 - Knowledge - INFO - process ingested knowledge for /app/data/T0015/307419/b5849in/keystone/examples/relationships/sandbox.config.json
2026-01-18 18:42:25,577 - Knowledge - INFO - Fast-tracked /app/data/T0015/307419/b5849in/keystone/examples/extend-express-app/keystone.ts (small file (2346 bytes))
2026-01-18 18:42:25,655 - Knowledge - INFO - Worker kw11 processing /app/data/T0015/307419/b5849in/keystone/examples/singleton/keystone.ts
2026-01-18 18:42:25,730 - Knowledge - INFO - Worker kw10 processing /app/data/T0015/307419/b5849in/keystone/examples/framework-nextjs-app-directory/tsconfig.json
2026-01-18 18:42:25,834 - Knowledge - INFO - Worker kw1 processing /app/data/T0015/307419/b5849in/keystone/examples/usecase-roles/access.ts
2026-01-18 18:42:25,918 - Knowledge - INFO - Worker kw13 processing /app/data/T0015/307419/b5849in/keystone/examples/auth-magic-link/package.json
2026-01-18 18:42:26,020 - Knowledge - INFO - Worker kw20 processing /app/data/T0015/307419/b5849in/keystone/examples/virtual-field-banner/banner-field/views.tsx
2026-01-18 18:42:26,141 - Knowledge - INFO - Worker kw5 processing /app/data/T0015/307419/b5849in/keystone/examples/custom-session-next-auth/package.json
2026-01-18 18:42:26,224 - Knowledge - INFO - Fast-tracked /app/data/T0015/307419/b5849in/keystone/examples/extend-prisma-schema/package.json (ext=.json, size=478)
2026-01-18 18:42:26,346 - Knowledge - INFO - process ingested knowledge for /app/data/T0015/307419/b5849in/keystone/examples/custom-session-passport/keystone.ts
2026-01-18 18:42:26,428 - Knowledge - INFO - Worker kw4 processing /app/data/T0015/307419/b5849in/keystone/examples/logging/schema.ts
2026-01-18 18:42:26,519 - Knowledge - INFO - Fast-tracked /app/data/T0015/307419/b5849in/keystone/examples/extend-prisma-schema/keystone.ts (ext=.ts, size=615)
2026-01-18 18:42:26,614 - Knowledge - INFO - Fast-tracked /app/data/T0015/307419/b5849in/keystone/examples/singleton/package.json (ext=.json, size=480)
2026-01-18 18:42:26,688 - Knowledge - INFO - Worker kw9 processing /app/data/T0015/307419/b5849in/keystone/examples/framework-nextjs-app-directory/src/styles/globals.css
2026-01-18 18:42:26,777 - Knowledge - INFO - Fast-tracked /app/data/T0015/307419/b5849in/keystone/examples/document-field-customisation/keystone-server/src/component-blocks/tweet.tsx (ext=.tsx, size=1074)
2026-01-18 18:42:26,862 - Knowledge - INFO - Fast-tracked /app/data/T0015/307419/b5849in/keystone/examples/custom-session-next-auth/sandbox.config.json (ext=.json, size=99)
2026-01-18 18:42:26,948 - Knowledge - INFO - Worker kw3 processing /app/data/T0015/307419/b5849in/keystone/examples/assets-local/package.json
2026-01-18 18:42:27,024 - Knowledge - INFO - Worker kw18 processing /app/data/T0015/307419/b5849in/keystone/examples/usecase-roles/package.json
2026-01-18 18:42:27,106 - Knowledge - INFO - Fast-tracked /app/data/T0015/307419/b5849in/keystone/examples/framework-nextjs-app-directory/src/util/request.ts (ext=.ts, size=106)
2026-01-18 18:42:27,200 - Knowledge - INFO - Progress: 91.3% | Files: 1193/1306 | Rate: 2.30 files/sec | Queue: 34
2026-01-18 18:42:27,275 - Knowledge - INFO - process ingested knowledge for /app/data/T0015/307419/b5849in/keystone/examples/relationships/keystone.ts
2026-01-18 18:42:27,364 - Knowledge - INFO - Async storage completed for 6 embeddings
2026-01-18 18:42:27,451 - Knowledge - INFO - Fast-tracked /app/data/T0015/307419/b5849in/keystone/examples/singleton/keystone.ts (ext=.ts, size=398)
2026-01-18 18:42:27,519 - Knowledge - INFO - Fast-tracked /app/data/T0015/307419/b5849in/keystone/examples/framework-nextjs-app-directory/tsconfig.json (ext=.json, size=599)
2026-01-18 18:42:27,597 - Knowledge - INFO - Worker kw1 processing /app/data/T0015/307419/b5849in/keystone/examples/empty-lists/package.json
2026-01-18 18:42:27,681 - Knowledge - INFO - Fast-tracked /app/data/T0015/307419/b5849in/keystone/examples/auth-magic-link/package.json (ext=.json, size=537)
2026-01-18 18:42:27,792 - Knowledge - INFO - Fast-tracked /app/data/T0015/307419/b5849in/keystone/examples/virtual-field-banner/banner-field/views.tsx (ext=.tsx, size=1133)
2026-01-18 18:42:27,875 - Knowledge - INFO - Fast-tracked /app/data/T0015/307419/b5849in/keystone/examples/custom-session-next-auth/package.json (ext=.json, size=466)
2026-01-18 18:42:27,974 - Knowledge - INFO - Worker kw16 processing /app/data/T0015/307419/b5849in/keystone/examples/extend-prisma-schema/schema.ts
2026-01-18 18:42:28,096 - Knowledge - INFO - process ingested knowledge for /app/data/T0015/307419/b5849in/keystone/examples/custom-session-passport/auth.ts
2026-01-18 18:42:28,169 - Knowledge - INFO - Fast-tracked /app/data/T0015/307419/b5849in/keystone/examples/logging/schema.ts (ext=.ts, size=368)
2026-01-18 18:42:28,251 - Knowledge - INFO - Worker kw7 processing /app/data/T0015/307419/b5849in/keystone/examples/document-field-customisation/package.json
2026-01-18 18:42:28,320 - Knowledge - INFO - Worker kw14 processing /app/data/T0015/307419/b5849in/keystone/examples/singleton/schema.ts
2026-01-18 18:42:28,447 - Knowledge - INFO - Fast-tracked /app/data/T0015/307419/b5849in/keystone/examples/framework-nextjs-app-directory/src/styles/globals.css (ext=.css, size=562)
2026-01-18 18:42:28,531 - Knowledge - INFO - Worker kw17 processing /app/data/T0015/307419/b5849in/keystone/examples/document-field-customisation/keystone-server/src/component-blocks/youtube-video.tsx
2026-01-18 18:42:28,620 - Knowledge - INFO - Worker kw12 processing /app/data/T0015/307419/b5849in/keystone/examples/custom-session-next-auth/keystone.ts
2026-01-18 18:42:28,733 - Knowledge - INFO - Fast-tracked /app/data/T0015/307419/b5849in/keystone/examples/assets-local/package.json (ext=.json, size=538)
2026-01-18 18:42:28,806 - Knowledge - INFO - Fast-tracked /app/data/T0015/307419/b5849in/keystone/examples/usecase-roles/package.json (ext=.json, size=460)
2026-01-18 18:42:28,914 - Knowledge - INFO - Worker kw15 processing /app/data/T0015/307419/b5849in/keystone/examples/framework-nextjs-app-directory/src/app/DocumentRender.tsx
2026-01-18 18:42:29,036 - Knowledge - INFO - [kw19] Queue=34, InProgress=0, PendingWorkers=20/20, Completed=1193/1306 (91.3%)
2026-01-18 18:42:29,119 - Knowledge - INFO - process ingested knowledge for /app/data/T0015/307419/b5849in/keystone/examples/relationships/structure-relationships-2.tsx
2026-01-18 18:42:29,262 - Knowledge - INFO - Processing batch of 5 files
2026-01-18 18:42:29,340 - Knowledge - INFO - Worker kw11 processing /app/data/T0015/307419/b5849in/keystone/examples/virtual-field-banner/package.json
2026-01-18 18:42:29,431 - Knowledge - INFO - Worker kw10 processing /app/data/T0015/307419/b5849in/keystone/examples/framework-nextjs-app-directory/README.md
2026-01-18 18:42:29,513 - Knowledge - INFO - Fast-tracked /app/data/T0015/307419/b5849in/keystone/examples/empty-lists/package.json (ext=.json, size=424)
2026-01-18 18:42:29,613 - Knowledge - INFO - Worker kw13 processing /app/data/T0015/307419/b5849in/keystone/examples/auth-magic-link/schema.ts
2026-01-18 18:42:29,688 - Knowledge - INFO - Worker kw20 processing /app/data/T0015/307419/b5849in/keystone/examples/custom-session-invalidation/package.json
2026-01-18 18:42:29,765 - Knowledge - INFO - Worker kw5 processing /app/data/T0015/307419/b5849in/keystone/examples/custom-session-next-auth/schema.ts
2026-01-18 18:42:29,886 - Knowledge - INFO - Fast-tracked /app/data/T0015/307419/b5849in/keystone/examples/extend-prisma-schema/schema.ts (ext=.ts, size=1320)
2026-01-18 18:42:30,004 - Knowledge - INFO - process ingested knowledge for /app/data/T0015/307419/b5849in/keystone/examples/extend-express-app/package.json
2026-01-18 18:42:30,082 - Knowledge - INFO - Worker kw4 processing /app/data/T0015/307419/b5849in/keystone/examples/logging/README.md
2026-01-18 18:42:30,151 - Knowledge - INFO - Fast-tracked /app/data/T0015/307419/b5849in/keystone/examples/document-field-customisation/package.json (ext=.json, size=305)
2026-01-18 18:42:30,228 - Knowledge - INFO - Fast-tracked /app/data/T0015/307419/b5849in/keystone/examples/singleton/schema.ts (ext=.ts, size=693)
2026-01-18 18:42:30,298 - Knowledge - INFO - Worker kw9 processing /app/data/T0015/307419/b5849in/keystone/examples/framework-nextjs-app-directory/src/keystone/context.ts
2026-01-18 18:42:30,414 - Knowledge - INFO - Fast-tracked /app/data/T0015/307419/b5849in/keystone/examples/document-field-customisation/keystone-server/src/component-blocks/youtube-video.tsx (ext=.tsx, size=1563)
2026-01-18 18:42:30,507 - Knowledge - INFO - Fast-tracked /app/data/T0015/307419/b5849in/keystone/examples/custom-session-next-auth/keystone.ts (ext=.ts, size=1476)
2026-01-18 18:42:30,594 - Knowledge - INFO - Fast-tracked /app/data/T0015/307419/b5849in/keystone/examples/custom-session-invalidation/schema.ts (small file (2175 bytes))
2026-01-18 18:42:30,710 - Knowledge - INFO - Worker kw18 processing /app/data/T0015/307419/b5849in/keystone/examples/usecase-roles/schema.ts
2026-01-18 18:42:30,817 - Knowledge - INFO - Fast-tracked /app/data/T0015/307419/b5849in/keystone/examples/framework-nextjs-app-directory/src/app/DocumentRender.tsx (ext=.tsx, size=717)
2026-01-18 18:42:30,895 - Knowledge - INFO - Batch sizing: calculated=4, max_allowed=10, queue=34, active_workers=20/20
2026-01-18 18:42:30,970 - Knowledge - INFO - process ingested knowledge for /app/data/T0015/307419/b5849in/keystone/examples/custom-session-passport/package.json
2026-01-18 18:42:31,058 - Knowledge - INFO - process ingested knowledge for /app/data/T0015/307419/b5849in/keystone/examples/extend-express-app/README.md
2026-01-18 18:42:31,143 - Knowledge - INFO - Fast-tracked /app/data/T0015/307419/b5849in/keystone/examples/virtual-field-banner/package.json (ext=.json, size=463)
2026-01-18 18:42:31,245 - Knowledge - INFO - Fast-tracked /app/data/T0015/307419/b5849in/keystone/examples/framework-nextjs-app-directory/README.md (ext=.md, size=2898)
2026-01-18 18:42:31,329 - Knowledge - INFO - Fast-tracked /app/data/T0015/307419/b5849in/keystone/examples/usecase-roles/keystone.ts (small file (2460 bytes))
2026-01-18 18:42:31,455 - Knowledge - INFO - Fast-tracked /app/data/T0015/307419/b5849in/keystone/examples/empty-lists/schema.ts (small file (2622 bytes))
2026-01-18 18:42:31,579 - Knowledge - INFO - Fast-tracked /app/data/T0015/307419/b5849in/keystone/examples/custom-session-invalidation/package.json (ext=.json, size=474)
2026-01-18 18:42:31,664 - Knowledge - INFO - Fast-tracked /app/data/T0015/307419/b5849in/keystone/examples/custom-session-next-auth/schema.ts (ext=.ts, size=1508)
2026-01-18 18:42:31,751 - Knowledge - INFO - Worker kw16 processing /app/data/T0015/307419/b5849in/keystone/examples/extend-prisma-schema/README.md
2026-01-18 18:42:31,843 - Knowledge - INFO - process ingested knowledge for /app/data/T0015/307419/b5849in/keystone/examples/extend-express-app/schema.ts
2026-01-18 18:42:31,930 - Knowledge - INFO - Fast-tracked /app/data/T0015/307419/b5849in/keystone/examples/logging/README.md (ext=.md, size=984)
2026-01-18 18:42:32,025 - Knowledge - INFO - Worker kw7 processing /app/data/T0015/307419/b5849in/keystone/examples/document-field-customisation/keystone-server/src/schema.ts
2026-01-18 18:42:32,103 - Knowledge - INFO - Async storage completed for 5 embeddings
2026-01-18 18:42:32,212 - Knowledge - INFO - Fast-tracked /app/data/T0015/307419/b5849in/keystone/examples/framework-nextjs-app-directory/src/keystone/context.ts (ext=.ts, size=474)
2026-01-18 18:42:32,300 - Knowledge - INFO - Worker kw17 processing /app/data/T0015/307419/b5849in/keystone/examples/document-field-customisation/keystone-server/src/component-blocks/callout.tsx
2026-01-18 18:42:32,393 - Knowledge - INFO - Fast-tracked /app/data/T0015/307419/b5849in/keystone/examples/custom-session-next-auth/session.ts (small file (2169 bytes))
2026-01-18 18:42:32,479 - Knowledge - INFO - Fast-tracked /app/data/T0015/307419/b5849in/keystone/examples/custom-session-invalidation/keystone.ts (small file (2666 bytes))
2026-01-18 18:42:32,656 - Knowledge - INFO - Worker kw15 processing /app/data/T0015/307419/b5849in/keystone/examples/framework-nextjs-app-directory/src/app/page.tsx
2026-01-18 18:42:32,746 - Knowledge - INFO - Async storing batch of 5 embeddings
2026-01-18 18:42:32,957 - Knowledge - INFO - process ingested knowledge for /app/data/T0015/307419/b5849in/keystone/examples/extend-express-app/sandbox.config.json
2026-01-18 18:42:33,008 - Knowledge - INFO - Async storage completed for 5 embeddings
2026-01-18 18:42:33,097 - Knowledge - INFO - Async storage completed for 5 embeddings
2026-01-18 18:42:33,180 - Knowledge - INFO - Fast-tracked /app/data/T0015/307419/b5849in/keystone/examples/usecase-roles/access.ts (small file (2694 bytes))
2026-01-18 18:42:33,346 - Knowledge - INFO - Async storage completed for 6 embeddings
2026-01-18 18:42:33,435 - Knowledge - INFO - Async storage completed for 5 embeddings
2026-01-18 18:42:33,515 - Knowledge - INFO - Fast-tracked /app/data/T0015/307419/b5849in/keystone/examples/extend-prisma-schema/README.md (ext=.md, size=1239)
2026-01-18 18:42:33,538 - Knowledge - INFO - Async storage completed for 5 embeddings
2026-01-18 18:42:33,694 - Knowledge - INFO - [kw2] Queue=30, InProgress=0, PendingWorkers=20/20, Completed=1198/1306 (91.7%)
2026-01-18 18:42:33,728 - Knowledge - INFO - Fast-tracked /app/data/T0015/307419/b5849in/keystone/examples/auth-magic-link/keystone.ts (small file (2158 bytes))
2026-01-18 18:42:33,811 - Knowledge - INFO - Fast-tracked /app/data/T0015/307419/b5849in/keystone/examples/document-field-customisation/keystone-server/src/schema.ts (ext=.ts, size=1336)
2026-01-18 18:42:33,970 - Knowledge - INFO - Fast-tracked /app/data/T0015/307419/b5849in/keystone/examples/logging/keystone.ts (small file (2734 bytes))
2026-01-18 18:42:33,980 - Knowledge - INFO - Processing batch of 5 files
2026-01-18 18:42:34,050 - Knowledge - INFO - Fast-tracked /app/data/T0015/307419/b5849in/keystone/examples/document-field-customisation/keystone-server/src/component-blocks/callout.tsx (ext=.tsx, size=1105)
2026-01-18 18:42:34,170 - Knowledge - INFO - Async storage completed for 5 embeddings
2026-01-18 18:42:34,188 - Knowledge - INFO - [kw8] Queue=30, InProgress=0, PendingWorkers=20/20, Completed=1203/1306 (92.1%)
2026-01-18 18:42:34,240 - Knowledge - INFO - Async storage completed for 5 embeddings
2026-01-18 18:42:34,306 - Knowledge - INFO - Async storage completed for 5 embeddings
2026-01-18 18:42:34,334 - Knowledge - INFO - Fast-tracked /app/data/T0015/307419/b5849in/keystone/examples/framework-nextjs-app-directory/src/app/page.tsx (ext=.tsx, size=1850)
2026-01-18 18:42:34,428 - Knowledge - INFO - Worker kw19 processing /app/data/T0015/307419/b5849in/keystone/examples/document-field-customisation/keystone-server/src/component-blocks/hero.tsx
2026-01-18 18:42:34,530 - Knowledge - INFO - process ingested knowledge for /app/data/T0015/307419/b5849in/keystone/examples/extend-express-app/keystone.ts
2026-01-18 18:42:34,629 - Knowledge - INFO - Processing batch of 5 files
2026-01-18 18:42:34,737 - Knowledge - INFO - Processing batch of 4 files
2026-01-18 18:42:34,845 - Knowledge - INFO - Async storage completed for 5 embeddings
2026-01-18 18:42:34,970 - Knowledge - INFO - Processing batch of 5 files
2026-01-18 18:42:35,095 - Knowledge - INFO - Processing batch of 4 files
2026-01-18 18:42:35,145 - Knowledge - INFO - Worker kw16 processing /app/data/T0015/307419/b5849in/keystone/examples/extend-prisma-schema/sandbox.config.json
2026-01-18 18:42:35,293 - Knowledge - INFO - Batch sizing: calculated=4, max_allowed=10, queue=30, active_workers=20/20
2026-01-18 18:42:35,367 - Knowledge - INFO - Async storage completed for 5 embeddings
2026-01-18 18:42:35,445 - Knowledge - INFO - Worker kw7 processing /app/data/T0015/307419/b5849in/keystone/examples/document-field-customisation/keystone-server/src/component-blocks/callout-ui.tsx
2026-01-18 18:42:35,527 - Knowledge - INFO - Async storage completed for 5 embeddings
2026-01-18 18:42:35,601 - Knowledge - INFO - process ingested knowledge for /app/data/T0015/307419/b5849in/keystone/examples/number-fields/sandbox.config.json
2026-01-18 18:42:35,673 - Knowledge - INFO - Worker kw17 processing /app/data/T0015/307419/b5849in/keystone/examples/document-field-customisation/keystone-server/src/component-blocks/index.tsx
2026-01-18 18:42:35,794 - Knowledge - INFO - Processing batch of 4 files
2026-01-18 18:42:35,846 - Knowledge - INFO - Batch sizing: calculated=4, max_allowed=10, queue=30, active_workers=20/20
2026-01-18 18:42:35,981 - Knowledge - INFO - Processing batch of 5 files
2026-01-18 18:42:36,139 - Knowledge - INFO - Async storage completed for 6 embeddings
2026-01-18 18:42:36,259 - Knowledge - INFO - Fast-tracked /app/data/T0015/307419/b5849in/keystone/examples/document-field-customisation/keystone-server/src/component-blocks/hero.tsx (ext=.tsx, size=1201)
2026-01-18 18:42:36,322 - Knowledge - INFO - process ingested knowledge for /app/data/T0015/307419/b5849in/keystone/examples/number-fields/package.json
2026-01-18 18:42:36,442 - Knowledge - INFO - process ingested knowledge for /app/data/T0015/307419/b5849in/keystone/examples/singleton/seed-data.ts
2026-01-18 18:42:36,561 - Knowledge - INFO - process ingested knowledge for /app/data/T0015/307419/b5849in/keystone/examples/framework-nextjs-app-directory/src/app/layout.tsx
2026-01-18 18:42:36,681 - Knowledge - INFO - Processing batch of 5 files
2026-01-18 18:42:36,727 - Knowledge - INFO - process ingested knowledge for /app/data/T0015/307419/b5849in/keystone/examples/virtual-field-banner/schema.ts
2026-01-18 18:42:36,825 - Knowledge - INFO - process ingested knowledge for /app/data/T0015/307419/b5849in/keystone/examples/framework-nextjs-app-directory/next.config.mjs
2026-01-18 18:42:36,905 - Knowledge - INFO - Fast-tracked /app/data/T0015/307419/b5849in/keystone/examples/extend-prisma-schema/sandbox.config.json (ext=.json, size=99)
2026-01-18 18:42:36,986 - Knowledge - INFO - Async storing batch of 5 embeddings
2026-01-18 18:42:37,127 - Knowledge - INFO - Processing batch of 5 files
2026-01-18 18:42:37,368 - Knowledge - INFO - Processing batch of 5 files
2026-01-18 18:42:37,405 - Knowledge - INFO - process ingested knowledge for /app/data/T0015/307419/b5849in/keystone/examples/number-fields/keystone.ts
2026-01-18 18:42:37,512 - Knowledge - INFO - Fast-tracked /app/data/T0015/307419/b5849in/keystone/examples/document-field-customisation/keystone-server/src/component-blocks/index.tsx (ext=.tsx, size=643)
2026-01-18 18:42:37,584 - Knowledge - INFO - process ingested knowledge for /app/data/T0015/307419/b5849in/keystone/examples/custom-session-next-auth/session.ts
2026-01-18 18:42:37,665 - Knowledge - INFO - Async storing batch of 5 embeddings
2026-01-18 18:42:37,763 - Knowledge - INFO - process ingested knowledge for /app/data/T0015/307419/b5849in/keystone/examples/custom-session-invalidation/schema.ts
2026-01-18 18:42:37,786 - Knowledge - INFO - [LLM_CALL] Completed: schema.ts:chunk1, Duration: 4515ms, PromptTokens: 4796, CompletionTokens: 277, Cost: $0.00059
2026-01-18 18:42:37,947 - Knowledge - INFO - Worker kw19 processing /app/data/T0015/307419/b5849in/keystone/examples/document-field-customisation/keystone-server/src/component-blocks/carousel.tsx
2026-01-18 18:42:38,030 - Knowledge - INFO - process ingested knowledge for /app/data/T0015/307419/b5849in/keystone/examples/number-fields/schema.ts
2026-01-18 18:42:38,053 - Knowledge - INFO - Async storage completed for 5 embeddings
2026-01-18 18:42:38,125 - Knowledge - INFO - process ingested knowledge for /app/data/T0015/307419/b5849in/keystone/examples/singleton/README.md
2026-01-18 18:42:38,210 - Knowledge - INFO - process ingested knowledge for /app/data/T0015/307419/b5849in/keystone/examples/framework-nextjs-app-directory/package.json
2026-01-18 18:42:38,309 - Knowledge - INFO - process ingested knowledge for /app/data/T0015/307419/b5849in/keystone/examples/usecase-roles/README.md
2026-01-18 18:42:38,414 - Knowledge - INFO - process ingested knowledge for /app/data/T0015/307419/b5849in/keystone/examples/virtual-field-banner/sandbox.config.json
2026-01-18 18:42:38,523 - Knowledge - INFO - process ingested knowledge for /app/data/T0015/307419/b5849in/keystone/examples/framework-nextjs-app-directory/keystone.ts
2026-01-18 18:42:38,649 - Knowledge - INFO - Async storage completed for 5 embeddings
2026-01-18 18:42:38,726 - Knowledge - INFO - Worker kw2 processing /app/data/T0015/307419/b5849in/keystone/examples/document-field-customisation/keystone-server/src/seed/posts.json
2026-01-18 18:42:38,807 - Knowledge - INFO - process ingested knowledge for /app/data/T0015/307419/b5849in/keystone/examples/auth-magic-link/sandbox.config.json
2026-01-18 18:42:38,894 - Knowledge - INFO - process ingested knowledge for /app/data/T0015/307419/b5849in/keystone/examples/logging/sandbox.config.json
2026-01-18 18:42:38,989 - Knowledge - INFO - process ingested knowledge for /app/data/T0015/307419/b5849in/keystone/examples/README.md
2026-01-18 18:42:39,062 - Knowledge - INFO - Async storage completed for 5 embeddings
2026-01-18 18:42:39,152 - Knowledge - INFO - process ingested knowledge for /app/data/T0015/307419/b5849in/keystone/examples/custom-session-next-auth/admin/pages/api/auth/[...nextauth].ts
2026-01-18 18:42:39,274 - Knowledge - INFO - Worker kw8 processing /app/data/T0015/307419/b5849in/keystone/examples/document-field-customisation/keystone-server/sandbox.config.json
2026-01-18 18:42:39,385 - Knowledge - INFO - process ingested knowledge for /app/data/T0015/307419/b5849in/keystone/examples/custom-session-invalidation/README.md
2026-01-18 18:42:39,466 - Knowledge - INFO - done ingest for /app/data/T0015/307419/b5849in/keystone/examples/usecase-roles/schema.ts
2026-01-18 18:42:39,466 - Knowledge - INFO - done ingest for /app/data/T0015/307419/b5849in/keystone/examples/auth-magic-link/schema.ts
2026-01-18 18:42:39,503 - Knowledge - INFO - Processing batch of 5 files
2026-01-18 18:42:39,548 - Knowledge - INFO - Worker kw19 processing /app/data/T0015/307419/b5849in/keystone/examples/document-field-customisation/keystone-server/src/component-blocks/quote.tsx
2026-01-18 18:42:39,960 - Knowledge - INFO - process ingested knowledge for /app/data/T0015/307419/b5849in/keystone/examples/singleton/sandbox.config.json
2026-01-18 18:42:39,976 - Knowledge - INFO - process ingested knowledge for /app/data/T0015/307419/b5849in/keystone/examples/framework-nextjs-app-directory/tsconfig.json
2026-01-18 18:42:40,063 - Knowledge - INFO - process ingested knowledge for /app/data/T0015/307419/b5849in/keystone/examples/usecase-roles/sandbox.config.json
2026-01-18 18:42:40,209 - Knowledge - INFO - process ingested knowledge for /app/data/T0015/307419/b5849in/keystone/examples/virtual-field-banner/keystone.ts
2026-01-18 18:42:40,224 - Knowledge - INFO - process ingested knowledge for /app/data/T0015/307419/b5849in/keystone/examples/custom-session-next-auth/package.json
2026-01-18 18:42:40,254 - Knowledge - INFO - [WEBSOCKET] Sent: Type=progress_update, Size: 276, Duration: 0ms
2026-01-18 18:42:40,449 - Knowledge - INFO - Fast-tracked /app/data/T0015/307419/b5849in/keystone/examples/document-field-customisation/keystone-server/src/seed/posts.json (ext=.json, size=22134)
2026-01-18 18:42:40,555 - Knowledge - INFO - process ingested knowledge for /app/data/T0015/307419/b5849in/keystone/examples/auth-magic-link/keystone.ts
2026-01-18 18:42:40,636 - Knowledge - INFO - process ingested knowledge for /app/data/T0015/307419/b5849in/keystone/examples/logging/keystone.ts
2026-01-18 18:42:40,734 - Knowledge - INFO - process ingested knowledge for /app/data/T0015/307419/b5849in/keystone/examples/singleton/package.json
2026-01-18 18:42:40,932 - Knowledge - INFO - process ingested knowledge for /app/data/T0015/307419/b5849in/keystone/examples/custom-session-next-auth/sandbox.config.json
2026-01-18 18:42:41,013 - Knowledge - INFO - Fast-tracked /app/data/T0015/307419/b5849in/keystone/examples/document-field-customisation/keystone-server/sandbox.config.json (ext=.json, size=141)
2026-01-18 18:42:41,089 - Knowledge - INFO - process ingested knowledge for /app/data/T0015/307419/b5849in/keystone/examples/custom-session-invalidation/sandbox.config.json
2026-01-18 18:42:41,349 - Knowledge - INFO - process ingested knowledge for /app/data/T0015/307419/b5849in/keystone/examples/framework-nextjs-app-directory/src/keystone/seed.ts
2026-01-18 18:42:41,448 - Knowledge - INFO - Fast-tracked /app/data/T0015/307419/b5849in/keystone/examples/document-field-customisation/keystone-server/src/component-blocks/quote.tsx (ext=.tsx, size=1261)
2026-01-18 18:42:41,514 - Knowledge - INFO - process ingested knowledge for /app/data/T0015/307419/b5849in/keystone/examples/singleton/keystone.ts
2026-01-18 18:42:41,596 - Knowledge - INFO - process ingested knowledge for /app/data/T0015/307419/b5849in/keystone/examples/framework-nextjs-app-directory/README.md
2026-01-18 18:42:41,678 - Knowledge - INFO - process ingested knowledge for /app/data/T0015/307419/b5849in/keystone/examples/usecase-roles/keystone.ts
2026-01-18 18:42:41,775 - Knowledge - INFO - process ingested knowledge for /app/data/T0015/307419/b5849in/keystone/examples/virtual-field-banner/banner-field/views.tsx
2026-01-18 18:42:41,890 - Knowledge - INFO - process ingested knowledge for /app/data/T0015/307419/b5849in/keystone/examples/custom-session-next-auth/schema.ts
2026-01-18 18:42:42,031 - Knowledge - INFO - [WEBSOCKET] Sent: Type=unknown, Size: ?, Duration: 1777ms
2026-01-18 18:42:42,140 - Knowledge - INFO - Worker kw2 processing /app/data/T0015/307419/b5849in/keystone/examples/document-field-customisation/keystone-server/src/seed/index.ts
2026-01-18 18:42:42,215 - Knowledge - INFO - process ingested knowledge for /app/data/T0015/307419/b5849in/keystone/examples/logging/package.json
2026-01-18 18:42:42,335 - Knowledge - INFO - process ingested knowledge for /app/data/T0015/307419/b5849in/keystone/examples/framework-nextjs-app-directory/src/pages/api/graphql.ts
2026-01-18 18:42:42,424 - Knowledge - INFO - process ingested knowledge for /app/data/T0015/307419/b5849in/keystone/examples/singleton/schema.ts
2026-01-18 18:42:42,561 - Knowledge - INFO - process ingested knowledge for /app/data/T0015/307419/b5849in/keystone/examples/custom-session-next-auth/keystone.ts
2026-01-18 18:42:42,644 - Knowledge - INFO - Worker kw8 processing /app/data/T0015/307419/b5849in/keystone/examples/document-field-customisation/keystone-server/keystone.ts
2026-01-18 18:42:42,745 - Knowledge - INFO - process ingested knowledge for /app/data/T0015/307419/b5849in/keystone/examples/custom-session-invalidation/keystone.ts
2026-01-18 18:42:42,872 - Knowledge - INFO - process ingested knowledge for /app/data/T0015/307419/b5849in/keystone/examples/framework-nextjs-app-directory/src/keystone/schema.ts
2026-01-18 18:42:42,952 - Knowledge - INFO - Worker kw19 processing /app/data/T0015/307419/b5849in/keystone/examples/document-field-customisation/keystone-server/src/seed/users.json
2026-01-18 18:42:43,041 - Knowledge - INFO - process ingested knowledge for /app/data/T0015/307419/b5849in/keystone/examples/virtual-field-banner/package.json
2026-01-18 18:42:43,226 - Knowledge - INFO - process ingested knowledge for /app/data/T0015/307419/b5849in/keystone/examples/usecase-roles/access.ts
2026-01-18 18:42:43,396 - Knowledge - INFO - process ingested knowledge for /app/data/T0015/307419/b5849in/keystone/examples/custom-session-invalidation/package.json
2026-01-18 18:42:43,497 - Knowledge - INFO - Progress: 95.7% | Files: 1255/1306 | Rate: 2.34 files/sec | Queue: 22
2026-01-18 18:42:43,499 - Knowledge - INFO - [LLM_CALL] Completed: callout-ui.tsx:chunk1, Duration: 6326ms, PromptTokens: 2418, CompletionTokens: 419, Cost: $0.00041
2026-01-18 18:42:43,590 - Knowledge - INFO - Fast-tracked /app/data/T0015/307419/b5849in/keystone/examples/document-field-customisation/keystone-server/src/seed/index.ts (ext=.ts, size=1491)
2026-01-18 18:42:43,686 - Knowledge - INFO - process ingested knowledge for /app/data/T0015/307419/b5849in/keystone/examples/logging/schema.ts
2026-01-18 18:42:43,802 - Knowledge - INFO - process ingested knowledge for /app/data/T0015/307419/b5849in/keystone/examples/framework-nextjs-app-directory/src/styles/globals.css
2026-01-18 18:42:44,072 - Knowledge - INFO - Fast-tracked /app/data/T0015/307419/b5849in/keystone/examples/document-field-customisation/keystone-server/keystone.ts (ext=.ts, size=670)
2026-01-18 18:42:44,274 - Knowledge - INFO - process ingested knowledge for /app/data/T0015/307419/b5849in/keystone/examples/assets-local/package.json
2026-01-18 18:42:44,274 - Knowledge - INFO - process ingested knowledge for /app/data/T0015/307419/b5849in/keystone/examples/framework-nextjs-app-directory/src/util/request.ts
2026-01-18 18:42:44,352 - Knowledge - INFO - Fast-tracked /app/data/T0015/307419/b5849in/keystone/examples/document-field-customisation/keystone-server/src/seed/users.json (ext=.json, size=187)
2026-01-18 18:42:44,567 - Knowledge - INFO - process ingested knowledge for /app/data/T0015/307419/b5849in/keystone/examples/empty-lists/package.json
2026-01-18 18:42:44,819 - Knowledge - INFO - [kw6] Queue=22, InProgress=0, PendingWorkers=20/20, Completed=1262/1306 (96.6%)
2026-01-18 18:42:44,857 - Knowledge - INFO - done ingest for /app/data/T0015/307419/b5849in/keystone/examples/document-field-customisation/keystone-server/src/component-blocks/callout-ui.tsx
2026-01-18 18:42:44,858 - Knowledge - INFO - Processing batch of 4 files
2026-01-18 18:42:44,980 - Knowledge - INFO - Worker kw2 processing /app/data/T0015/307419/b5849in/keystone/examples/document-field-customisation/keystone-server/package.json
2026-01-18 18:42:45,034 - Knowledge - INFO - [kw10] Queue=22, InProgress=0, PendingWorkers=20/20, Completed=1264/1306 (96.8%)
2026-01-18 18:42:45,037 - Knowledge - INFO - Processing batch of 5 files
2026-01-18 18:42:45,038 - Knowledge - INFO - Processing batch of 5 files
2026-01-18 18:42:45,042 - Knowledge - INFO - Processing batch of 4 files
2026-01-18 18:42:45,095 - Knowledge - INFO - [kw14] Queue=22, InProgress=0, PendingWorkers=20/20, Completed=1268/1306 (97.1%)
2026-01-18 18:42:45,095 - Knowledge - INFO - [kw12] Queue=22, InProgress=0, PendingWorkers=20/20, Completed=1268/1306 (97.1%)
2026-01-18 18:42:45,095 - Knowledge - INFO - [kw5] Queue=22, InProgress=0, PendingWorkers=20/20, Completed=1268/1306 (97.1%)
2026-01-18 18:42:45,095 - Knowledge - INFO - process ingested knowledge for /app/data/T0015/307419/b5849in/keystone/examples/logging/README.md
2026-01-18 18:42:45,230 - Knowledge - INFO - process ingested knowledge for /app/data/T0015/307419/b5849in/keystone/examples/framework-nextjs-app-directory/src/keystone/context.ts
2026-01-18 18:42:45,231 - Knowledge - INFO - [kw11] Queue=22, InProgress=0, PendingWorkers=20/20, Completed=1268/1306 (97.1%)
2026-01-18 18:42:45,258 - Knowledge - INFO - Worker kw8 processing /app/data/T0015/307419/b5849in/keystone/examples/document-field-customisation/nextjs-frontend/src/pages/blog/[slug].tsx
2026-01-18 18:42:45,344 - Knowledge - INFO - [kw20] Queue=22, InProgress=0, PendingWorkers=20/20, Completed=1268/1306 (97.1%)
2026-01-18 18:42:45,441 - Knowledge - INFO - process ingested knowledge for /app/data/T0015/307419/b5849in/keystone/examples/framework-nextjs-app-directory/src/app/DocumentRender.tsx
2026-01-18 18:42:45,534 - Knowledge - INFO - Fast-tracked /app/data/T0015/307419/b5849in/keystone/examples/document-field-customisation/keystone-server/src/component-blocks/carousel.tsx (small file (2107 bytes))
2026-01-18 18:42:45,732 - Knowledge - INFO - Batch sizing: calculated=4, max_allowed=10, queue=22, active_workers=20/20
2026-01-18 18:42:45,918 - Knowledge - INFO - [kw3] Queue=22, InProgress=0, PendingWorkers=20/20, Completed=1269/1306 (97.2%)
2026-01-18 18:42:45,926 - Knowledge - INFO - Processing batch of 4 files
2026-01-18 18:42:45,930 - Knowledge - INFO - process ingested knowledge for /app/data/T0015/307419/b5849in/keystone/examples/extend-prisma-schema/package.json
2026-01-18 18:42:46,058 - Knowledge - INFO - Fast-tracked /app/data/T0015/307419/b5849in/keystone/examples/document-field-customisation/keystone-server/package.json (ext=.json, size=685)
2026-01-18 18:42:46,138 - Knowledge - INFO - Batch sizing: calculated=4, max_allowed=10, queue=22, active_workers=20/20
2026-01-18 18:42:46,242 - Knowledge - INFO - process ingested knowledge for /app/data/T0015/307419/b5849in/keystone/examples/empty-lists/schema.ts
2026-01-18 18:42:46,291 - Knowledge - INFO - [kw1] Queue=22, InProgress=0, PendingWorkers=20/20, Completed=1272/1306 (97.4%)
2026-01-18 18:42:46,321 - Knowledge - INFO - process ingested knowledge for /app/data/T0015/307419/b5849in/keystone/examples/assets-local/schema.ts
2026-01-18 18:42:46,403 - Knowledge - INFO - process ingested knowledge for /app/data/T0015/307419/b5849in/keystone/examples/document-field-customisation/keystone-server/src/component-blocks/tweet.tsx
2026-01-18 18:42:46,481 - Knowledge - INFO - Batch sizing: calculated=4, max_allowed=10, queue=22, active_workers=20/20
2026-01-18 18:42:46,570 - Knowledge - INFO - Batch sizing: calculated=4, max_allowed=10, queue=22, active_workers=20/20
2026-01-18 18:42:46,636 - Knowledge - INFO - Batch sizing: calculated=4, max_allowed=10, queue=22, active_workers=20/20
2026-01-18 18:42:46,936 - Knowledge - INFO - Batch sizing: calculated=4, max_allowed=10, queue=22, active_workers=20/20
2026-01-18 18:42:47,014 - Knowledge - INFO - Worker kw8 processing /app/data/T0015/307419/b5849in/keystone/examples/document-field-customisation/nextjs-frontend/src/pages/index.tsx
2026-01-18 18:42:47,095 - Knowledge - INFO - Batch sizing: calculated=4, max_allowed=10, queue=22, active_workers=20/20
2026-01-18 18:42:47,267 - Knowledge - INFO - process ingested knowledge for /app/data/T0015/307419/b5849in/keystone/examples/framework-nextjs-app-directory/src/app/page.tsx
2026-01-18 18:42:47,311 - Knowledge - INFO - Async storage completed for 5 embeddings
2026-01-18 18:42:47,398 - Knowledge - INFO - [kw4] Queue=22, InProgress=0, PendingWorkers=20/20, Completed=1272/1306 (97.4%)
2026-01-18 18:42:47,489 - Knowledge - INFO - Async storing batch of 5 embeddings
2026-01-18 18:42:47,501 - Knowledge - INFO - Batch sizing: calculated=4, max_allowed=10, queue=22, active_workers=20/20
2026-01-18 18:42:47,514 - Knowledge - INFO - [kw9] Queue=18, InProgress=0, PendingWorkers=20/20, Completed=1272/1306 (97.4%)
2026-01-18 18:42:47,598 - Knowledge - INFO - process ingested knowledge for /app/data/T0015/307419/b5849in/keystone/examples/extend-prisma-schema/keystone.ts
2026-01-18 18:42:47,672 - Knowledge - INFO - process ingested knowledge for /app/data/T0015/307419/b5849in/keystone/examples/extend-prisma-schema/schema.ts
2026-01-18 18:42:47,744 - Knowledge - INFO - Worker kw2 processing /app/data/T0015/307419/b5849in/keystone/examples/document-field-customisation/keystone-server/README.md
2026-01-18 18:42:47,827 - Knowledge - INFO - Async storing batch of 4 embeddings
2026-01-18 18:42:47,908 - Knowledge - INFO - process ingested knowledge for /app/data/T0015/307419/b5849in/keystone/examples/empty-lists/sandbox.config.json
2026-01-18 18:42:48,005 - Knowledge - INFO - Batch sizing: calculated=4, max_allowed=10, queue=22, active_workers=20/20
2026-01-18 18:42:48,124 - Knowledge - INFO - process ingested knowledge for /app/data/T0015/307419/b5849in/keystone/examples/assets-local/sandbox.config.json
2026-01-18 18:42:48,204 - Knowledge - INFO - process ingested knowledge for /app/data/T0015/307419/b5849in/keystone/examples/document-field-customisation/keystone-server/src/component-blocks/youtube-video.tsx
2026-01-18 18:42:48,301 - Knowledge - INFO - Async storing batch of 5 embeddings
2026-01-18 18:42:48,396 - Knowledge - INFO - Async storing batch of 4 embeddings
2026-01-18 18:42:48,492 - Knowledge - INFO - Async storing batch of 4 embeddings
2026-01-18 18:42:48,580 - Knowledge - INFO - Async storing batch of 5 embeddings
2026-01-18 18:42:48,663 - Knowledge - INFO - Fast-tracked /app/data/T0015/307419/b5849in/keystone/examples/document-field-customisation/nextjs-frontend/src/pages/index.tsx (ext=.tsx, size=1925)
2026-01-18 18:42:49,121 - Knowledge - INFO - Batch sizing: calculated=4, max_allowed=10, queue=22, active_workers=19/20
2026-01-18 18:42:49,207 - Knowledge - INFO - Worker kw6 processing /app/data/T0015/307419/b5849in/keystone/examples/document-field-customisation/nextjs-frontend/src/pages/_app.tsx
2026-01-18 18:42:49,396 - Knowledge - INFO - Processing batch of 4 files
2026-01-18 18:42:49,411 - Knowledge - INFO - Batch sizing: calculated=4, max_allowed=10, queue=18, active_workers=18/20
2026-01-18 18:42:49,509 - Knowledge - INFO - process ingested knowledge for /app/data/T0015/307419/b5849in/keystone/examples/document-field-customisation/package.json
2026-01-18 18:42:49,578 - Knowledge - INFO - process ingested knowledge for /app/data/T0015/307419/b5849in/keystone/examples/extend-prisma-schema/README.md
2026-01-18 18:42:49,662 - Knowledge - INFO - Fast-tracked /app/data/T0015/307419/b5849in/keystone/examples/document-field-customisation/keystone-server/README.md (ext=.md, size=668)
2026-01-18 18:42:49,742 - Knowledge - INFO - Worker kw10 processing /app/data/T0015/307419/b5849in/keystone/examples/document-field-customisation/nextjs-frontend/src/components/YouTubeVideo/YouTubeVideo.module.css
2026-01-18 18:42:49,833 - Knowledge - INFO - process ingested knowledge for /app/data/T0015/307419/b5849in/keystone/examples/empty-lists/keystone.ts
2026-01-18 18:42:50,067 - Knowledge - INFO - process ingested knowledge for /app/data/T0015/307419/b5849in/keystone/examples/assets-local/keystone.ts
2026-01-18 18:42:50,135 - Knowledge - INFO - process ingested knowledge for /app/data/T0015/307419/b5849in/keystone/examples/document-field-customisation/keystone-server/src/component-blocks/callout.tsx
2026-01-18 18:42:50,227 - Knowledge - INFO - Worker kw14 processing /app/data/T0015/307419/b5849in/keystone/examples/document-field-customisation/nextjs-frontend/src/components/CustomRenderer/CustomRenderer.tsx
2026-01-18 18:42:50,316 - Knowledge - INFO - Worker kw12 processing /app/data/T0015/307419/b5849in/keystone/examples/document-field-customisation/nextjs-frontend/src/components/Carousel/Carousel.tsx
2026-01-18 18:42:50,402 - Knowledge - INFO - Worker kw5 processing /app/data/T0015/307419/b5849in/keystone/examples/document-field-customisation/nextjs-frontend/src/components/Tweet/Tweet.tsx
2026-01-18 18:42:50,482 - Knowledge - INFO - Worker kw11 processing /app/data/T0015/307419/b5849in/keystone/examples/document-field-customisation/nextjs-frontend/README.md
2026-01-18 18:42:50,571 - Knowledge - INFO - Fast-tracked /app/data/T0015/307419/b5849in/keystone/examples/document-field-customisation/nextjs-frontend/src/pages/blog/[slug].tsx (small file (2686 bytes))
2026-01-18 18:42:50,768 - Knowledge - INFO - Fast-tracked /app/data/T0015/307419/b5849in/keystone/examples/document-field-customisation/nextjs-frontend/src/pages/_app.tsx (ext=.tsx, size=188)
2026-01-18 18:42:50,847 - Knowledge - INFO - process ingested knowledge for /app/data/T0015/307419/b5849in/keystone/examples/document-field-customisation/keystone-server/src/component-blocks/hero.tsx
2026-01-18 18:42:51,050 - Knowledge - INFO - process ingested knowledge for /app/data/T0015/307419/b5849in/keystone/examples/document-field-customisation/keystone-server/src/schema.ts
2026-01-18 18:42:51,164 - Knowledge - INFO - process ingested knowledge for /app/data/T0015/307419/b5849in/keystone/examples/extend-prisma-schema/sandbox.config.json
2026-01-18 18:42:51,240 - Knowledge - INFO - Async storage completed for 5 embeddings
2026-01-18 18:42:51,331 - Knowledge - INFO - Fast-tracked /app/data/T0015/307419/b5849in/keystone/examples/document-field-customisation/nextjs-frontend/src/components/YouTubeVideo/YouTubeVideo.module.css (ext=.css, size=322)
2026-01-18 18:42:51,413 - Knowledge - INFO - process ingested knowledge for /app/data/T0015/307419/b5849in/keystone/examples/auth-magic-link/package.json
2026-01-18 18:42:51,495 - Knowledge - INFO - process ingested knowledge for /app/data/T0015/307419/b5849in/keystone/examples/usecase-roles/package.json
2026-01-18 18:42:51,581 - Knowledge - INFO - process ingested knowledge for /app/data/T0015/307419/b5849in/keystone/examples/document-field-customisation/keystone-server/src/component-blocks/index.tsx
2026-01-18 18:42:51,688 - Knowledge - INFO - Worker kw14 processing /app/data/T0015/307419/b5849in/keystone/examples/document-field-customisation/nextjs-frontend/src/components/Hero/Hero.module.css
2026-01-18 18:42:51,761 - Knowledge - INFO - Fast-tracked /app/data/T0015/307419/b5849in/keystone/examples/document-field-customisation/nextjs-frontend/src/components/Carousel/Carousel.tsx (ext=.tsx, size=560)
2026-01-18 18:42:51,852 - Knowledge - INFO - Fast-tracked /app/data/T0015/307419/b5849in/keystone/examples/document-field-customisation/nextjs-frontend/src/components/Tweet/Tweet.tsx (ext=.tsx, size=622)
2026-01-18 18:42:51,932 - Knowledge - INFO - Fast-tracked /app/data/T0015/307419/b5849in/keystone/examples/document-field-customisation/nextjs-frontend/README.md (ext=.md, size=345)
2026-01-18 18:42:52,043 - Knowledge - INFO - Async storage completed for 5 embeddings
2026-01-18 18:42:52,135 - Knowledge - INFO - Worker kw6 processing /app/data/T0015/307419/b5849in/keystone/examples/document-field-customisation/nextjs-frontend/src/graphql.ts
2026-01-18 18:42:52,227 - Knowledge - INFO - process ingested knowledge for /app/data/T0015/307419/b5849in/keystone/examples/document-field-customisation/keystone-server/src/component-blocks/carousel.tsx
2026-01-18 18:42:52,302 - Knowledge - INFO - process ingested knowledge for /app/data/T0015/307419/b5849in/keystone/examples/document-field-customisation/keystone-server/src/component-blocks/callout-ui.tsx
2026-01-18 18:42:52,474 - Knowledge - INFO - Processing batch of 4 files
2026-01-18 18:42:52,560 - Knowledge - INFO - Worker kw10 processing /app/data/T0015/307419/b5849in/keystone/examples/document-field-customisation/nextjs-frontend/src/components/Callout/Callout.tsx
2026-01-18 18:42:52,642 - Knowledge - INFO - process ingested knowledge for /app/data/T0015/307419/b5849in/keystone/examples/auth-magic-link/schema.ts
2026-01-18 18:42:52,741 - Knowledge - INFO - process ingested knowledge for /app/data/T0015/307419/b5849in/keystone/examples/usecase-roles/schema.ts
2026-01-18 18:42:52,785 - Knowledge - INFO - [WEBSOCKET] Sent: Type=progress_update, Size: 276, Duration: 0ms
2026-01-18 18:42:52,905 - Knowledge - INFO - Fast-tracked /app/data/T0015/307419/b5849in/keystone/examples/document-field-customisation/nextjs-frontend/src/components/Hero/Hero.module.css (ext=.css, size=245)
2026-01-18 18:42:52,979 - Knowledge - INFO - Worker kw12 processing /app/data/T0015/307419/b5849in/keystone/examples/document-field-customisation/nextjs-frontend/src/components/Quote/Quote.module.css
2026-01-18 18:42:53,080 - Knowledge - INFO - Worker kw5 processing /app/data/T0015/307419/b5849in/keystone/examples/document-field-customisation/nextjs-frontend/package.json
2026-01-18 18:42:53,169 - Knowledge - INFO - Worker kw11 processing /app/data/T0015/307419/b5849in/keystone/examples/document-field-customisation/README.md
2026-01-18 18:42:53,319 - Knowledge - INFO - Fast-tracked /app/data/T0015/307419/b5849in/keystone/examples/document-field-customisation/nextjs-frontend/src/graphql.ts (ext=.ts, size=593)
2026-01-18 18:42:53,404 - Knowledge - INFO - process ingested knowledge for /app/data/T0015/307419/b5849in/keystone/examples/document-field-customisation/keystone-server/src/component-blocks/quote.tsx
2026-01-18 18:42:53,596 - Knowledge - INFO - process ingested knowledge for /app/data/T0015/307419/b5849in/keystone/examples/document-field-customisation/keystone-server/src/seed/posts.json
2026-01-18 18:42:53,697 - Knowledge - INFO - Fast-tracked /app/data/T0015/307419/b5849in/keystone/examples/document-field-customisation/nextjs-frontend/src/components/Callout/Callout.tsx (ext=.tsx, size=1179)
2026-01-18 18:42:53,970 - Knowledge - INFO - [WEBSOCKET] Sent: Type=unknown, Size: ?, Duration: 1185ms
2026-01-18 18:42:54,039 - Knowledge - INFO - Worker kw14 processing /app/data/T0015/307419/b5849in/keystone/examples/document-field-customisation/nextjs-frontend/src/components/Hero/Hero.tsx
2026-01-18 18:42:54,122 - Knowledge - INFO - Fast-tracked /app/data/T0015/307419/b5849in/keystone/examples/document-field-customisation/nextjs-frontend/src/components/Quote/Quote.module.css (ext=.css, size=241)
2026-01-18 18:42:54,205 - Knowledge - INFO - Fast-tracked /app/data/T0015/307419/b5849in/keystone/examples/document-field-customisation/nextjs-frontend/package.json (ext=.json, size=729)
2026-01-18 18:42:54,320 - Knowledge - INFO - Fast-tracked /app/data/T0015/307419/b5849in/keystone/examples/document-field-customisation/README.md (ext=.md, size=1066)
2026-01-18 18:42:54,402 - Knowledge - INFO - Worker kw6 processing /app/data/T0015/307419/b5849in/keystone/examples/document-field-customisation/nextjs-frontend/src/styles/globals.css
2026-01-18 18:42:54,501 - Knowledge - INFO - process ingested knowledge for /app/data/T0015/307419/b5849in/keystone/examples/document-field-customisation/keystone-server/src/seed/users.json
2026-01-18 18:42:54,595 - Knowledge - INFO - process ingested knowledge for /app/data/T0015/307419/b5849in/keystone/examples/document-field-customisation/keystone-server/src/seed/index.ts
2026-01-18 18:42:54,677 - Knowledge - INFO - Worker kw10 processing /app/data/T0015/307419/b5849in/keystone/examples/document-field-customisation/nextjs-frontend/src/components/Callout/Callout.module.css
2026-01-18 18:42:54,758 - Knowledge - INFO - Progress: 98.0% | Files: 1282/1306 | Rate: 2.34 files/sec | Queue: 0
2026-01-18 18:42:54,796 - Knowledge - INFO - Processing batch of 4 files
2026-01-18 18:42:54,848 - Knowledge - INFO - Fast-tracked /app/data/T0015/307419/b5849in/keystone/examples/document-field-customisation/nextjs-frontend/src/components/Hero/Hero.tsx (ext=.tsx, size=523)
2026-01-18 18:42:54,949 - Knowledge - INFO - Worker kw12 processing /app/data/T0015/307419/b5849in/keystone/examples/document-field-customisation/nextjs-frontend/src/components/Quote/Quote.tsx
2026-01-18 18:42:55,033 - Knowledge - INFO - Worker kw5 processing /app/data/T0015/307419/b5849in/keystone/examples/document-field-customisation/nextjs-frontend/next.config.js
2026-01-18 18:42:55,109 - Knowledge - INFO - Async storage completed for 5 embeddings
2026-01-18 18:42:55,196 - Knowledge - INFO - Fast-tracked /app/data/T0015/307419/b5849in/keystone/examples/document-field-customisation/nextjs-frontend/src/styles/globals.css (ext=.css, size=450)
2026-01-18 18:42:55,376 - Knowledge - INFO - process ingested knowledge for /app/data/T0015/307419/b5849in/keystone/examples/document-field-customisation/keystone-server/package.json
2026-01-18 18:42:55,456 - Knowledge - INFO - Fast-tracked /app/data/T0015/307419/b5849in/keystone/examples/document-field-customisation/nextjs-frontend/src/components/Callout/Callout.module.css (ext=.css, size=424)
2026-01-18 18:42:55,641 - Knowledge - INFO - process ingested knowledge for /app/data/T0015/307419/b5849in/keystone/examples/document-field-customisation/keystone-server/sandbox.config.json
2026-01-18 18:42:55,749 - Knowledge - INFO - Worker kw14 processing /app/data/T0015/307419/b5849in/keystone/examples/document-field-customisation/nextjs-frontend/src/components/Carousel/Carousel.module.css
2026-01-18 18:42:55,828 - Knowledge - INFO - Fast-tracked /app/data/T0015/307419/b5849in/keystone/examples/document-field-customisation/nextjs-frontend/src/components/Quote/Quote.tsx (ext=.tsx, size=435)
2026-01-18 18:42:55,924 - Knowledge - INFO - Fast-tracked /app/data/T0015/307419/b5849in/keystone/examples/document-field-customisation/nextjs-frontend/next.config.js (ext=.js, size=173)
2026-01-18 18:42:56,022 - Knowledge - INFO - Processing batch of 2 files
2026-01-18 18:42:56,098 - Knowledge - INFO - Worker kw6 processing /app/data/T0015/307419/b5849in/keystone/examples/document-field-customisation/nextjs-frontend/src/components/YouTubeVideo/YouTubeVideo.tsx
2026-01-18 18:42:56,179 - Knowledge - INFO - process ingested knowledge for /app/data/T0015/307419/b5849in/keystone/examples/document-field-customisation/keystone-server/README.md
2026-01-18 18:42:56,245 - Knowledge - INFO - Worker kw10 processing /app/data/T0015/307419/b5849in/keystone/examples/document-field-customisation/nextjs-frontend/src/components/CustomRenderer/CustomRenderer.module.css
2026-01-18 18:42:56,335 - Knowledge - INFO - process ingested knowledge for /app/data/T0015/307419/b5849in/keystone/examples/document-field-customisation/keystone-server/keystone.ts
2026-01-18 18:42:56,415 - Knowledge - INFO - Fast-tracked /app/data/T0015/307419/b5849in/keystone/examples/document-field-customisation/nextjs-frontend/src/components/Carousel/Carousel.module.css (ext=.css, size=564)
2026-01-18 18:42:56,493 - Knowledge - INFO - Worker kw12 processing /app/data/T0015/307419/b5849in/keystone/examples/document-field-customisation/nextjs-frontend/src/components/Tweet/Tweet.module.css
2026-01-18 18:42:56,613 - Knowledge - INFO - Worker kw5 processing /app/data/T0015/307419/b5849in/keystone/examples/document-field-customisation/nextjs-frontend/tsconfig.json
2026-01-18 18:42:56,706 - Knowledge - INFO - process ingested knowledge for /app/data/T0015/307419/b5849in/keystone/examples/document-field-customisation/nextjs-frontend/README.md
2026-01-18 18:42:56,789 - Knowledge - INFO - Fast-tracked /app/data/T0015/307419/b5849in/keystone/examples/document-field-customisation/nextjs-frontend/src/components/YouTubeVideo/YouTubeVideo.tsx (ext=.tsx, size=1020)
2026-01-18 18:42:57,006 - Knowledge - INFO - Fast-tracked /app/data/T0015/307419/b5849in/keystone/examples/document-field-customisation/nextjs-frontend/src/components/CustomRenderer/CustomRenderer.module.css (ext=.css, size=697)
2026-01-18 18:42:57,088 - Knowledge - INFO - process ingested knowledge for /app/data/T0015/307419/b5849in/keystone/examples/document-field-customisation/nextjs-frontend/src/pages/blog/[slug].tsx
2026-01-18 18:42:57,197 - Knowledge - INFO - Fast-tracked /app/data/T0015/307419/b5849in/keystone/examples/document-field-customisation/nextjs-frontend/src/components/CustomRenderer/CustomRenderer.tsx (small file (2009 bytes))
2026-01-18 18:42:57,278 - Knowledge - INFO - Fast-tracked /app/data/T0015/307419/b5849in/keystone/examples/document-field-customisation/nextjs-frontend/src/components/Tweet/Tweet.module.css (ext=.css, size=78)
2026-01-18 18:42:57,394 - Knowledge - INFO - Fast-tracked /app/data/T0015/307419/b5849in/keystone/examples/document-field-customisation/nextjs-frontend/tsconfig.json (ext=.json, size=514)
2026-01-18 18:42:57,493 - Knowledge - INFO - process ingested knowledge for /app/data/T0015/307419/b5849in/keystone/examples/document-field-customisation/README.md
2026-01-18 18:42:57,566 - Knowledge - INFO - Async storage completed for 5 embeddings
2026-01-18 18:42:57,652 - Knowledge - INFO - Async storage completed for 4 embeddings
2026-01-18 18:42:57,743 - Knowledge - INFO - process ingested knowledge for /app/data/T0015/307419/b5849in/keystone/examples/document-field-customisation/nextjs-frontend/src/pages/index.tsx
2026-01-18 18:42:57,839 - Knowledge - INFO - Async storage completed for 5 embeddings
2026-01-18 18:42:57,919 - Knowledge - INFO - Async storage completed for 4 embeddings
2026-01-18 18:42:58,000 - Knowledge - INFO - Async storage completed for 4 embeddings
2026-01-18 18:42:58,308 - Knowledge - INFO - Processing batch of 4 files
2026-01-18 18:42:58,311 - Knowledge - INFO - Processing batch of 4 files
2026-01-18 18:42:58,559 - Knowledge - INFO - Processing batch of 4 files
2026-01-18 18:42:58,652 - Knowledge - INFO - Processing batch of 4 files
2026-01-18 18:42:58,744 - Knowledge - INFO - Processing batch of 4 files
2026-01-18 18:42:58,787 - Knowledge - INFO - process ingested knowledge for /app/data/T0015/307419/b5849in/keystone/examples/document-field-customisation/nextjs-frontend/src/pages/_app.tsx
2026-01-18 18:42:58,869 - Knowledge - INFO - process ingested knowledge for /app/data/T0015/307419/b5849in/keystone/examples/document-field-customisation/nextjs-frontend/src/components/YouTubeVideo/YouTubeVideo.module.css
2026-01-18 18:42:58,950 - Knowledge - INFO - process ingested knowledge for /app/data/T0015/307419/b5849in/keystone/examples/document-field-customisation/nextjs-frontend/src/components/CustomRenderer/CustomRenderer.tsx
2026-01-18 18:42:59,031 - Knowledge - INFO - process ingested knowledge for /app/data/T0015/307419/b5849in/keystone/examples/document-field-customisation/nextjs-frontend/src/components/Carousel/Carousel.tsx
2026-01-18 18:42:59,114 - Knowledge - INFO - process ingested knowledge for /app/data/T0015/307419/b5849in/keystone/examples/document-field-customisation/nextjs-frontend/src/components/Tweet/Tweet.tsx
2026-01-18 18:42:59,203 - Knowledge - INFO - process ingested knowledge for /app/data/T0015/307419/b5849in/keystone/examples/document-field-customisation/nextjs-frontend/src/graphql.ts
2026-01-18 18:42:59,270 - Knowledge - INFO - process ingested knowledge for /app/data/T0015/307419/b5849in/keystone/examples/document-field-customisation/nextjs-frontend/src/components/Callout/Callout.tsx
2026-01-18 18:42:59,369 - Knowledge - INFO - process ingested knowledge for /app/data/T0015/307419/b5849in/keystone/examples/document-field-customisation/nextjs-frontend/src/components/Hero/Hero.module.css
2026-01-18 18:42:59,467 - Knowledge - INFO - process ingested knowledge for /app/data/T0015/307419/b5849in/keystone/examples/document-field-customisation/nextjs-frontend/src/components/Quote/Quote.module.css
2026-01-18 18:42:59,586 - Knowledge - INFO - process ingested knowledge for /app/data/T0015/307419/b5849in/keystone/examples/document-field-customisation/nextjs-frontend/package.json
2026-01-18 18:42:59,678 - Knowledge - INFO - process ingested knowledge for /app/data/T0015/307419/b5849in/keystone/examples/document-field-customisation/nextjs-frontend/src/styles/globals.css
2026-01-18 18:42:59,775 - Knowledge - INFO - process ingested knowledge for /app/data/T0015/307419/b5849in/keystone/examples/document-field-customisation/nextjs-frontend/src/components/Callout/Callout.module.css
2026-01-18 18:42:59,854 - Knowledge - INFO - process ingested knowledge for /app/data/T0015/307419/b5849in/keystone/examples/document-field-customisation/nextjs-frontend/src/components/Hero/Hero.tsx
2026-01-18 18:42:59,941 - Knowledge - INFO - process ingested knowledge for /app/data/T0015/307419/b5849in/keystone/examples/document-field-customisation/nextjs-frontend/src/components/Quote/Quote.tsx
2026-01-18 18:43:00,025 - Knowledge - INFO - process ingested knowledge for /app/data/T0015/307419/b5849in/keystone/examples/document-field-customisation/nextjs-frontend/next.config.js
2026-01-18 18:43:00,111 - Knowledge - INFO - process ingested knowledge for /app/data/T0015/307419/b5849in/keystone/examples/document-field-customisation/nextjs-frontend/src/components/YouTubeVideo/YouTubeVideo.tsx
2026-01-18 18:43:00,197 - Knowledge - INFO - process ingested knowledge for /app/data/T0015/307419/b5849in/keystone/examples/document-field-customisation/nextjs-frontend/src/components/CustomRenderer/CustomRenderer.module.css
2026-01-18 18:43:00,324 - Knowledge - INFO - process ingested knowledge for /app/data/T0015/307419/b5849in/keystone/examples/document-field-customisation/nextjs-frontend/src/components/Carousel/Carousel.module.css
2026-01-18 18:43:00,401 - Knowledge - INFO - process ingested knowledge for /app/data/T0015/307419/b5849in/keystone/examples/document-field-customisation/nextjs-frontend/src/components/Tweet/Tweet.module.css
2026-01-18 18:43:00,476 - Knowledge - INFO - process ingested knowledge for /app/data/T0015/307419/b5849in/keystone/examples/document-field-customisation/nextjs-frontend/tsconfig.json
2026-01-18 18:43:02,136 - Knowledge - INFO - Knowledge creation complete
2026-01-18 18:43:02,314 - Knowledge - INFO - ==================================================
2026-01-18 18:43:02,532 - Knowledge - INFO - KNOWLEDGE GRAPH GENERATION PERFORMANCE SUMMARY
2026-01-18 18:43:02,693 - Knowledge - INFO - ==================================================
2026-01-18 18:43:02,863 - Knowledge - INFO - Total processing time: 558.08 seconds (9.30 minutes)
2026-01-18 18:43:03,044 - Knowledge - INFO - Files processed: 0
2026-01-18 18:43:03,240 - Knowledge - INFO - Processing rate: 0.00 files/second
2026-01-18 18:43:03,412 - Knowledge - INFO - 
[TIME_BREAKDOWN]
2026-01-18 18:43:03,592 - Knowledge - INFO - File Reading: 0.00s (0.0%)
2026-01-18 18:43:03,743 - Knowledge - INFO - LLM Processing: 3512.33s (629.4%)
2026-01-18 18:43:03,955 - Knowledge - INFO - MongoDB Operations: 0.00s (0.0%)
2026-01-18 18:43:04,118 - Knowledge - INFO - Redis Operations: 0.00s (0.0%)
2026-01-18 18:43:04,319 - Knowledge - INFO - WebSocket Communication: 47.63s (8.5%)
2026-01-18 18:43:04,483 - Knowledge - INFO - 
[LLM_STATS]
2026-01-18 18:43:04,683 - Knowledge - INFO - Total LLM calls: 143
2026-01-18 18:43:04,893 - Knowledge - INFO - Average LLM response time: 24562ms
2026-01-18 18:43:05,050 - Knowledge - INFO - Average prompt tokens: 5689.7
2026-01-18 18:43:05,257 - Knowledge - INFO - Average completion tokens: 387.0
2026-01-18 18:43:05,414 - Knowledge - INFO - Total prompt tokens: 813622
2026-01-18 18:43:05,584 - Knowledge - INFO - Total completion tokens: 55348
2026-01-18 18:43:05,762 - Knowledge - INFO - Total LLM cost: $0.1035
2026-01-18 18:43:05,924 - Knowledge - INFO - 
[DATABASE_STATS]
2026-01-18 18:43:06,093 - Knowledge - INFO - MongoDB operations: 0
2026-01-18 18:43:06,258 - Knowledge - INFO - Redis operations: 0
2026-01-18 18:43:06,445 - Knowledge - INFO - 
[COMMUNICATION_STATS]
2026-01-18 18:43:06,598 - Knowledge - INFO - WebSocket messages sent: 61
2026-01-18 18:43:06,747 - Knowledge - INFO - Average message size: 146.4 bytes
2026-01-18 18:43:06,916 - Knowledge - INFO - 
[WORKER_STATS]
2026-01-18 18:43:07,088 - Knowledge - INFO - 
[FILE_TYPE_STATS]
2026-01-18 18:43:07,241 - Knowledge - INFO - 
[SLOWEST_FILES]
2026-01-18 18:43:07,407 - Knowledge - INFO - ==================================================
2026-01-18 18:43:07,601 - Knowledge - INFO - ==================================================
2026-01-18 18:43:07,759 - Knowledge - INFO - KNOWLEDGE GRAPH GENERATION PERFORMANCE SUMMARY
2026-01-18 18:43:07,950 - Knowledge - INFO - ==================================================
2026-01-18 18:43:08,128 - Knowledge - INFO - Total processing time: 563.42 seconds (9.39 minutes)
2026-01-18 18:43:08,334 - Knowledge - INFO - Files processed: 1306 of 1306
2026-01-18 18:43:08,532 - Knowledge - INFO - Processing rate: 2.32 files/second
2026-01-18 18:43:08,720 - Knowledge - INFO - WebSocket messages sent: 30
2026-01-18 18:43:08,883 - Knowledge - INFO - MongoDB operations: 1306
2026-01-18 18:43:09,060 - Knowledge - INFO - Average MongoDB ops per file: 1.00
2026-01-18 18:43:09,222 - Knowledge - INFO - LLM costs: $0.1230
2026-01-18 18:43:09,392 - Knowledge - INFO - Prompt tokens: 961528
2026-01-18 18:43:09,536 - Knowledge - INFO - Completion tokens: 67193
2026-01-18 18:43:09,737 - Knowledge - INFO - Updating org costs, total cost: 0.12303000000000004
2026-01-18 18:43:10,938 - Knowledge - INFO - [WEBSOCKET] Sent: Type=progress_update, Size: 272, Duration: 0ms
2026-01-18 18:43:11,099 - Knowledge - INFO - Saving knowledge to Redis...
2026-01-18 18:43:12,328 - Knowledge - INFO - Knowledge saved to Redis successfully
